alert_number,alert_name,list_type,firm_name,address_raw,state,country,product_code,product_desc,date_published,notes,source_url,extraction_date
28-02,Black Pepper from India (DWPE),countrywide_blanket,,,,INDIA,28 A - - 54,"Pepper,Black, Whole (Spice)",,,https://www.accessdata.fda.gov/cms_ia/importalert_90.html,2026-08-10
28-02,Black Pepper from India (DWPE),countrywide_blanket,,,,INDIA,28 B - - 54,"Pepper, Black, Ground, Cracked  (Spice)",,,https://www.accessdata.fda.gov/cms_ia/importalert_90.html,2026-08-10
16-35,Raw and Cooked Shrimp from India (DWPE),countrywide_blanket,,,,INDIA,16 J - B 05,"Shrimp & Prawns, Raw, Fresh, Ambient",,Problems;	filth decomposition and Salmonella,https://www.accessdata.fda.gov/cms_ia/importalert_43.html,2026-08-10
16-35,Raw and Cooked Shrimp from India (DWPE),countrywide_blanket,,,,INDIA,16 X - B 21,"Shrimp and prawns, Aquaculture Harvested Fishery/Seafood Products, Raw, Fresh, Ambient",,Problems;	filth decomposition and Salmonella,https://www.accessdata.fda.gov/cms_ia/importalert_43.html,2026-08-10
16-35,Raw and Cooked Shrimp from India (DWPE),countrywide_blanket,,,,INDIA,16 J - C 05,"Shrimp & Prawns, Raw, Fresh, Refrigerated",,Problems;	filth decomposition and Salmonella,https://www.accessdata.fda.gov/cms_ia/importalert_43.html,2026-08-10
16-35,Raw and Cooked Shrimp from India (DWPE),countrywide_blanket,,,,INDIA,16 X - C 21,"Shrimp and prawns, Aquaculture Harvested Fishery/Seafood Products, Raw, Fresh, Refrigerated",,Problems; filth decomposition and Salmonella,https://www.accessdata.fda.gov/cms_ia/importalert_43.html,2026-08-10
16-35,Raw and Cooked Shrimp from India (DWPE),countrywide_blanket,,,,INDIA,16 J - D 05,"Shrimp & Prawns, Raw - Fresh, Frozen, Natural State",,Problems; filth decomposition and Salmonella,https://www.accessdata.fda.gov/cms_ia/importalert_43.html,2026-08-10
16-35,Raw and Cooked Shrimp from India (DWPE),countrywide_blanket,,,,INDIA,16 X - D 21,"Shrimp and prawns, Aquaculture Harvested Fishery/Seafood Products, Raw - Fresh, Frozen, Natural State",,Problems; filth decomposition and Salmonella,https://www.accessdata.fda.gov/cms_ia/importalert_43.html,2026-08-10
16-35,Raw and Cooked Shrimp from India (DWPE),countrywide_blanket,,,,INDIA,16 J - T 05,"Shrimp & Prawns, Packaged Food (Not Commercially Sterile)",,Problems; filth decomposition and Salmonella,https://www.accessdata.fda.gov/cms_ia/importalert_43.html,2026-08-10
16-35,Raw and Cooked Shrimp from India (DWPE),countrywide_blanket,,,,INDIA,16 X - T 21,"Shrimp and prawns, Aquaculture Harvested Fishery/Seafood Products, Packaged Food (Not Commercially Sterile)",,Problems; filth decomposition and Salmonella,https://www.accessdata.fda.gov/cms_ia/importalert_43.html,2026-08-10
16-35,Raw and Cooked Shrimp from India (DWPE),countrywide_blanket,,,,INDIA,16 J - N 05,"Shrimp & Prawns, Heat Treated",,Problems;	decomposition; ***,https://www.accessdata.fda.gov/cms_ia/importalert_43.html,2026-08-10
16-35,Raw and Cooked Shrimp from India (DWPE),countrywide_blanket,,,,INDIA,16 X - N 21,"Shrimp and prawns, Aquaculture Harvested Fishery/Seafood Products, Heat Treated",,Problems;	decomposition; ***,https://www.accessdata.fda.gov/cms_ia/importalert_43.html,2026-08-10
16-35,Raw and Cooked Shrimp from India (DWPE),green,ALPHA MARINE,"S.No.587 & 589, Gandavaram to Peyyalapalem Road , Gandavaram, Kodavalur (M) SPSR 			, Nellore, 			Andhra Pradesh",Andhra Pradesh,INDIA,,,09/13/2017,,https://www.accessdata.fda.gov/cms_ia/importalert_43.html,2026-08-10
16-35,Raw and Cooked Shrimp from India (DWPE),green,ALPHA MARINE LIMITED,"Unit-1, Sy No. 591, Gandavaram to Peyyalapalem Road , Bodduvaripalem Village, Kammavaripalem Post 			, Nellore, 			Andhra Pradesh",Andhra Pradesh,INDIA,,,11/12/2025,,https://www.accessdata.fda.gov/cms_ia/importalert_43.html,2026-08-10
16-35,Raw and Cooked Shrimp from India (DWPE),green,ANJANEYA SEA FOODS,"6-122A, North Rajupalem Villiage , Kodavaluru Mandal 			, Nalore, 			Andhra Pradesh",Andhra Pradesh,INDIA,,,06/05/2018,,https://www.accessdata.fda.gov/cms_ia/importalert_43.html,2026-08-10
16-35,Raw and Cooked Shrimp from India (DWPE),green,APEX FROZEN FOODS LIMITED,"9 - 79/1 G Ragampeta Village  			, Vadlamuru, 			Andhra Pradesh",Andhra Pradesh,INDIA,,,09/08/2020,,https://www.accessdata.fda.gov/cms_ia/importalert_43.html,2026-08-10
16-35,Raw and Cooked Shrimp from India (DWPE),green,AQUATECH FEED & SEAFOODS PRIVATE LIMITED,"Village - Islampur  			, Howrah, 			West Bengal",West Bengal,INDIA,,,04/06/2026,,https://www.accessdata.fda.gov/cms_ia/importalert_43.html,2026-08-10
16-35,Raw and Cooked Shrimp from India (DWPE),green,AVANTI FROZEN FOODS PRIVATE LIMITED,"Ontimamidi To Hamsavaram Road, Sy No. 13-6, 13-7, 13-8, 7 , Thondangi Mandal, Krishnapuram Village 			, Kakinada, 			Andhra Pradesh",Andhra Pradesh,INDIA,,,03/04/2025,,https://www.accessdata.fda.gov/cms_ia/importalert_43.html,2026-08-10
16-35,Raw and Cooked Shrimp from India (DWPE),green,Accelerated Freeze Drying Company Limited (Unit 2),"Sy No 292 , 14/418 Thuravoor - Kumbalangi Road 			, Ezhupunna, 			Kerala",Kerala,INDIA,,,01/18/2024,,https://www.accessdata.fda.gov/cms_ia/importalert_43.html,2026-08-10
16-35,Raw and Cooked Shrimp from India (DWPE),green,Akshay Food Impex Pvt. Ltd.,"490/1&2 R S No  			, Pamarru, 			Andhra Pradesh",Andhra Pradesh,INDIA,,,05/30/2019,,https://www.accessdata.fda.gov/cms_ia/importalert_43.html,2026-08-10
16-35,Raw and Cooked Shrimp from India (DWPE),green,Alashore Marine Exports,"D1/18(P) D/1/19 D1/20 D1/37 D1/38 D1/39(P) Somnathpur Industrial Estate  			, Balasore, 			Odisha",Odisha,INDIA,,,01/10/2017,,https://www.accessdata.fda.gov/cms_ia/importalert_43.html,2026-08-10
16-35,Raw and Cooked Shrimp from India (DWPE),green,Albys Agro Pvt. Ltd.,"To 2/6 Plot No 2/1  			, Xelpem, 			Goa",Goa,INDIA,,,02/05/2021,,https://www.accessdata.fda.gov/cms_ia/importalert_43.html,2026-08-10
16-35,Raw and Cooked Shrimp from India (DWPE),green,Allana Investments & Trading Co. (Factory Plant 208),"M-2, Taloja Industial Area  			, M I D C Taloja, 			Maharashtra",Maharashtra,INDIA,,,09/18/2009,,https://www.accessdata.fda.gov/cms_ia/importalert_43.html,2026-08-10
16-35,Raw and Cooked Shrimp from India (DWPE),green,Amison Foods Limited,"22/13 88a Aameer (Amir) Complex , Edacochin 			, Cochin, 			Kerala",Kerala,INDIA,,,08/30/2023,,https://www.accessdata.fda.gov/cms_ia/importalert_43.html,2026-08-10
16-35,Raw and Cooked Shrimp from India (DWPE),green,Ananda Foods,"R.S. No. 59/1&2, Ramayanapuram , Dirusumarru Village, Bhimavaram Mandal 			, West Godavari District, 			Andhra Pradesh",Andhra Pradesh,INDIA,,,09/18/2009,,https://www.accessdata.fda.gov/cms_ia/importalert_43.html,2026-08-10
16-35,Raw and Cooked Shrimp from India (DWPE),green,Aparna Marine Exports,"387 - 4 389 2 Survey No: 387 - 3a1  			, Buddam, 			Andhra Pradesh",Andhra Pradesh,INDIA,,,11/16/2023,,https://www.accessdata.fda.gov/cms_ia/importalert_43.html,2026-08-10
16-35,Raw and Cooked Shrimp from India (DWPE),green,Apex Frozen Foods Pvt Ltd,"3 - 160 Panasapadu  			, Kakinada, 			Andhra Pradesh",Andhra Pradesh,INDIA,,,12/17/2012,,https://www.accessdata.fda.gov/cms_ia/importalert_43.html,2026-08-10
16-35,Raw and Cooked Shrimp from India (DWPE),green,Aquatica Frozen Foods Global Pvt. Ltd.,"SY No 235/3 & 4, 236/1, 237/1, Nayunipalli Village Challareddypalem , Vetapalem Post 			, Prakasam, 			Andhra Pradesh",Andhra Pradesh,INDIA,,,05/03/2017,,https://www.accessdata.fda.gov/cms_ia/importalert_43.html,2026-08-10
16-35,Raw and Cooked Shrimp from India (DWPE),green,Arya Sea Foods Private Limited,"R S No 417/3 & 417/4 .BUDHARAYADU , CHERUVU VILLAGE, KONITHIWAOA PANCHAYAT 			, West Godavari, 			Andhra Pradesh",Andhra Pradesh,INDIA,,,07/24/2017,,https://www.accessdata.fda.gov/cms_ia/importalert_43.html,2026-08-10
16-35,Raw and Cooked Shrimp from India (DWPE),green,Asvini Fisheries,"No. 522 Ramachandrapuram Village , Pazhayakayal 			, Tuticorin, 			Tamil Nadu",Tamil Nadu,INDIA,,,09/18/2009,,https://www.accessdata.fda.gov/cms_ia/importalert_43.html,2026-08-10
16-35,Raw and Cooked Shrimp from India (DWPE),green,Asvini Fisheries Private Limited,"626/1 Dirusumarru Rd , Enamaduru Post 			, Bhimavaram, 			Andhra Pradesh",Andhra Pradesh,INDIA,,,01/17/2017,,https://www.accessdata.fda.gov/cms_ia/importalert_43.html,2026-08-10
16-35,Raw and Cooked Shrimp from India (DWPE),green,Avanti Frozen Foods Private Limited,"Gopalapuram Village, Ravulapalem Mandal , Dr. B. R. Ambedkar Konaseema District 			, East Godavari, 			Andhra Pradesh",Andhra Pradesh,INDIA,,,07/01/2016,,https://www.accessdata.fda.gov/cms_ia/importalert_43.html,2026-08-10
16-35,Raw and Cooked Shrimp from India (DWPE),green,Avanti Frozen Foods Private Limited,"Sy. No 342, 360 & 362 , Yerravaram Village Yeleswaram Mandal 			, East Godavari, 			Andhra Pradesh",Andhra Pradesh,INDIA,,,01/17/2018,,https://www.accessdata.fda.gov/cms_ia/importalert_43.html,2026-08-10
16-35,Raw and Cooked Shrimp from India (DWPE),green,Ayshwarya Sea Food Private Limited,"4/364 B Anna Road  			, Palavakkam, 			Tamil Nadu",Tamil Nadu,INDIA,,,09/18/2009,,https://www.accessdata.fda.gov/cms_ia/importalert_43.html,2026-08-10
16-35,Raw and Cooked Shrimp from India (DWPE),green,B B Estates & Exports Pvt. Ltd,"Plot No. 150, Malipara , Champajhar 			, Khurdha, 			Orissa",Orissa,INDIA,,,05/02/2018,,https://www.accessdata.fda.gov/cms_ia/importalert_43.html,2026-08-10
16-35,Raw and Cooked Shrimp from India (DWPE),green,B-ONE BUSINESS HOUSE PVT. LTD.,"6236 Plot No: 3891 , Mouza: Srikona 			, Balasore, 			Odisha",Odisha,INDIA,,,05/23/2025,,https://www.accessdata.fda.gov/cms_ia/importalert_43.html,2026-08-10
16-35,Raw and Cooked Shrimp from India (DWPE),green,B-ONE BUSINESS HOUSE PVT. LTD.,"Idco Plot No.27, Sea Food Park, At: Haridamada , Khurda 			, Bhubaneswar, 			Orissa",Orissa,INDIA,,,07/16/2019,,https://www.accessdata.fda.gov/cms_ia/importalert_43.html,2026-08-10
16-35,Raw and Cooked Shrimp from India (DWPE),green,BABY MARINE PRODUCTS,"22/44 Harbour View  			, Malpe, 			Karnataka",Karnataka,INDIA,,,09/18/2009,,https://www.accessdata.fda.gov/cms_ia/importalert_43.html,2026-08-10
16-35,Raw and Cooked Shrimp from India (DWPE),green,BARAKA OVERSEAS TRADERS,"Pb No.1204, Beach Road , Ullal, Mangalore, Karnataka, India 			, Mangalore, 			Karnataka",Karnataka,INDIA,,,09/18/2009,,https://www.accessdata.fda.gov/cms_ia/importalert_43.html,2026-08-10
16-35,Raw and Cooked Shrimp from India (DWPE),green,BASU INTERNATIONAL UNIT V,"Jagaibasan, P.O-Digha,P.S-Digha Mohana Coa , Stal Dist.-Purba Medinipur 			, West Bengal,",,INDIA,,,02/10/2025,,https://www.accessdata.fda.gov/cms_ia/importalert_43.html,2026-08-10
16-35,Raw and Cooked Shrimp from India (DWPE),green,BMR Industries Private Limited,"A To D1 , 230/21 S No 198 			, Damavaram, 			Andhra Pradesh",Andhra Pradesh,INDIA,,,12/15/2015,,https://www.accessdata.fda.gov/cms_ia/importalert_43.html,2026-08-10
16-35,Raw and Cooked Shrimp from India (DWPE),green,BRC MARINE PRODUCTS,"Plot No. 288/1123 And 1124, Narasinghprasad , P.O. Dosinga, Via. Dhamara 			, Bhadrak, 			Orissa",Orissa,INDIA,,,11/10/2025,,https://www.accessdata.fda.gov/cms_ia/importalert_43.html,2026-08-10
16-35,Raw and Cooked Shrimp from India (DWPE),green,Balaji Bio Tech Limited,"Vakadu (Thupillipalem) Village , Vakadu Mandal 			, Nellore, 			Andhra Pradesh",Andhra Pradesh,INDIA,,,09/18/2009,,https://www.accessdata.fda.gov/cms_ia/importalert_43.html,2026-08-10
16-35,Raw and Cooked Shrimp from India (DWPE),green,Balaji Seafoods Exports (India) Ltd.,"107 Bandikavanoor Village  			, Chennai, 			Tamil Nadu",Tamil Nadu,INDIA,,,09/18/2009,,https://www.accessdata.fda.gov/cms_ia/importalert_43.html,2026-08-10
16-35,Raw and Cooked Shrimp from India (DWPE),green,Bluepark Seafoods (PVT) Ltd.,"Krishna District  			, Kurumaddali Village, 			Andhra Pradesh",Andhra Pradesh,INDIA,,,10/23/2009,,https://www.accessdata.fda.gov/cms_ia/importalert_43.html,2026-08-10
16-35,Raw and Cooked Shrimp from India (DWPE),green,Brilliant Exports,"Po 909  			, Cochin,",,INDIA,,,09/18/2009,,https://www.accessdata.fda.gov/cms_ia/importalert_43.html,2026-08-10
16-35,Raw and Cooked Shrimp from India (DWPE),green,CHOICE CANNING COMPANY,"21 / 1391 - A,  Thangal Nagar, Pashnithode Palam , Palluruthy, Cochin 			, Cochin, 			Kerala",Kerala,INDIA,,,09/18/2009,,https://www.accessdata.fda.gov/cms_ia/importalert_43.html,2026-08-10
16-35,Raw and Cooked Shrimp from India (DWPE),green,CORLIM MARINE EXPORTS PVT.LTD.,"25 - 32 Plot Nos  			, Vasco Da Gama, 			Goa",Goa,INDIA,,,10/18/2019,,https://www.accessdata.fda.gov/cms_ia/importalert_43.html,2026-08-10
16-35,Raw and Cooked Shrimp from India (DWPE),green,Calcutta Seafoods Pvt. Ltd,"174 Hemanta Basu Sarani  			, Kolkata, 			West Bengal",West Bengal,INDIA,,,09/18/2009,,https://www.accessdata.fda.gov/cms_ia/importalert_43.html,2026-08-10
16-35,Raw and Cooked Shrimp from India (DWPE),green,Capithan Exporting Company,"Port Road  			, Sakthikulangara, 			Kerala",Kerala,INDIA,,,05/10/2016,,https://www.accessdata.fda.gov/cms_ia/importalert_43.html,2026-08-10
16-35,Raw and Cooked Shrimp from India (DWPE),green,Castlerock Fisheries,"Road No 18 , B - 31/34 Wagle Estate No 1 Road 			, Thane, 			Maharashtra",Maharashtra,INDIA,,,06/28/2023,,https://www.accessdata.fda.gov/cms_ia/importalert_43.html,2026-08-10
16-35,Raw and Cooked Shrimp from India (DWPE),green,Castlerock Fisheries Pvt Ltd.,"M 33/34 - 1, MIDC, Taloja Industrial Area, Dist. Raigad  			, Taloja, 			Maharashtra",Maharashtra,INDIA,,,09/18/2009,,https://www.accessdata.fda.gov/cms_ia/importalert_43.html,2026-08-10
16-35,Raw and Cooked Shrimp from India (DWPE),green,Cham Ice and Cold Storage,"Bokhira So Post Office , Po Box 47 			, Bokhira, 			Gujarat",Gujarat,INDIA,,,09/18/2009,,https://www.accessdata.fda.gov/cms_ia/importalert_43.html,2026-08-10
16-35,Raw and Cooked Shrimp from India (DWPE),green,Cherukattu Industries (Marine Division),"AP-IV/470 A , Arookutty Ferry Road 			, Cherthala, 			Kerala",Kerala,INDIA,,,09/18/2009,,https://www.accessdata.fda.gov/cms_ia/importalert_43.html,2026-08-10
16-35,Raw and Cooked Shrimp from India (DWPE),green,Choice Canning Company Unit III,"R.Sy. No. 2/4,5,3/1,2,3,4,4/1 And 4/4 Potukuru(V) Magam Road , Ainavilli, (M) 			, East Godavari, 			Andhra Pradesh",Andhra Pradesh,INDIA,,,05/02/2023,,https://www.accessdata.fda.gov/cms_ia/importalert_43.html,2026-08-10
16-35,Raw and Cooked Shrimp from India (DWPE),green,Choice trading corporation PVT. LTD,"389 - 2h 389 - 2c 389 - 2d 387 - 1a Yazali Village And Post , Survey No 389 - 3 			, Karlapalem, 			Andhra Pradesh",Andhra Pradesh,INDIA,,,04/11/2025,,https://www.accessdata.fda.gov/cms_ia/importalert_43.html,2026-08-10
16-35,Raw and Cooked Shrimp from India (DWPE),green,Coastal Aqua Private Limited,"1-164 Patharlagadda  			, Kakinada, 			Andhra Pradesh",Andhra Pradesh,INDIA,,,07/21/2017,,https://www.accessdata.fda.gov/cms_ia/importalert_43.html,2026-08-10
16-35,Raw and Cooked Shrimp from India (DWPE),green,Coastal Corporation Limited - Unit 2,"87 Survey No, Dharmavaram Village , S. Rayavaram Yelamachil 			, Vishakhapatnam, 			Andhra Pradesh",Andhra Pradesh,INDIA,,,10/23/2013,,https://www.accessdata.fda.gov/cms_ia/importalert_43.html,2026-08-10
16-35,Raw and Cooked Shrimp from India (DWPE),green,Coastal Corporation Ltd Unit III,"Sy. No 208, Plot: D7&8, Kakinada Sez , Ponnada Village, U. Kothapalli Mandal 			, East Godavari, 			Andhra Pradesh",Andhra Pradesh,INDIA,,,07/24/2023,,https://www.accessdata.fda.gov/cms_ia/importalert_43.html,2026-08-10
16-35,Raw and Cooked Shrimp from India (DWPE),green,Coastal Corporation Ltd.,"Marikavalasa Village  			, Paradesipalem, 			Andhra Pradesh",Andhra Pradesh,INDIA,,,07/18/2011,,https://www.accessdata.fda.gov/cms_ia/importalert_43.html,2026-08-10
16-35,Raw and Cooked Shrimp from India (DWPE),green,Cochin Frozen Food Exports,"AROOKUTTY FERRY ROAD , AROOR 688 534, ALAPPUZHA DISTRICT 			, Aroor, 			Kerala",Kerala,INDIA,,,09/18/2009,,https://www.accessdata.fda.gov/cms_ia/importalert_43.html,2026-08-10
16-35,Raw and Cooked Shrimp from India (DWPE),green,Cofoods Processors Private Limited,"2 456 3 456 Sy No 456  			, Bapulapadu, 			Andhra Pradesh",Andhra Pradesh,INDIA,,,02/21/2023,,https://www.accessdata.fda.gov/cms_ia/importalert_43.html,2026-08-10
16-35,Raw and Cooked Shrimp from India (DWPE),green,"Coir Trading C.,  Pvt Ltd","Chungom  			, Allappuzha, 			Kerala",Kerala,INDIA,,,09/18/2009,,https://www.accessdata.fda.gov/cms_ia/importalert_43.html,2026-08-10
16-35,Raw and Cooked Shrimp from India (DWPE),green,Crystal Sea Foods Private Limited,"Potti Subbaiah Palem  			, Chirala, 			Andhra Pradesh",Andhra Pradesh,INDIA,,,05/02/2018,,https://www.accessdata.fda.gov/cms_ia/importalert_43.html,2026-08-10
16-35,Raw and Cooked Shrimp from India (DWPE),green,DEVI FISHERIES LIMITED,"Unit 6, D.No 12-275, Seethanagaram Village , Jaggampeta Mandal 			, Kakinada, 			Andhra Pradesh",Andhra Pradesh,INDIA,,,07/22/2025,,https://www.accessdata.fda.gov/cms_ia/importalert_43.html,2026-08-10
16-35,Raw and Cooked Shrimp from India (DWPE),green,DWARAKA SEAFOODS,"SY. NO.265,267,BATLAMACHAVARAM SIVARU, MADDULURU VILLAGE,SANTHANUTHALAPADU MANDAL  			, PRAKASAM DISTRICT, 			Andhra Pradesh",Andhra Pradesh,INDIA,,,11/19/2024,,https://www.accessdata.fda.gov/cms_ia/importalert_43.html,2026-08-10
16-35,Raw and Cooked Shrimp from India (DWPE),green,Devi Fisheries Limited,"D Seethanagaram Village , Unit - 5; No 12-274 			, Jaggampeta, 			Andhra Pradesh",Andhra Pradesh,INDIA,,,10/16/2018,,https://www.accessdata.fda.gov/cms_ia/importalert_43.html,2026-08-10
16-35,Raw and Cooked Shrimp from India (DWPE),green,Devi Fisheries Limited - Unit 4,"Plot no.D4, Sy Nos:208 , Ponnada 			, U Kothapalli Mandal, East Godavari District, 			Andhra Pradesh",Andhra Pradesh,INDIA,,,11/17/2021,,https://www.accessdata.fda.gov/cms_ia/importalert_43.html,2026-08-10
16-35,Raw and Cooked Shrimp from India (DWPE),green,Devi Fisheries Limited II,"3-510 Sarpavaram  			, Kakinada, 			Andhra Pradesh",Andhra Pradesh,INDIA,,,12/02/2012,,https://www.accessdata.fda.gov/cms_ia/importalert_43.html,2026-08-10
16-35,Raw and Cooked Shrimp from India (DWPE),green,Devi Fisheries Limited-Unit 3,"2 - 159 Apsp  			, Panasapadu, 			Andhra Pradesh",Andhra Pradesh,INDIA,,,09/18/2009,,https://www.accessdata.fda.gov/cms_ia/importalert_43.html,2026-08-10
16-35,Raw and Cooked Shrimp from India (DWPE),green,Devi Marine Food Exports Ltd.,"3/284 Muttukadu Road , Neelangarai 			, Chennai, Tamil Nadu, 			Tamil Nadu",Tamil Nadu,INDIA,,,09/18/2009,,https://www.accessdata.fda.gov/cms_ia/importalert_43.html,2026-08-10
16-35,Raw and Cooked Shrimp from India (DWPE),green,Devi Sea Foods Limited,"Unit-3, R.S.No. 741/2P, 742/3P, 745/6P, 7P&8P, 746/3P&4P , NH-16, Peravali Road, Tanuku 			, West Godavari, 			Andhra Pradesh",Andhra Pradesh,INDIA,,,03/14/2025,,https://www.accessdata.fda.gov/cms_ia/importalert_43.html,2026-08-10
16-35,Raw and Cooked Shrimp from India (DWPE),green,Devi Sea Foods Limited,"Unit II, Sy No 80/5, 81/1A , Mulaguntapadu  			, Prakasam, 			Andhra Pradesh",Andhra Pradesh,INDIA,,,08/02/2023,,https://www.accessdata.fda.gov/cms_ia/importalert_43.html,2026-08-10
16-35,Raw and Cooked Shrimp from India (DWPE),green,Devi Sea Foods Limited,"3-79/2 , MOOLAGUNTAPADU , G.T.ROAD SINGARAYAKONDA 			, PRAKASHAM, 			Andhra Pradesh",Andhra Pradesh,INDIA,,,09/18/2009,,https://www.accessdata.fda.gov/cms_ia/importalert_43.html,2026-08-10
16-35,Raw and Cooked Shrimp from India (DWPE),green,Devi Seafoods Limited,"Previously Nh-5 , Peravali Road 			, Tanuku, 			Andhra Pradesh",Andhra Pradesh,INDIA,,,09/18/2009,,https://www.accessdata.fda.gov/cms_ia/importalert_43.html,2026-08-10
16-35,Raw and Cooked Shrimp from India (DWPE),green,Edhayam Frozen Foods PVT Ltd.,"4/91 A&B, Maravan Madam Village , Pudukottai 			, Tuticorin, 			Tamil Nadu",Tamil Nadu,INDIA,,,10/25/2024,,https://www.accessdata.fda.gov/cms_ia/importalert_43.html,2026-08-10
16-35,Raw and Cooked Shrimp from India (DWPE),green,Elite Sea Foods,"Vypeen, Door No. 198, Division 1  			, Kochi, 			Kerala",Kerala,INDIA,,,09/18/2009,,https://www.accessdata.fda.gov/cms_ia/importalert_43.html,2026-08-10
16-35,Raw and Cooked Shrimp from India (DWPE),green,Excellent Fisheries Private Limited,"A Xiii/407  			, Ezhupunna E D, 			Kerala",Kerala,INDIA,,,04/08/2025,,https://www.accessdata.fda.gov/cms_ia/importalert_43.html,2026-08-10
16-35,Raw and Cooked Shrimp from India (DWPE),green,FEDORA SEA FOODS PRIVATE LIMITED,"230 - 231 North Rajupalem Village , Survey No 226 			, Kodavalur, 			Andhra Pradesh",Andhra Pradesh,INDIA,,,08/25/2025,,https://www.accessdata.fda.gov/cms_ia/importalert_43.html,2026-08-10
16-35,Raw and Cooked Shrimp from India (DWPE),green,Falcon Marine Exports Ltd.,"Kantapada , Service Road; National Highway 5 			, Baleshwar, 			Odisha",Odisha,INDIA,,,02/01/2018,,https://www.accessdata.fda.gov/cms_ia/importalert_43.html,2026-08-10
16-35,Raw and Cooked Shrimp from India (DWPE),green,Falcon Marine Exports Ltd.,"Sector - A , 138 Zone - B; Mancheswar 			, Bhubaneswar, 			Odisha",Odisha,INDIA,,,04/08/2015,,https://www.accessdata.fda.gov/cms_ia/importalert_43.html,2026-08-10
16-35,Raw and Cooked Shrimp from India (DWPE),green,Falcon Marine Exports Ltd.,"Village Kharibari , Mudia Hat, 24 Praganas (North) 			, Kolkata, 			West Bengal",West Bengal,INDIA,,,08/10/2016,,https://www.accessdata.fda.gov/cms_ia/importalert_43.html,2026-08-10
16-35,Raw and Cooked Shrimp from India (DWPE),green,Falcon Marine Exports Ltd.,"A 51 B & 51 C Plot No 51  			, Bhubaneswar, 			Odisha",Odisha,INDIA,,,11/18/2014,,https://www.accessdata.fda.gov/cms_ia/importalert_43.html,2026-08-10
16-35,Raw and Cooked Shrimp from India (DWPE),green,Falcon Marine Exports Pvt. Ltd.,"1067 Osic Industrial Area , Paradeep Garh, Jagatsinghapur Dist. Paradeep 			, Paradeep, 			Odisha",Odisha,INDIA,,,07/31/2020,,https://www.accessdata.fda.gov/cms_ia/importalert_43.html,2026-08-10
16-35,Raw and Cooked Shrimp from India (DWPE),green,Fernando Intercontinental,"37 Old Mahabalipuram Road , Padur, Kanchipuram Distt. 			, Tamil Nadu,",,INDIA,,,09/18/2009,,https://www.accessdata.fda.gov/cms_ia/importalert_43.html,2026-08-10
16-35,Raw and Cooked Shrimp from India (DWPE),green,Five Star Marine Exports Pvt. Limited,"Narayana Reddypet , Mypadu Road 			, Nellore, 			Andhra Pradesh",Andhra Pradesh,INDIA,,,01/11/2016,,https://www.accessdata.fda.gov/cms_ia/importalert_43.html,2026-08-10
16-35,Raw and Cooked Shrimp from India (DWPE),green,"Forstar Frozen Foods PVT LTD ,UNIT 2","M 53, Midc Industrial Area , Taloja 			, Navi Mumbai, 			Maharashtra",Maharashtra,INDIA,,,09/18/2009,,https://www.accessdata.fda.gov/cms_ia/importalert_43.html,2026-08-10
16-35,Raw and Cooked Shrimp from India (DWPE),green,GEO Seafoods,"P.B. NO 906 , PALLURUTHY 			, Kochi-682006, 			KERALA",KERALA,INDIA,,,09/29/2009,,https://www.accessdata.fda.gov/cms_ia/importalert_43.html,2026-08-10
16-35,Raw and Cooked Shrimp from India (DWPE),green,GKS Business Associates,"Gks Complex, Arookutty Ferry Road , Alleppey District 			, Aroor, 			Kerala",Kerala,INDIA,,,09/18/2009,,https://www.accessdata.fda.gov/cms_ia/importalert_43.html,2026-08-10
16-35,Raw and Cooked Shrimp from India (DWPE),green,Gadre Marine Export,"3298 - A Mirya Road  			, Ratnagiri, 			Maharashtra",Maharashtra,INDIA,,,11/19/2015,,https://www.accessdata.fda.gov/cms_ia/importalert_43.html,2026-08-10
16-35,Raw and Cooked Shrimp from India (DWPE),green,Geo Aquatic Products(P) Ltd.,"Veluthully Road, Chandiroor  			, Alleppey,",,INDIA,,,09/18/2009,,https://www.accessdata.fda.gov/cms_ia/importalert_43.html,2026-08-10
16-35,Raw and Cooked Shrimp from India (DWPE),green,Global Sea Foods and Hotels Ltd. (Plant),"9/72 Pithapuram Road  			, Kakinada,",,INDIA,,,09/18/2009,,https://www.accessdata.fda.gov/cms_ia/importalert_43.html,2026-08-10
16-35,Raw and Cooked Shrimp from India (DWPE),green,Godavari Mega Aqua Food Park Pvt Ltd,"R.S. No. 799 , Tundurru Village, Bhimavaram Mandal 			, West Godavari, 			Andhra Pradesh",Andhra Pradesh,INDIA,,,09/03/2021,,https://www.accessdata.fda.gov/cms_ia/importalert_43.html,2026-08-10
16-35,Raw and Cooked Shrimp from India (DWPE),green,Green Asia Impex Private Limited,"677/2a1, Uguturu, Unguturu Mandal  			, West Godavari District, 			Andhra Pradesh",Andhra Pradesh,INDIA,,,02/07/2025,,https://www.accessdata.fda.gov/cms_ia/importalert_43.html,2026-08-10
16-35,Raw and Cooked Shrimp from India (DWPE),green,Growel Processors Private Limited,"S No 8/6  			, Singarayapalem, 			Andhra Pradesh",Andhra Pradesh,INDIA,,,05/01/2017,,https://www.accessdata.fda.gov/cms_ia/importalert_43.html,2026-08-10
16-35,Raw and Cooked Shrimp from India (DWPE),green,HIGHLAND AGRO FOOD PRIVATE LIMITED,"Plot No. 347-358, Gadabhanga Khantapada  			, Balasore, 			Odisha",Odisha,INDIA,,,09/29/2023,,https://www.accessdata.fda.gov/cms_ia/importalert_43.html,2026-08-10
16-35,Raw and Cooked Shrimp from India (DWPE),green,HINDUSTAN LEVER LIMITED,"Industrial Estate  			, Aroor, 			Derala",Derala,INDIA,,,09/18/2009,,https://www.accessdata.fda.gov/cms_ia/importalert_43.html,2026-08-10
16-35,Raw and Cooked Shrimp from India (DWPE),green,HN Indigos Pvt. Ltd.,"C5/8 Udyognagar  			, Maroli, 			Gujarat",Gujarat,INDIA,,,01/31/2018,,https://www.accessdata.fda.gov/cms_ia/importalert_43.html,2026-08-10
16-35,Raw and Cooked Shrimp from India (DWPE),green,Hari Marine Pvt Ltd,"At Biruan, P.O. Seragarh  			, Balasore, 			Orissa",Orissa,INDIA,,,06/08/2018,,https://www.accessdata.fda.gov/cms_ia/importalert_43.html,2026-08-10
16-35,Raw and Cooked Shrimp from India (DWPE),green,Haripriya Marine Export,"Budharyadu Cheruvu., Konithiwasa , (Village) Veeravasaram Mandal 			, Wg Dt, 			Andhra Pradesh",Andhra Pradesh,INDIA,,,11/28/2018,,https://www.accessdata.fda.gov/cms_ia/importalert_43.html,2026-08-10
16-35,Raw and Cooked Shrimp from India (DWPE),green,Hyson Exports Private Limited,"Plot No:6&7, Apiic Industrial Park, Mambattu , Kadalur Village, Tirupati District 			, Sullurpet,",,INDIA,,,06/29/2020,,https://www.accessdata.fda.gov/cms_ia/importalert_43.html,2026-08-10
16-35,Raw and Cooked Shrimp from India (DWPE),green,IFB AGRO INDUSTRIES,"Plot No Ind - 5 , Sector-1, East Kolkata Township 			, Kolkata, 			West Bengal",West Bengal,INDIA,,,09/18/2009,,https://www.accessdata.fda.gov/cms_ia/importalert_43.html,2026-08-10
16-35,Raw and Cooked Shrimp from India (DWPE),green,INNOVATIVE FOODS LIMITED,"Alappuzha District , Kerala 			, Ezhupunna E D, 			Kerala",Kerala,INDIA,,,09/18/2009,,https://www.accessdata.fda.gov/cms_ia/importalert_43.html,2026-08-10
16-35,Raw and Cooked Shrimp from India (DWPE),green,Indo Fisheries,"Rajiv Gandhi Nagar , Harekala 			, Mangalore, 			Karnataka",Karnataka,INDIA,,,08/13/2015,,https://www.accessdata.fda.gov/cms_ia/importalert_43.html,2026-08-10
16-35,Raw and Cooked Shrimp from India (DWPE),green,Indo-Marine Agencies Kerala Pvt Ltd,"Kochangadi Road, P. B. No. 825  			, Kochi, 			Kerala",Kerala,INDIA,,,09/18/2009,,https://www.accessdata.fda.gov/cms_ia/importalert_43.html,2026-08-10
16-35,Raw and Cooked Shrimp from India (DWPE),green,International Freezfish Exports (Unit II),"Ii/809 A P  			, Aroor, 			Kerala",Kerala,INDIA,,,09/18/2009,,https://www.accessdata.fda.gov/cms_ia/importalert_43.html,2026-08-10
16-35,Raw and Cooked Shrimp from India (DWPE),green,JASPER AQUA EXPORTS LIMITED,"Vemulavalasa Village , Anandapuram Mandal 			, VISHAKHAPATNAM, 			Andhra Pradesh",Andhra Pradesh,INDIA,,,09/18/2009,,https://www.accessdata.fda.gov/cms_ia/importalert_43.html,2026-08-10
16-35,Raw and Cooked Shrimp from India (DWPE),green,JAYALAKSHMI SEA FOODS PVT LTD UNIT III,"412/5 Movva Village Andmandal  			, Movva,",,INDIA,,,12/12/2024,,https://www.accessdata.fda.gov/cms_ia/importalert_43.html,2026-08-10
16-35,Raw and Cooked Shrimp from India (DWPE),green,Jagadeesh Marine Exports,"1-174 Komarada Road , Rayalam Village 			, Bhimavaram, West Godavari, 			Andhra Pradesh",Andhra Pradesh,INDIA,,,04/03/2018,,https://www.accessdata.fda.gov/cms_ia/importalert_43.html,2026-08-10
16-35,Raw and Cooked Shrimp from India (DWPE),green,Jayalakshmi Sea Foods Pvt. Ltd.,"No. 267/2 & 268/2 Seesali Village , Kalla Mandal, West Godavari District 			, Bhimavaram, 			Andhra Pradesh",Andhra Pradesh,INDIA,,,05/25/2016,,https://www.accessdata.fda.gov/cms_ia/importalert_43.html,2026-08-10
16-35,Raw and Cooked Shrimp from India (DWPE),green,Jayalakshmi Sea Foods Pvt. Ltd. Unit II,"Rs No. 267/2 & 275/2, Seesali Village , Kalla Mandal, West Godavari District 			, Bhimavaram, 			Andhra Pradesh",Andhra Pradesh,INDIA,,,01/02/2015,,https://www.accessdata.fda.gov/cms_ia/importalert_43.html,2026-08-10
16-35,Raw and Cooked Shrimp from India (DWPE),green,K.N.C. AGRO LIMITED,"Vill - Uttar Sitala Pur P.O. Pichaboni , P.S. Ramnagar, Dist 			, Purba Medinipur, 			West Bengal",West Bengal,INDIA,,,08/25/2017,,https://www.accessdata.fda.gov/cms_ia/importalert_43.html,2026-08-10
16-35,Raw and Cooked Shrimp from India (DWPE),green,KADALKANNY FROZEN FOODS,"3/52-A Krishnarajapuram  			, Tuticorin, 			Tamil Nadu",Tamil Nadu,INDIA,,,09/18/2009,,https://www.accessdata.fda.gov/cms_ia/importalert_43.html,2026-08-10
16-35,Raw and Cooked Shrimp from India (DWPE),green,KALYANEE MARINE,"No 21 Mahabalipuram Road  			, Sholinganallur, 			Tamil Nadu",Tamil Nadu,INDIA,,,09/18/2009,,https://www.accessdata.fda.gov/cms_ia/importalert_43.html,2026-08-10
16-35,Raw and Cooked Shrimp from India (DWPE),green,KINGS MARINE PRODUCTS,"ULIYAKOVIL  			, Kollam, 			Kerala",Kerala,INDIA,,,09/18/2009,,https://www.accessdata.fda.gov/cms_ia/importalert_43.html,2026-08-10
16-35,Raw and Cooked Shrimp from India (DWPE),green,KV Marine Exports,"1/30, Padur Village, Kelambakkam  			, Kanchipuram, 			Tamil Nadu",Tamil Nadu,INDIA,,,09/18/2009,,https://www.accessdata.fda.gov/cms_ia/importalert_43.html,2026-08-10
16-35,Raw and Cooked Shrimp from India (DWPE),green,Kader Exports Private Limited,"1-3/1 to 6 Gollala Koderu, , Palakoderu Mandel, 			, Bhimavaram, 			Andhra Pradesh",Andhra Pradesh,INDIA,,,11/06/2012,,https://www.accessdata.fda.gov/cms_ia/importalert_43.html,2026-08-10
16-35,Raw and Cooked Shrimp from India (DWPE),green,Kader Exports Private Limited Unit 3,"A Block , I.D.A, Autonager 			, Visakhapatnam, 			Andhra Pradesh",Andhra Pradesh,INDIA,,,01/10/2023,,https://www.accessdata.fda.gov/cms_ia/importalert_43.html,2026-08-10
16-35,Raw and Cooked Shrimp from India (DWPE),green,"Kader Exports Private Limited, Unit 04","2/91 Pattinamaruthur village , Tharuvaikulam Post, Tuticorin 			, Pattanamarudur, 			Tamil Nadu",Tamil Nadu,INDIA,,,09/26/2017,,https://www.accessdata.fda.gov/cms_ia/importalert_43.html,2026-08-10
16-35,Raw and Cooked Shrimp from India (DWPE),green,"Kader Exports Private Limited, Unit 2","4-139 Pedaamiram  			, Bhimavaram, 			Andhra Pradesh",Andhra Pradesh,INDIA,,,01/12/2021,,https://www.accessdata.fda.gov/cms_ia/importalert_43.html,2026-08-10
16-35,Raw and Cooked Shrimp from India (DWPE),green,"Kader Exports Private Limited, Unit 5","T.N.F.D.C Freezing Complex  			, Mandapam, 			Tamil Nadu",Tamil Nadu,INDIA,,,09/18/2009,,https://www.accessdata.fda.gov/cms_ia/importalert_43.html,2026-08-10
16-35,Raw and Cooked Shrimp from India (DWPE),green,Kalyan Aqua & Marine Exports India Pvt Ltd,"Keerthipadu Village , Maddipadu Mandal 			, Prakasam, 			Andhra Pradesh",Andhra Pradesh,INDIA,,,11/19/2014,,https://www.accessdata.fda.gov/cms_ia/importalert_43.html,2026-08-10
16-35,Raw and Cooked Shrimp from India (DWPE),green,Karunya Marine Exports Pvt. Ltd.,"Road Mandvi , 12/22 Jai Prabha Housing Society, 80 Ft. 			, Ratnagiri, 			Maharashtra",Maharashtra,INDIA,,,10/05/2015,,https://www.accessdata.fda.gov/cms_ia/importalert_43.html,2026-08-10
16-35,Raw and Cooked Shrimp from India (DWPE),green,Kay Kay Exports,"388 388a Chanthapalam  			, Chellanam, 			Kerala",Kerala,INDIA,,,11/18/2010,,https://www.accessdata.fda.gov/cms_ia/importalert_43.html,2026-08-10
16-35,Raw and Cooked Shrimp from India (DWPE),green,King Fisheries Limited,"Neendakara  			, Kollam,",,INDIA,,,09/18/2009,,https://www.accessdata.fda.gov/cms_ia/importalert_43.html,2026-08-10
16-35,Raw and Cooked Shrimp from India (DWPE),green,Koluthara Exports,"P.B. No. 7 Keltron Road Aroor  			, Alappuzha, 			Kerala",Kerala,INDIA,,,06/28/2021,,https://www.accessdata.fda.gov/cms_ia/importalert_43.html,2026-08-10
16-35,Raw and Cooked Shrimp from India (DWPE),green,LNSK Green House Agro Products LLP,"173 A,B,C & 174/A,B North Rajupalem , Village & Post Kodavuluru Mandal 			, Nellore, Andhra Pradesh, India, 			Andhra Pradesh",Andhra Pradesh,INDIA,,,06/25/2020,,https://www.accessdata.fda.gov/cms_ia/importalert_43.html,2026-08-10
16-35,Raw and Cooked Shrimp from India (DWPE),green,MANGALA MARINE EXIM INDIA PRIVATE LIMITED,"XXII/1388 A-NATIONAL HIGH WAY ROAD , , EDACOCHIN, COCHIN 			, Cochin, 			Kerala",Kerala,INDIA,,,09/18/2009,,https://www.accessdata.fda.gov/cms_ia/importalert_43.html,2026-08-10
16-35,Raw and Cooked Shrimp from India (DWPE),green,MANGALA SEAFOODS,"AROOR INDUSTRIAL AREA , AROOR , ALLEPPY DISTRICT 			, Alleppy, 			Kerala",Kerala,INDIA,,,06/16/2014,,https://www.accessdata.fda.gov/cms_ia/importalert_43.html,2026-08-10
16-35,Raw and Cooked Shrimp from India (DWPE),green,MATARA AQUACULTURE WEST BENGAL PRIVATE LIMITED,"Vill.- Girichak, P.O.-Narghat P.S. , Nandakumar 			, Purba Medinipur, 			West Bengal",West Bengal,INDIA,,,07/09/2025,,https://www.accessdata.fda.gov/cms_ia/importalert_43.html,2026-08-10
16-35,Raw and Cooked Shrimp from India (DWPE),green,MMC EXPORTS LTD,"Choto Paresh Baro Paresh, Mahishbathan, Salt Lake, Sector-V  			, Kolkata, 			West Bengal",West Bengal,INDIA,,,09/29/2020,,https://www.accessdata.fda.gov/cms_ia/importalert_43.html,2026-08-10
16-35,Raw and Cooked Shrimp from India (DWPE),green,MONSUN FOODS PRIVATE LTD,"22/1194 Jetty Road  			, Edakochi, 			Kerala",Kerala,INDIA,,,06/23/2017,,https://www.accessdata.fda.gov/cms_ia/importalert_43.html,2026-08-10
16-35,Raw and Cooked Shrimp from India (DWPE),green,MOURYA AQUEX PRIVATE LIMITED,"#1 - 330/1 Rayalam Village  			, Komarada, 			Andhra Pradesh",Andhra Pradesh,INDIA,,,06/01/2020,,https://www.accessdata.fda.gov/cms_ia/importalert_43.html,2026-08-10
16-35,Raw and Cooked Shrimp from India (DWPE),green,Magnum Estates Limited,"Plot No. 3858, At-Naupalgadi, Mouza: Srikona , PO/PS-Chandipur, Balaramgadi 			, Bhubaneswar, 			Balasore, Orissa",Orissa,INDIA,,,11/27/2018,,https://www.accessdata.fda.gov/cms_ia/importalert_43.html,2026-08-10
16-35,Raw and Cooked Shrimp from India (DWPE),green,Magnum Export,"271 Jessore Road South , Sukantanagar, P.O- Michaelnagar, P.S- Airport, 24 Parganas 			, Kolkata, 			West Bengal",West Bengal,INDIA,,,09/18/2009,,https://www.accessdata.fda.gov/cms_ia/importalert_43.html,2026-08-10
16-35,Raw and Cooked Shrimp from India (DWPE),green,Magnum Sea Foods Limited,"Botanda, Post/P.S. Jankia, Khurda  			, Orissa,",,INDIA,,,01/30/2020,,https://www.accessdata.fda.gov/cms_ia/importalert_43.html,2026-08-10
16-35,Raw and Cooked Shrimp from India (DWPE),green,"Mangala Marine Exim India Pvt. Ltd, (Unit 2)","Industrial Development Area , Alappuzha Dist. 			, Aroor, 			Kerala",Kerala,INDIA,,,08/24/2015,,https://www.accessdata.fda.gov/cms_ia/importalert_43.html,2026-08-10
16-35,Raw and Cooked Shrimp from India (DWPE),green,Mangala Sea Products,"CCXVI/1368, Bhat Memorial Building , Thoppumpady 			, Cochin,",,INDIA,,,09/18/2009,,https://www.accessdata.fda.gov/cms_ia/importalert_43.html,2026-08-10
16-35,Raw and Cooked Shrimp from India (DWPE),green,Mangala Seafoods,"2/691 B, INDUSTRIAL DEVELOPMENT AREA , AROOR, ALAPPUZHA DIST, KERALA 			, ALAPPUZHA, 			Kerala",Kerala,INDIA,,,10/06/2016,,https://www.accessdata.fda.gov/cms_ia/importalert_43.html,2026-08-10
16-35,Raw and Cooked Shrimp from India (DWPE),green,Megaa Moda Pvt. Ltd.,"Sriram Hanuman Gate , Ranihati Amta Road Vill, Po-Islampur 			, Howrah, 			West Bengal",West Bengal,INDIA,,,03/08/2019,,https://www.accessdata.fda.gov/cms_ia/importalert_43.html,2026-08-10
16-35,Raw and Cooked Shrimp from India (DWPE),green,"Milesh Marine Exports Pvt Ltd.,","Door No. 25-9-245/16, Opp: Anjaneya Swamy Temple, , Gollavanithippa Road 			, Bhimavaram, 			Andhra Pradesh",Andhra Pradesh,INDIA,,,01/16/2019,,https://www.accessdata.fda.gov/cms_ia/importalert_43.html,2026-08-10
16-35,Raw and Cooked Shrimp from India (DWPE),green,Milesh Marine Exports Pvt. Ltd.,"Survey No: 83, Munipeda Village , Kruthivennu Mandal 			, Krishna District, 			Andhra Pradesh",Andhra Pradesh,INDIA,,,12/20/2019,,https://www.accessdata.fda.gov/cms_ia/importalert_43.html,2026-08-10
16-35,Raw and Cooked Shrimp from India (DWPE),green,Milsha Agro Exports Pvt Ltd,"Unit No 1 , Benfish Complex 			, Kolkata, 			West Bengal",West Bengal,INDIA,,,04/10/2018,,https://www.accessdata.fda.gov/cms_ia/importalert_43.html,2026-08-10
16-35,Raw and Cooked Shrimp from India (DWPE),green,Milsha Sea Product,"UNIT-02, I.S.F.P.C, BENFISH COMPLEX , CHAKGARIA, 24 Parganas (South) 			, Kolkata, 			West Bengal",West Bengal,INDIA,,,06/17/2020,,https://www.accessdata.fda.gov/cms_ia/importalert_43.html,2026-08-10
16-35,Raw and Cooked Shrimp from India (DWPE),green,"Mindhola Foods, LLP","Block No. 187/A , Village Makhinga,Taluka Palsana 			, Surat, 			Gujarat",Gujarat,INDIA,,,05/08/2020,,https://www.accessdata.fda.gov/cms_ia/importalert_43.html,2026-08-10
16-35,Raw and Cooked Shrimp from India (DWPE),green,Munnangi Seafoods Private Limited,"SY NO/ 475/476/3 477/3 478/481, Zarugumalli Post Zarugumalli Mandal , Zarugumalli 			, Prakasam District, 			Andhra Pradesh",Andhra Pradesh,INDIA,,,04/11/2014,,https://www.accessdata.fda.gov/cms_ia/importalert_43.html,2026-08-10
16-35,Raw and Cooked Shrimp from India (DWPE),green,NEELI AQUA PRIVATE LIMITED,"No 1722/1&3  			, Mani Keswaram, 			Andhra Pradesh",Andhra Pradesh,INDIA,,,07/01/2016,,https://www.accessdata.fda.gov/cms_ia/importalert_43.html,2026-08-10
16-35,Raw and Cooked Shrimp from India (DWPE),green,NEKKANTI SEA FOODS LIMITED,"MARIKAVALASA , PARADESIPALEM 			, VISAKHAPATNAM, 			Andhra Pradesh",Andhra Pradesh,INDIA,,,10/05/2016,,https://www.accessdata.fda.gov/cms_ia/importalert_43.html,2026-08-10
16-35,Raw and Cooked Shrimp from India (DWPE),green,NK Marine Exports LLP,"Dosapadu Puntha Road , 750 Survey No 			, Duvva, 			Andhra Pradesh",Andhra Pradesh,INDIA,,,04/04/2025,,https://www.accessdata.fda.gov/cms_ia/importalert_43.html,2026-08-10
16-35,Raw and Cooked Shrimp from India (DWPE),green,Naga Hanuman Fish Packers,"Survey No 71P & 73P, Palavalasa Village, Anandapuram Mandal  			, Visakhapatnam, 			Andhra Pradesh",Andhra Pradesh,INDIA,,,04/15/2024,,https://www.accessdata.fda.gov/cms_ia/importalert_43.html,2026-08-10
16-35,Raw and Cooked Shrimp from India (DWPE),green,Naik Oceanic Export Pvt Ltd,"82 Emca House , G V S Road 			, Mumbai, 			Maharashtra",Maharashtra,INDIA,,,05/13/2020,,https://www.accessdata.fda.gov/cms_ia/importalert_43.html,2026-08-10
16-35,Raw and Cooked Shrimp from India (DWPE),green,Nekkanti Sea Foods Limited,"Jayaprada Apartments , #1 Nowroji Road 			, Visakhapatnam, 			Andhra Pradesh",Andhra Pradesh,INDIA,,,04/11/2014,,https://www.accessdata.fda.gov/cms_ia/importalert_43.html,2026-08-10
16-35,Raw and Cooked Shrimp from India (DWPE),green,Nekkanti Sea Foods Limited,"Ethakota Village , Ravulapalem Mandal 			, East Godavari District, 			Andhra Pradesh",Andhra Pradesh,INDIA,,,09/18/2009,,https://www.accessdata.fda.gov/cms_ia/importalert_43.html,2026-08-10
16-35,Raw and Cooked Shrimp from India (DWPE),green,Nekkanti Sea Foods Limited,"5b Survey No 248  			, J Thimmapuram, 			Andhra Pradesh",Andhra Pradesh,INDIA,,,11/21/2016,,https://www.accessdata.fda.gov/cms_ia/importalert_43.html,2026-08-10
16-35,Raw and Cooked Shrimp from India (DWPE),green,Nezami Rekha Seafoods Private Limited,"Benfish Complex , Unit 10 			, Kolkata, 			West Bengal",West Bengal,INDIA,,,08/29/2013,,https://www.accessdata.fda.gov/cms_ia/importalert_43.html,2026-08-10
16-35,Raw and Cooked Shrimp from India (DWPE),green,Nila Sea Foods Exports,"646 Pannavayal Po  			, Nainankulam, 			Tamil Nadu",Tamil Nadu,INDIA,,,07/31/2023,,https://www.accessdata.fda.gov/cms_ia/importalert_43.html,2026-08-10
16-35,Raw and Cooked Shrimp from India (DWPE),green,Nila Seafoods Pvt. Ltd.,"137, Pudurpandiapuram  			, Tuticorin, 			Tamil Nadu",Tamil Nadu,INDIA,,,06/01/2015,,https://www.accessdata.fda.gov/cms_ia/importalert_43.html,2026-08-10
16-35,Raw and Cooked Shrimp from India (DWPE),green,Oceanic Edible International Ltd,"809 Pudukuppam Village , Survey No 			, Marakkanam, 			Tamil Nadu",Tamil Nadu,INDIA,,,12/19/2013,,https://www.accessdata.fda.gov/cms_ia/importalert_43.html,2026-08-10
16-35,Raw and Cooked Shrimp from India (DWPE),green,PADINJARETHALACKAL PLANTATIONS PRIVATE LIMITED,"Chemmeens Junction , Karuvelipady Road 			, Kochi, 			Kerala",Kerala,INDIA,,,09/18/2009,,https://www.accessdata.fda.gov/cms_ia/importalert_43.html,2026-08-10
16-35,Raw and Cooked Shrimp from India (DWPE),green,PENVER PRODUCTS LIMITED,"Voduru Village , Chillakur Mandal 			, Nellore District, 			Andhra Pradesh",Andhra Pradesh,INDIA,,,08/30/2019,,https://www.accessdata.fda.gov/cms_ia/importalert_43.html,2026-08-10
16-35,Raw and Cooked Shrimp from India (DWPE),green,PENVER PRODUCTS PVT.LTD.,"18 / 139 - A Palaruthy, Fn , Pulimuttu Palam Rd 			, Kochi, 			Kerala",Kerala,INDIA,,,09/18/2009,,https://www.accessdata.fda.gov/cms_ia/importalert_43.html,2026-08-10
16-35,Raw and Cooked Shrimp from India (DWPE),green,POYILAKADA FISHERIES PVT LTD,"41 P B No  			, Kollam, 			Kerala",Kerala,INDIA,,,09/18/2009,,https://www.accessdata.fda.gov/cms_ia/importalert_43.html,2026-08-10
16-35,Raw and Cooked Shrimp from India (DWPE),green,Pasupati Aquatics Pvt. Ltd.,"Vill: Haria, Atmaramchak J.L. No:131 , Po: Haria. Ps: Khejuri. Dist: Purba Medinipur 			, Haria, 			West Bengal",West Bengal,INDIA,,,09/27/2023,,https://www.accessdata.fda.gov/cms_ia/importalert_43.html,2026-08-10
16-35,Raw and Cooked Shrimp from India (DWPE),green,Penver Products Limited,"AP II/688, INDUSTRIAL ESTATE, AROOR  			, ALAPPUZHA,",,INDIA,,,09/18/2009,,https://www.accessdata.fda.gov/cms_ia/importalert_43.html,2026-08-10
16-35,Raw and Cooked Shrimp from India (DWPE),green,Premier Exports International,"unknown  			, Kochi, 			Kerala",Kerala,INDIA,,,09/18/2009,,https://www.accessdata.fda.gov/cms_ia/importalert_43.html,2026-08-10
16-35,Raw and Cooked Shrimp from India (DWPE),green,RDR EXPORTS,"243/3 Seesali Village, Kalla Mandel , West Godavari District 			, Bhimavaram, 			Andhra Pradesh",Andhra Pradesh,INDIA,,,09/18/2009,,https://www.accessdata.fda.gov/cms_ia/importalert_43.html,2026-08-10
16-35,Raw and Cooked Shrimp from India (DWPE),green,RVR MARINE PRODUCTS LTD,"R.S No:35/4 & 5 , Kopalle Village, Kalla Mandal 			, Bhimavaram, 			Andhra Pradesh",Andhra Pradesh,INDIA,,,09/18/2009,,https://www.accessdata.fda.gov/cms_ia/importalert_43.html,2026-08-10
16-35,Raw and Cooked Shrimp from India (DWPE),green,Rank Industries,"Kodavaluru (Mandal) Nellore District  			, Nellore,",,INDIA,,,09/18/2009,,https://www.accessdata.fda.gov/cms_ia/importalert_43.html,2026-08-10
16-35,Raw and Cooked Shrimp from India (DWPE),green,"Ravi Fisheries, Ltd.","C-36, Wagle Industrial Estate  			, Bombay,",,INDIA,,,09/18/2009,,https://www.accessdata.fda.gov/cms_ia/importalert_43.html,2026-08-10
16-35,Raw and Cooked Shrimp from India (DWPE),green,Razban Seafood Pvt Ltd,"Unit II , 770 			, Kolkata, 			West Bengal",West Bengal,INDIA,,,12/07/2017,,https://www.accessdata.fda.gov/cms_ia/importalert_43.html,2026-08-10
16-35,Raw and Cooked Shrimp from India (DWPE),green,Royal Imports & Exports,"No 329/1,2, 330/1,2,3,332/1, 413/2 Bendapudi Village , Thondangi Mandalam 			, East Godavari, 			Andhra Pradesh",Andhra Pradesh,INDIA,,,08/09/2019,,https://www.accessdata.fda.gov/cms_ia/importalert_43.html,2026-08-10
16-35,Raw and Cooked Shrimp from India (DWPE),green,Royal Oceans,"AP XII/528 Old NH Chandiroor , Alapuzha District 			, Alapuzha, 			Kerala",Kerala,INDIA,,,04/06/2021,,https://www.accessdata.fda.gov/cms_ia/importalert_43.html,2026-08-10
16-35,Raw and Cooked Shrimp from India (DWPE),green,Royale Marine Impex Pvt. Ltd.,"98 A Tulasi Nagar , Kavurivaripalem 			, Chirala Mandal, 			Andhra Pradesh",Andhra Pradesh,INDIA,,,01/18/2024,,https://www.accessdata.fda.gov/cms_ia/importalert_43.html,2026-08-10
16-35,Raw and Cooked Shrimp from India (DWPE),green,S.A. Exports,"Kamduni More, Vill. Khoribari , PO Kamduni Kirtipur No II Gram Panchayat PS Barasat 			, North 24 Parganas, 			West Bengal",West Bengal,INDIA,,,01/24/2014,,https://www.accessdata.fda.gov/cms_ia/importalert_43.html,2026-08-10
16-35,Raw and Cooked Shrimp from India (DWPE),green,SADAF SEA FOODS,"I S F P C Benfish Complex , Unit 5 			, Kolkata, 			West Bengal",West Bengal,INDIA,,,05/26/2020,,https://www.accessdata.fda.gov/cms_ia/importalert_43.html,2026-08-10
16-35,Raw and Cooked Shrimp from India (DWPE),green,"SAGAR GRANDHI EXPORTS (P) LTD., UNIT- II","DUGARAJUPATNAM ROAD, CHITTEDU VILLAGE , KOTA MANDAL S.P.S.R NELLORE DISTRICT, AP 			, S.P.S.R NELLORE, 			Andhra Pradesh",Andhra Pradesh,INDIA,,,09/04/2013,,https://www.accessdata.fda.gov/cms_ia/importalert_43.html,2026-08-10
16-35,Raw and Cooked Shrimp from India (DWPE),green,SAI MARINE EXPORTS PRIVATE,"S.NO. 247 & 248 NARAYANA REDDY , NELLORE RURAL MANDAL 			, Nellore, 			Andhra Pradesh",Andhra Pradesh,INDIA,,,09/18/2009,,https://www.accessdata.fda.gov/cms_ia/importalert_43.html,2026-08-10
16-35,Raw and Cooked Shrimp from India (DWPE),green,SANDHYA AQUA EXPORTS PVT LTD,"KSEZ, R.SY NO 208, PLOT NO D5,D6, PONNADA VILLAGE, U.KOTHAPALLI MANDAL , U.Kothapalli Mandal 			, EAST GODAVARI, Andhra Pradesh,,",,INDIA,,,06/23/2023,,https://www.accessdata.fda.gov/cms_ia/importalert_43.html,2026-08-10
16-35,Raw and Cooked Shrimp from India (DWPE),green,SANDHYA MARINES LIMITED,"118 119 127 - 130 Palakole Mandal , R.S. No. 117, 118, 119, 127 & 130, Poolapalli Village, Palakole Mandal 			, West Godavari, 			Andhra Pradesh",Andhra Pradesh,INDIA,,,07/13/2026,,https://www.accessdata.fda.gov/cms_ia/importalert_43.html,2026-08-10
16-35,Raw and Cooked Shrimp from India (DWPE),green,SNOW WORLD MARINE EXPORTS PRIVATE LIMITED,"BAHAL, REMUNA  			, Baleshwar, 			Odisha",Odisha,INDIA,,,09/02/2025,,https://www.accessdata.fda.gov/cms_ia/importalert_43.html,2026-08-10
16-35,Raw and Cooked Shrimp from India (DWPE),green,SOUTHERN TROPICAL FOODS PVT LTD,"Survey No.11, K.Bitragunta Village , Zarugumalli Mandal 			, Prakasam District, 			Andhra Pradesh",Andhra Pradesh,INDIA,,,09/19/2017,,https://www.accessdata.fda.gov/cms_ia/importalert_43.html,2026-08-10
16-35,Raw and Cooked Shrimp from India (DWPE),green,SPRINT EXPORTS PRIVATE LIMITED,"Vellanki, Boddapalem Post , Anandapuram Mandal 			, Visakhapatnam, 			Andhra Pradesh",Andhra Pradesh,INDIA,,,11/04/2013,,https://www.accessdata.fda.gov/cms_ia/importalert_43.html,2026-08-10
16-35,Raw and Cooked Shrimp from India (DWPE),green,SPRINT EXPORTS PVT LTD,"Ocean Park Apartment , Beach Road 			, Visakhapatnam, 			Andhra Pradesh",Andhra Pradesh,INDIA,,,02/25/2014,,https://www.accessdata.fda.gov/cms_ia/importalert_43.html,2026-08-10
16-35,Raw and Cooked Shrimp from India (DWPE),green,"SRI SAKKTHI COLD STOREGE PVT. LTD., ( UNIT 1 )","35 Kazhipattur Village , Old Mahabalipuram Road; I T High Way Road 			, Chennai, 			Tamil Nadu",Tamil Nadu,INDIA,,,09/18/2009,,https://www.accessdata.fda.gov/cms_ia/importalert_43.html,2026-08-10
16-35,Raw and Cooked Shrimp from India (DWPE),green,SSF LIMITED,"NO.13-15D SUJATHANAGAR , Pendurthy 			, VISAKHAPATNAM, 			Andhra Pradesh",Andhra Pradesh,INDIA,,,10/22/2018,,https://www.accessdata.fda.gov/cms_ia/importalert_43.html,2026-08-10
16-35,Raw and Cooked Shrimp from India (DWPE),green,Sagar Grandhi Exports Pvt Ltd,"Old Singarayakonda , Nh5 			, Kalikivaya, 			Andhra Pradesh",Andhra Pradesh,INDIA,,,06/29/2018,,https://www.accessdata.fda.gov/cms_ia/importalert_43.html,2026-08-10
16-35,Raw and Cooked Shrimp from India (DWPE),green,Sai Marine Exports Private Limited-Unit II,"No 350 - 351 Visakhapatnam District  			, S. Rayavaram, 			Andhra Pradesh",Andhra Pradesh,INDIA,,,07/28/2021,,https://www.accessdata.fda.gov/cms_ia/importalert_43.html,2026-08-10
16-35,Raw and Cooked Shrimp from India (DWPE),green,Sam Aqua Exports,"127/1 R S No  			, Kurumaddali, 			Andhra Pradesh",Andhra Pradesh,INDIA,,,04/28/2025,,https://www.accessdata.fda.gov/cms_ia/importalert_43.html,2026-08-10
16-35,Raw and Cooked Shrimp from India (DWPE),green,Sanchita Marine Products Pvt. Ltd.,"Plot No M - 11  			, Panvel, 			Maharashtra",Maharashtra,INDIA,,,03/11/2021,,https://www.accessdata.fda.gov/cms_ia/importalert_43.html,2026-08-10
16-35,Raw and Cooked Shrimp from India (DWPE),green,Sandhya Aqua Exports Pvt Ltd Unit 2,"NH-65, Kurumaddali Village, Pamarru Mandal  			, Krishna District, 			Andhra Pradesh",Andhra Pradesh,INDIA,,,12/10/2020,,https://www.accessdata.fda.gov/cms_ia/importalert_43.html,2026-08-10
16-35,Raw and Cooked Shrimp from India (DWPE),green,Sandhya Aqua Exports Pvt.Ltd.,"Unit I, Kurumaddali Village  			, Pamarru Mandal, 			Andhra Pradesh",Andhra Pradesh,INDIA,,,09/18/2009,,https://www.accessdata.fda.gov/cms_ia/importalert_43.html,2026-08-10
16-35,Raw and Cooked Shrimp from India (DWPE),green,Sandhya Marines,"32  			, Visakhapatnam, 			Andhra Pradesh",Andhra Pradesh,INDIA,,,09/18/2009,,https://www.accessdata.fda.gov/cms_ia/importalert_43.html,2026-08-10
16-35,Raw and Cooked Shrimp from India (DWPE),green,Sandhya Marines Limited Unit 1,"Door Number 4-295, Poolapalli Village , West Godavari District 			, Palakol, 			Andhra Pradesh",Andhra Pradesh,INDIA,,,10/09/2013,,https://www.accessdata.fda.gov/cms_ia/importalert_43.html,2026-08-10
16-35,Raw and Cooked Shrimp from India (DWPE),green,Sandhya Marines Limited Unit 2,"Door Number 4-300 , Poolapalli Village 			, Palakol, 			Andhra Pradesh",Andhra Pradesh,INDIA,,,03/23/2015,,https://www.accessdata.fda.gov/cms_ia/importalert_43.html,2026-08-10
16-35,Raw and Cooked Shrimp from India (DWPE),green,Seasaga Enterprises Pvt.Ltd,"R25 & R26  			, Navi Mumbai, 			Maharashtra",Maharashtra,INDIA,,,09/18/2009,,https://www.accessdata.fda.gov/cms_ia/importalert_43.html,2026-08-10
16-35,Raw and Cooked Shrimp from India (DWPE),green,"Sharat Industries, Limited","Mahalakshmipuram Village , T.P. Gudur Mandal 			, Nellore, 			Andhra Pradesh",Andhra Pradesh,INDIA,,,11/21/2022,,https://www.accessdata.fda.gov/cms_ia/importalert_43.html,2026-08-10
16-35,Raw and Cooked Shrimp from India (DWPE),green,Shimpo Exports Pvt Ltd,"Unit 3  			, Kolkata, 			West Bengal",West Bengal,INDIA,,,05/13/2014,,https://www.accessdata.fda.gov/cms_ia/importalert_43.html,2026-08-10
16-35,Raw and Cooked Shrimp from India (DWPE),green,Shree Datt Aquaculture Farms,"270/1 At & Post Talodh  			, Gandevi, 			Gujarat",Gujarat,INDIA,,,12/03/2014,,https://www.accessdata.fda.gov/cms_ia/importalert_43.html,2026-08-10
16-35,Raw and Cooked Shrimp from India (DWPE),green,Sigma Seafoods,"PLOT NO 12 , PHASE III, industrial Development Area, ADB ROAD , PEDDAPURAM , ANDHRA PRADESH 			, Peddapuram, 			Andhra Pradesh",Andhra Pradesh,INDIA,,,01/03/2024,,https://www.accessdata.fda.gov/cms_ia/importalert_43.html,2026-08-10
16-35,Raw and Cooked Shrimp from India (DWPE),green,Sreeragam Exports Pvt. Ltd.,"Champagarh , Nayagarh 			, Chandpur, 			Odisha",Odisha,INDIA,,,06/26/2023,,https://www.accessdata.fda.gov/cms_ia/importalert_43.html,2026-08-10
16-35,Raw and Cooked Shrimp from India (DWPE),green,Sri Sakkthi Cold Storage Pvt.Ltd.,"5 Pundy Venkatesa Street  			, Chennai, 			Tamil Nadu",Tamil Nadu,INDIA,,,09/18/2009,,https://www.accessdata.fda.gov/cms_ia/importalert_43.html,2026-08-10
16-35,Raw and Cooked Shrimp from India (DWPE),green,Star Agro Marine Exports Private Limited,"Survey No 760-1/761, Deavispet, Indukurpet Mandal  			, Nellore, 			Andhra Pradesh",Andhra Pradesh,INDIA,,,05/01/2012,,https://www.accessdata.fda.gov/cms_ia/importalert_43.html,2026-08-10
16-35,Raw and Cooked Shrimp from India (DWPE),green,Summit Marine Exports Private Limited,"Rs No. 435/1, Near Electrical Sub Station , Akividu Road, Elurupadu Village, Kalla Mandal 			, West Godavari District, 			Andhra Pradesh",Andhra Pradesh,INDIA,,,07/16/2026,,https://www.accessdata.fda.gov/cms_ia/importalert_43.html,2026-08-10
16-35,Raw and Cooked Shrimp from India (DWPE),green,Suryamitra Exim PVT Ltd.,"Unit Ii , No 2/138 D Yanamadurru Village 			, Dirusumarru, 			Andhra Pradesh",Andhra Pradesh,INDIA,,,02/28/2014,,https://www.accessdata.fda.gov/cms_ia/importalert_43.html,2026-08-10
16-35,Raw and Cooked Shrimp from India (DWPE),green,Suryamitra Exim Pvt Ltd,"130 Yanamadurru Village  			, Dirusumarru, 			Andhra Pradesh",Andhra Pradesh,INDIA,,,09/23/2013,,https://www.accessdata.fda.gov/cms_ia/importalert_43.html,2026-08-10
16-35,Raw and Cooked Shrimp from India (DWPE),green,THEVA & CO,"5/55 Senthilam Panni , Padukottai Village 			, Keela Arasadi, 			Tamil Nadu",Tamil Nadu,INDIA,,,02/27/2013,,https://www.accessdata.fda.gov/cms_ia/importalert_43.html,2026-08-10
16-35,Raw and Cooked Shrimp from India (DWPE),green,The Waterbase Limited,"Ananthapuram Village, Nellore District  			, Nellore, 			Andhra Pradesh",Andhra Pradesh,INDIA,,,09/18/2009,,https://www.accessdata.fda.gov/cms_ia/importalert_43.html,2026-08-10
16-35,Raw and Cooked Shrimp from India (DWPE),green,Torry Harris Seafood Ltd.,"# 2 V/143-A, P.B.  			, Eramallor P.O. Alleppey, Kerala, 			Kerala",Kerala,INDIA,,,09/18/2009,,https://www.accessdata.fda.gov/cms_ia/importalert_43.html,2026-08-10
16-35,Raw and Cooked Shrimp from India (DWPE),green,Triveni Food Products Pvt Ltd.,"48/A Gidc  			, Veraval, 			Gujararat",Gujararat,INDIA,,,09/18/2009,,https://www.accessdata.fda.gov/cms_ia/importalert_43.html,2026-08-10
16-35,Raw and Cooked Shrimp from India (DWPE),green,Uniroyal Marine Exports Limited,"Cp 8/495 (11/19) Calicut , Vengalam P. O. 			, Kozikhode (Calicut), 			Kerala",Kerala,INDIA,,,09/18/2009,,https://www.accessdata.fda.gov/cms_ia/importalert_43.html,2026-08-10
16-35,Raw and Cooked Shrimp from India (DWPE),green,Unitriveni Overseas,"Plot No. 150 District-Khurda , At-Champajhar, P.O.Malipada 			, Khurda, 			Orissa",Orissa,INDIA,,,11/15/2016,,https://www.accessdata.fda.gov/cms_ia/importalert_43.html,2026-08-10
16-35,Raw and Cooked Shrimp from India (DWPE),green,V. V. MARINE PRODUCTS,"1 - 69 Tuticorin  			, Agaram, 			Tamil Nadu",Tamil Nadu,INDIA,,,02/04/2016,,https://www.accessdata.fda.gov/cms_ia/importalert_43.html,2026-08-10
16-35,Raw and Cooked Shrimp from India (DWPE),green,VARMA MARINE PRIVATE LIMITED,"Rs.361/1, Vempa Raod, Mogalthur Village , Moglathur Mandal Moglathur 			, West Godavari, 			Andhra Pradesh",Andhra Pradesh,INDIA,,,07/31/2023,,https://www.accessdata.fda.gov/cms_ia/importalert_43.html,2026-08-10
16-35,Raw and Cooked Shrimp from India (DWPE),green,Vasista Marine,"D.NO.3-163, Mogallu Village , Palakoderu Mandal 			, Bhimavaram, 			Andhra Pradesh",Andhra Pradesh,INDIA,,,09/18/2013,,https://www.accessdata.fda.gov/cms_ia/importalert_43.html,2026-08-10
16-35,Raw and Cooked Shrimp from India (DWPE),green,Veejay Impex,"548 Jessore Road  			, Kolkata, 			West Bengal",West Bengal,INDIA,,,03/26/2010,,https://www.accessdata.fda.gov/cms_ia/importalert_43.html,2026-08-10
16-35,Raw and Cooked Shrimp from India (DWPE),green,Veerabhadra Exports,"Survey No: 116, Gurajanapalli , Karapa Mandal 			, Kakinada Rural, 			Andhra Pradesh",Andhra Pradesh,INDIA,,,08/03/2016,,https://www.accessdata.fda.gov/cms_ia/importalert_43.html,2026-08-10
16-35,Raw and Cooked Shrimp from India (DWPE),green,Veerabhadra Exports Private Limited,"264 Lampakalova Village , Survey No 			, Prathipadu, 			Andhra Pradesh",Andhra Pradesh,INDIA,,,03/08/2023,,https://www.accessdata.fda.gov/cms_ia/importalert_43.html,2026-08-10
16-35,Raw and Cooked Shrimp from India (DWPE),green,Victoria Marine Marine & Agro Exports Ltd.,"3rd Floor,Gokul Arcade 2 Sardar Patel Rd  			, Chennai,",,INDIA,,,09/18/2009,,https://www.accessdata.fda.gov/cms_ia/importalert_43.html,2026-08-10
16-35,Raw and Cooked Shrimp from India (DWPE),green,Vinner Marine,"36/A Railway Colony 3rd St.  			, Chennai,",,INDIA,,,09/18/2009,,https://www.accessdata.fda.gov/cms_ia/importalert_43.html,2026-08-10
16-35,Raw and Cooked Shrimp from India (DWPE),green,Voltas International Ltd,"unknown  			, Kochi, 			Bombay",Bombay,INDIA,,,09/18/2009,,https://www.accessdata.fda.gov/cms_ia/importalert_43.html,2026-08-10
16-35,Raw and Cooked Shrimp from India (DWPE),green,WELLCOME FISHERIES LIMITED,"Old No.1/409(New No.4-46) , Vandram Village - Undi Mandalam 			, Bhimavaram - West Godavari District, 			Andhra Pradesh",Andhra Pradesh,INDIA,,,08/29/2012,,https://www.accessdata.fda.gov/cms_ia/importalert_43.html,2026-08-10
16-35,Raw and Cooked Shrimp from India (DWPE),green,West Coast Frozen Foods Private Limited,"Sy. No.: 323 , Village: Orma, Taluk: Olpad 			, Surat, 			Gujarat",Gujarat,INDIA,,,05/04/2011,,https://www.accessdata.fda.gov/cms_ia/importalert_43.html,2026-08-10
16-35,Raw and Cooked Shrimp from India (DWPE),green,West Coast Frozen Foods Private Limited - UNIT II,"Village Orma, Taluka Olpad  			, Surat, 			Gujarat",Gujarat,INDIA,,,04/25/2014,,https://www.accessdata.fda.gov/cms_ia/importalert_43.html,2026-08-10
16-35,Raw and Cooked Shrimp from India (DWPE),green,Z.A. Sea Foods,"Unit No 9 , 24 Benfish Complex 			, Kolkata, 			West Bengal",West Bengal,INDIA,,,12/04/2014,,https://www.accessdata.fda.gov/cms_ia/importalert_43.html,2026-08-10
16-35,Raw and Cooked Shrimp from India (DWPE),green,Zeal Aqua Limited,"Block No. 347, Village - Orma , Taluka -  Olpad, District - Surat 			, Surat, 			Gujarat",Gujarat,INDIA,,,07/27/2021,,https://www.accessdata.fda.gov/cms_ia/importalert_43.html,2026-08-10
16-81,Seafood Products - Salmonella (DWPE),red,ABAD EXIM PVT. LTD.,"Plot No:32&33 , Cochin Special Economic Zone, Kakkanad 			, Kochi, 			Kerala",Kerala,INDIA,,,09/18/2009,,https://www.accessdata.fda.gov/cms_ia/importalert_49.html,2026-08-10
16-81,Seafood Products - Salmonella (DWPE),red,Adani Exports Ltd,"21 A Shakespeare Sarani  			, Kolkata, 			West Bengal",West Bengal,INDIA,,,09/18/2009,,https://www.accessdata.fda.gov/cms_ia/importalert_49.html,2026-08-10
16-81,Seafood Products - Salmonella (DWPE),red,Agri Marine Exports Ltd,"216 B Egnore Coastal High Road  			, Chennai, 			Tamil Nadu",Tamil Nadu,INDIA,,,09/18/2009,,https://www.accessdata.fda.gov/cms_ia/importalert_49.html,2026-08-10
16-81,Seafood Products - Salmonella (DWPE),red,Amalgam Foods Ltd. aka Hindustan Lever Ltd.,"Kuthiathode, Thuravoor , Pin-688 532 			, Alleppey,",,INDIA,,,09/18/2009,,https://www.accessdata.fda.gov/cms_ia/importalert_49.html,2026-08-10
16-81,Seafood Products - Salmonella (DWPE),red,Amison Foods Ltd. (Nippon Foods),"Amisons House , Rameswaram Lane 			, Kochi, 			Kerala",Kerala,INDIA,,,09/18/2009,,https://www.accessdata.fda.gov/cms_ia/importalert_49.html,2026-08-10
16-81,Seafood Products - Salmonella (DWPE),red,Amrut Cold Storage,"Plot No. 1111/1112 G.I.D.C.  			, Veraval, 			Gujarat",Gujarat,INDIA,,,03/23/2012,,https://www.accessdata.fda.gov/cms_ia/importalert_49.html,2026-08-10
16-81,Seafood Products - Salmonella (DWPE),red,Arabian Exports Ltd.,"MIDC  Plot G-3/4  			, Mumbai, 			Maharashtra",Maharashtra,INDIA,,,09/18/2009,,https://www.accessdata.fda.gov/cms_ia/importalert_49.html,2026-08-10
16-81,Seafood Products - Salmonella (DWPE),red,B. S. Sea Foods Pvt Ltd,"17, Jessore Road North, Udayrajpur  			, Kolkata, 			West Bengal",West Bengal,INDIA,,,09/30/2009,,https://www.accessdata.fda.gov/cms_ia/importalert_49.html,2026-08-10
16-81,Seafood Products - Salmonella (DWPE),red,BABY MARINE PRODUCTS,"22/44 Harbour View  			, Malpe, 			Karnataka",Karnataka,INDIA,,,10/22/2009,,https://www.accessdata.fda.gov/cms_ia/importalert_49.html,2026-08-10
16-81,Seafood Products - Salmonella (DWPE),red,Baby Marine Exports,"Box , 91 Temple Rd 			, Kozhikode, 			Kerala",Kerala,INDIA,,,10/22/2009,,https://www.accessdata.fda.gov/cms_ia/importalert_49.html,2026-08-10
16-81,Seafood Products - Salmonella (DWPE),red,"CHOWHAN EXPORTS LTD.,","Opp.bhpv, Mindi Post,d.no.3-2-62, , Andhrapradesh State 			, VISAKHAPATNAM., 			IN-AP",IN-AP,INDIA,,,02/29/2012,,https://www.accessdata.fda.gov/cms_ia/importalert_49.html,2026-08-10
16-81,Seafood Products - Salmonella (DWPE),red,Canaan Marine Products,"P.B. No. 7, Door No. Ap/Xiv-40keltron  			, Kerala,",,INDIA,,,01/24/2014,,https://www.accessdata.fda.gov/cms_ia/importalert_49.html,2026-08-10
16-81,Seafood Products - Salmonella (DWPE),red,Castlerock Fisheries Ltd.,"C - 32 Sang Fasteners Private Limited , Road No.27 			, Thane, 			Maharashtra",Maharashtra,INDIA,,,09/18/2009,,https://www.accessdata.fda.gov/cms_ia/importalert_49.html,2026-08-10
16-81,Seafood Products - Salmonella (DWPE),red,Castlerock Fisheries Pvt Ltd.,"M 33/34 - 1, MIDC, Taloja Industrial Area, Dist. Raigad  			, Taloja, 			Maharashtra",Maharashtra,INDIA,,,09/18/2009,,https://www.accessdata.fda.gov/cms_ia/importalert_49.html,2026-08-10
16-81,Seafood Products - Salmonella (DWPE),red,Cham Ice and Cold Storage,"Bokhira So Post Office , Po Box 47 			, Bokhira, 			Gujarat",Gujarat,INDIA,,,09/18/2009,,https://www.accessdata.fda.gov/cms_ia/importalert_49.html,2026-08-10
16-81,Seafood Products - Salmonella (DWPE),red,DIAMOND SEAFOOD EXPORTS,"3/52 Krishnarajapuram  			, Tuticorin, 			Tamil Nadu",Tamil Nadu,INDIA,,,08/18/2010,,https://www.accessdata.fda.gov/cms_ia/importalert_49.html,2026-08-10
16-81,Seafood Products - Salmonella (DWPE),red,EL TE Marine Products,"Elte Complex, Chandiroor  			, Alappuzha, 			Kerala",Kerala,INDIA,,,03/09/2017,,https://www.accessdata.fda.gov/cms_ia/importalert_49.html,2026-08-10
16-81,Seafood Products - Salmonella (DWPE),red,EL-TE MARINE PRODUCTS,"SEAPEARL COMPLEX , CHANDIROOR, ALAPPUZHA 			, ALAPPUZHA, 			Kerala",Kerala,INDIA,,,03/09/2017,,https://www.accessdata.fda.gov/cms_ia/importalert_49.html,2026-08-10
16-81,Seafood Products - Salmonella (DWPE),red,Eastern Silk Industries Ltd,"19 R N Mukherjee Road  			, Calcutta, 			WB",WB,INDIA,,,09/18/2009,,https://www.accessdata.fda.gov/cms_ia/importalert_49.html,2026-08-10
16-81,Seafood Products - Salmonella (DWPE),red,Economic Food Solutions Pvt.Ltd.,"Plot No 14,  Major Industrial Estate , Kalamassery South 			, Cochin,",,INDIA,,,06/05/2014,,https://www.accessdata.fda.gov/cms_ia/importalert_49.html,2026-08-10
16-81,Seafood Products - Salmonella (DWPE),red,Edhayam Frozen Foods PVT Ltd.,"4/91 A&B, Maravan Madam Village , Pudukottai 			, Tuticorin, 			Tamil Nadu",Tamil Nadu,INDIA,,,09/18/2009,,https://www.accessdata.fda.gov/cms_ia/importalert_49.html,2026-08-10
16-81,Seafood Products - Salmonella (DWPE),red,Everblue Seafoods Pvt. Ltd.,"S 272/2  			, Vellanki, 			Andhra Pradesh",Andhra Pradesh,INDIA,,,06/10/2013,,https://www.accessdata.fda.gov/cms_ia/importalert_49.html,2026-08-10
16-81,Seafood Products - Salmonella (DWPE),red,Excel Ice Services,"29 Mafco Yard Apmc  			, Navi Mumbai, 			Maharashtra",Maharashtra,INDIA,,,09/18/2009,,https://www.accessdata.fda.gov/cms_ia/importalert_49.html,2026-08-10
16-81,Seafood Products - Salmonella (DWPE),red,Excel Ice Services,"7 Cavel Cross Lane  			, Mumbai, 			Maharashtra",Maharashtra,INDIA,,,09/18/2009,,https://www.accessdata.fda.gov/cms_ia/importalert_49.html,2026-08-10
16-81,Seafood Products - Salmonella (DWPE),red,"Forstar Frozen Foods PVT LTD ,UNIT 2","M 53, Midc Industrial Area , Taloja 			, Navi Mumbai, 			Maharashtra",Maharashtra,INDIA,,,02/13/2019,,https://www.accessdata.fda.gov/cms_ia/importalert_49.html,2026-08-10
16-81,Seafood Products - Salmonella (DWPE),red,Frontline Exports Pvt Ltd,"Unknown Street  			, Kochi,",,INDIA,,,09/18/2009,,https://www.accessdata.fda.gov/cms_ia/importalert_49.html,2026-08-10
16-81,Seafood Products - Salmonella (DWPE),red,GVR Exports Pvt. Ltd.,"74 Venkateson Street , Chintadripet 			, Chennai, 			Tamil Nadu",Tamil Nadu,INDIA,,,12/20/2010,,https://www.accessdata.fda.gov/cms_ia/importalert_49.html,2026-08-10
16-81,Seafood Products - Salmonella (DWPE),red,Ganapati Exports Pvt Ltd,"225/D Ballygunge Circular Road  			, Kolkata, 			West Bengal",West Bengal,INDIA,,,09/18/2009,,https://www.accessdata.fda.gov/cms_ia/importalert_49.html,2026-08-10
16-81,Seafood Products - Salmonella (DWPE),red,Inter Continental(India),"1&2 Dr Radha Govind Nath , Kavi Bharati Sarani Road 			, Kolkata, 			West Bengal",West Bengal,INDIA,,,09/18/2009,,https://www.accessdata.fda.gov/cms_ia/importalert_49.html,2026-08-10
16-81,Seafood Products - Salmonella (DWPE),red,International Freezfish Exports (Unit II),"Ii/809 A P  			, Aroor, 			Kerala",Kerala,INDIA,,,08/18/2010,,https://www.accessdata.fda.gov/cms_ia/importalert_49.html,2026-08-10
16-81,Seafood Products - Salmonella (DWPE),red,International Freezfish Exports (Unit II),"Ii/809 A P  			, Aroor, 			Kerala",Kerala,INDIA,,,09/21/2016,,https://www.accessdata.fda.gov/cms_ia/importalert_49.html,2026-08-10
16-81,Seafood Products - Salmonella (DWPE),red,K R SEAFOODS PVT LTD,"1006 - 1007 Gidc , Plot No: 			, Veraval, 			Gujarat",Gujarat,INDIA,,,08/05/2011,,https://www.accessdata.fda.gov/cms_ia/importalert_49.html,2026-08-10
16-81,Seafood Products - Salmonella (DWPE),red,KALP SEA FOODS,"Plot No 30 - 31 , Jawar Road 			, Porbandar, 			Gujarat",Gujarat,INDIA,,,03/24/2026,,https://www.accessdata.fda.gov/cms_ia/importalert_49.html,2026-08-10
16-81,Seafood Products - Salmonella (DWPE),red,"Kader Exports Private Limited, Unit 04","2/91 Pattinamaruthur village , Tharuvaikulam Post, Tuticorin 			, Pattanamarudur, 			Tamil Nadu",Tamil Nadu,INDIA,,,09/18/2009,,https://www.accessdata.fda.gov/cms_ia/importalert_49.html,2026-08-10
16-81,Seafood Products - Salmonella (DWPE),red,"Kader Exports Private Limited, Unit 5","T.N.F.D.C Freezing Complex  			, Mandapam, 			Tamil Nadu",Tamil Nadu,INDIA,,,10/22/2009,,https://www.accessdata.fda.gov/cms_ia/importalert_49.html,2026-08-10
16-81,Seafood Products - Salmonella (DWPE),red,Kalathil Trading & Exports,"1073 Kalathil Erayilkadvu  			, Kottayam,",,INDIA,,,06/13/2012,,https://www.accessdata.fda.gov/cms_ia/importalert_49.html,2026-08-10
16-81,Seafood Products - Salmonella (DWPE),red,Kalp Sea Foods,"R/O Pushpak Railway Station Road  			, Porbandar, 			Gujarat",Gujarat,INDIA,,,03/24/2026,,https://www.accessdata.fda.gov/cms_ia/importalert_49.html,2026-08-10
16-81,Seafood Products - Salmonella (DWPE),red,Kay Kay Exports,"Ravivarma Mandir, T.D. Road  			, Cochin,",,INDIA,,,09/18/2009,,https://www.accessdata.fda.gov/cms_ia/importalert_49.html,2026-08-10
16-81,Seafood Products - Salmonella (DWPE),red,Kerala Food Packers (Props Neroth Oil Mills Co. Ltd,"Nadakadavu Road  			, Kochi, 			Kerala",Kerala,INDIA,,,04/10/2025,,https://www.accessdata.fda.gov/cms_ia/importalert_49.html,2026-08-10
16-81,Seafood Products - Salmonella (DWPE),red,Keshodwala Foods (Unit 1),"Plot No 305 Gidc Estate  			, Veraval, 			Gujarat",Gujarat,INDIA,,,03/18/2011,,https://www.accessdata.fda.gov/cms_ia/importalert_49.html,2026-08-10
16-81,Seafood Products - Salmonella (DWPE),red,Koluthara Exports,"P.B. No. 7 Keltron Road Aroor  			, Alappuzha, 			Kerala",Kerala,INDIA,,,01/24/2014,,https://www.accessdata.fda.gov/cms_ia/importalert_49.html,2026-08-10
16-81,Seafood Products - Salmonella (DWPE),red,LIFAA SEAFOOD EXPORTS,"4/37-2, Keela Arasaradi , , Ottapidaram Taluk 			, Tuticorin, Tamil Nadu,",,INDIA,,,08/25/2025,,https://www.accessdata.fda.gov/cms_ia/importalert_49.html,2026-08-10
16-81,Seafood Products - Salmonella (DWPE),red,MOON FISHERY INDIA PVT LTD,"G255 Cochin  			, Ernakulam, 			Kerala",Kerala,INDIA,,,04/24/2012,,https://www.accessdata.fda.gov/cms_ia/importalert_49.html,2026-08-10
16-81,Seafood Products - Salmonella (DWPE),red,Marble Valley Foods & Beverages Private Limited,"349 Subramaniapuram Eraippuvari Village , Nanguneri Taluk 			, Tirunelveli, 			Tamil Nadu",Tamil Nadu,INDIA,,,09/17/2025,,https://www.accessdata.fda.gov/cms_ia/importalert_49.html,2026-08-10
16-81,Seafood Products - Salmonella (DWPE),red,Mmc Exports Ltd,"33 A, Jl. Nehru Road, 9th Floor  			, Calcutta,",,INDIA,,,03/19/2019,,https://www.accessdata.fda.gov/cms_ia/importalert_49.html,2026-08-10
16-81,Seafood Products - Salmonella (DWPE),red,Moon Fishery (India) Pvt Ltd,"11/722/D, Chemical Industrial Estate , Aroor, Alleppey 			, Kerala,",,INDIA,,,04/30/2012,,https://www.accessdata.fda.gov/cms_ia/importalert_49.html,2026-08-10
16-81,Seafood Products - Salmonella (DWPE),red,Nila Seafoods Pvt. Ltd.,"137, Pudurpandiapuram  			, Tuticorin, 			Tamil Nadu",Tamil Nadu,INDIA,,,01/14/2010,,https://www.accessdata.fda.gov/cms_ia/importalert_49.html,2026-08-10
16-81,Seafood Products - Salmonella (DWPE),red,Nine Up Frozen Foods,"Midc Road , 289 Sbs Road, Fort 			, Taloja, 			Maharashtra",Maharashtra,INDIA,,,08/10/2011,,https://www.accessdata.fda.gov/cms_ia/importalert_49.html,2026-08-10
16-81,Seafood Products - Salmonella (DWPE),red,P.S.V. Trading Private Limited,"""B"" Wing Shiv Dham , G - 1 Shivdham Cooperative Housing 			, Mumbai, 			Maharashtra",Maharashtra,INDIA,,,09/18/2009,,https://www.accessdata.fda.gov/cms_ia/importalert_49.html,2026-08-10
16-81,Seafood Products - Salmonella (DWPE),red,Parayil Food Products Pvt. Ltd.,"Alleppey  			, Aroor, 			Kerala",Kerala,INDIA,,,03/30/2010,,https://www.accessdata.fda.gov/cms_ia/importalert_49.html,2026-08-10
16-81,Seafood Products - Salmonella (DWPE),red,RF Exports,"Eramalloor  			, Alappuzha, 			Kerala",Kerala,INDIA,,,09/18/2009,,https://www.accessdata.fda.gov/cms_ia/importalert_49.html,2026-08-10
16-81,Seafood Products - Salmonella (DWPE),red,Relish Foods,"Valanjavazhy , P B No 20 Allapuzha 5 			, Alleppey, 			Kerala",Kerala,INDIA,,,09/18/2009,,https://www.accessdata.fda.gov/cms_ia/importalert_49.html,2026-08-10
16-81,Seafood Products - Salmonella (DWPE),red,Sarveshwari Exports Pvt.Ltd.,"548 Jessore Road  			, Kolkata, 			West Bengal",West Bengal,INDIA,,,09/18/2009,,https://www.accessdata.fda.gov/cms_ia/importalert_49.html,2026-08-10
16-81,Seafood Products - Salmonella (DWPE),red,Sea Fresh Exports Limited,"P.O. Box No. 9  			, Aroor, 			Kerala",Kerala,INDIA,,,09/18/2009,,https://www.accessdata.fda.gov/cms_ia/importalert_49.html,2026-08-10
16-81,Seafood Products - Salmonella (DWPE),red,Shoes East Ltd,"5  			, New Delhi, 			Delhi",Delhi,INDIA,,,09/18/2009,,https://www.accessdata.fda.gov/cms_ia/importalert_49.html,2026-08-10
16-81,Seafood Products - Salmonella (DWPE),red,"Shroff Processed Food & Cold Storage Pvt., Ltd.","D-145 Madina Mansion, Musaferkhana Road , TTC Industrial Area, Shirvane 			, Maharashtra, 			MS",MS,INDIA,,,09/18/2009,,https://www.accessdata.fda.gov/cms_ia/importalert_49.html,2026-08-10
16-81,Seafood Products - Salmonella (DWPE),red,THEVA & CO,"5/55 Senthilam Panni , Padukottai Village 			, Keela Arasadi, 			Tamil Nadu",Tamil Nadu,INDIA,,,09/18/2009,,https://www.accessdata.fda.gov/cms_ia/importalert_49.html,2026-08-10
16-81,Seafood Products - Salmonella (DWPE),red,UPASANA EXPORTS,"Xxii/1377, Edakochi , Kochi 			, Cochin, 			Kerala",Kerala,INDIA,,,09/18/2009,,https://www.accessdata.fda.gov/cms_ia/importalert_49.html,2026-08-10
16-81,Seafood Products - Salmonella (DWPE),red,VKM FOODS PRIVATE LIMITED,"Plot No. M-54, Taloja MIDC , Dist. Raigad, Taluka - Panvel 			, Navi Mumbai, 			Maharashtra",Maharashtra,INDIA,,,07/09/2025,,https://www.accessdata.fda.gov/cms_ia/importalert_49.html,2026-08-10
16-81,Seafood Products - Salmonella (DWPE),red,Veejay Impex,"548 Jessore Road  			, Kolkata, 			West Bengal",West Bengal,INDIA,,,09/18/2009,,https://www.accessdata.fda.gov/cms_ia/importalert_49.html,2026-08-10
16-81,Seafood Products - Salmonella (DWPE),red,Veejay Impex,"69, Ganesh Chandra Avenue  			, Calcutta,",,INDIA,,,09/18/2009,,https://www.accessdata.fda.gov/cms_ia/importalert_49.html,2026-08-10
16-124,Aquaculture Seafood - Unapproved Drugs (DWPE),red,Nezami Rekha Seafoods Private Limited,"Benfish Complex , Unit 10 			, Kolkata, 			West Bengal",West Bengal,INDIA,,,03/09/2026,,https://www.accessdata.fda.gov/cms_ia/importalert_27.html,2026-08-10
16-124,Aquaculture Seafood - Unapproved Drugs (DWPE),red,Sonia Marine Exports Private Limited,"M-40, Midc, Taloja , Taluka-Panvel, District - Raigad 			, Taloja, 			Maharashtra",Maharashtra,INDIA,,,04/25/2025,,https://www.accessdata.fda.gov/cms_ia/importalert_27.html,2026-08-10
16-129,Seafood Products - Nitrofurans (DWPE),red,Calcutta Seafoods Pvt. Ltd,"174 Hemanta Basu Sarani  			, Kolkata, 			West Bengal",West Bengal,INDIA,,,07/19/2023,,https://www.accessdata.fda.gov/cms_ia/importalert_31.html,2026-08-10
16-129,Seafood Products - Nitrofurans (DWPE),red,Choice Canning Company Unit II (A division of Choice Trading Corporation Pvt Ltd),"Dammanavaripalem Village & Post , Karlapalem Mandal, Guntur District 			, Guntur District, 			Andhra Pradesh",Andhra Pradesh,INDIA,,,05/20/2024,,https://www.accessdata.fda.gov/cms_ia/importalert_31.html,2026-08-10
16-129,Seafood Products - Nitrofurans (DWPE),red,Cochin Frozen Food Exports,"AROOKUTTY FERRY ROAD , AROOR 688 534, ALAPPUZHA DISTRICT 			, Aroor, 			Kerala",Kerala,INDIA,,,03/04/2020,,https://www.accessdata.fda.gov/cms_ia/importalert_31.html,2026-08-10
16-129,Seafood Products - Nitrofurans (DWPE),red,ELQUE VENTURES PRIVATE LIMITED,"BELAPARK UDYARAJPUR, JESSORE ROAD , Madhyamgram, 24-Parganas (N) 			, KOLKATA, 			West Bengal",West Bengal,INDIA,,,07/17/2025,,https://www.accessdata.fda.gov/cms_ia/importalert_31.html,2026-08-10
16-129,Seafood Products - Nitrofurans (DWPE),red,Falcon Marine Exports Ltd.,"A 51 B & 51 C Plot No 51  			, Bhubaneswar, 			Odisha",Odisha,INDIA,,,04/02/2025,,https://www.accessdata.fda.gov/cms_ia/importalert_31.html,2026-08-10
16-129,Seafood Products - Nitrofurans (DWPE),red,K.N.C. AGRO LIMITED,"Vill - Uttar Sitala Pur P.O. Pichaboni , P.S. Ramnagar, Dist 			, Purba Medinipur, 			West Bengal",West Bengal,INDIA,,,06/09/2026,,https://www.accessdata.fda.gov/cms_ia/importalert_31.html,2026-08-10
16-129,Seafood Products - Nitrofurans (DWPE),red,MONSUN FOODS PRIVATE LTD,"22/1194 Jetty Road  			, Edakochi, 			Kerala",Kerala,INDIA,,,04/09/2026,,https://www.accessdata.fda.gov/cms_ia/importalert_31.html,2026-08-10
16-129,Seafood Products - Nitrofurans (DWPE),red,Mangala Sea Products,"CCXVI/1368, Bhat Memorial Building , Thoppumpady 			, Cochin,",,INDIA,,,02/26/2015,,https://www.accessdata.fda.gov/cms_ia/importalert_31.html,2026-08-10
16-129,Seafood Products - Nitrofurans (DWPE),red,RDR EXPORTS,"243/3 Seesali Village, Kalla Mandel , West Godavari District 			, Bhimavaram, 			Andhra Pradesh",Andhra Pradesh,INDIA,,,10/09/2015,,https://www.accessdata.fda.gov/cms_ia/importalert_31.html,2026-08-10
16-129,Seafood Products - Nitrofurans (DWPE),red,RVR MARINE PRODUCTS LTD,"R.S No:35/4 & 5 , Kopalle Village, Kalla Mandal 			, Bhimavaram, 			Andhra Pradesh",Andhra Pradesh,INDIA,,,10/04/2013,,https://www.accessdata.fda.gov/cms_ia/importalert_31.html,2026-08-10
16-129,Seafood Products - Nitrofurans (DWPE),red,Sandhya Aqua Exports Pvt Ltd Unit 2,"NH-65, Kurumaddali Village, Pamarru Mandal  			, Krishna District, 			Andhra Pradesh",Andhra Pradesh,INDIA,,,11/10/2025,,https://www.accessdata.fda.gov/cms_ia/importalert_31.html,2026-08-10
16-129,Seafood Products - Nitrofurans (DWPE),red,Sandhya Aqua Exports Pvt. Ltd.,"A Mig - 25  			, Visakhapatnam, 			Andhra Pradesh",Andhra Pradesh,INDIA,,,11/10/2025,,https://www.accessdata.fda.gov/cms_ia/importalert_31.html,2026-08-10
16-129,Seafood Products - Nitrofurans (DWPE),red,Vasista Marine,"D.NO.3-163, Mogallu Village , Palakoderu Mandal 			, Bhimavaram, 			Andhra Pradesh",Andhra Pradesh,INDIA,,,03/06/2025,,https://www.accessdata.fda.gov/cms_ia/importalert_31.html,2026-08-10
99-19,"Food Products - Salmonella, general (DWPE)",red,A. B. INDUSTRIES,"25 Madhya Marg  			, Chandigarh, 			Chandigarh",Chandigarh,INDIA,,,09/16/2009,,https://www.accessdata.fda.gov/cms_ia/importalert_263.html,2026-08-10
99-19,"Food Products - Salmonella, general (DWPE)",red,AABHAR INTERNATIONAL,"101-B SMIT APTS, OGHADBHAI LANE, M.G.RD , GHATKOPER ( E ) 			, Mumbai, 			Maharashtra",Maharashtra,INDIA,,,09/16/2009,,https://www.accessdata.fda.gov/cms_ia/importalert_263.html,2026-08-10
99-19,"Food Products - Salmonella, general (DWPE)",red,AAKASH GLOBAL FOODS PVT.LTD.,"1 5 16 2 Survey No - 13  			, Bardari, 			Madhya Pradesh",Madhya Pradesh,INDIA,,,01/08/2013,,https://www.accessdata.fda.gov/cms_ia/importalert_263.html,2026-08-10
99-19,"Food Products - Salmonella, general (DWPE)",red,ABHAYA EXPORTS (PVT) LTD.,"C-141 TTC INDUSTRIAL AREA , MIDC PAWANE 			, Navi Mumbai, 			Maharashtra",Maharashtra,INDIA,,,01/26/2024,,https://www.accessdata.fda.gov/cms_ia/importalert_263.html,2026-08-10
99-19,"Food Products - Salmonella, general (DWPE)",red,ABHAYA EXPORTS PVT. LTD.,"D - 374 Ttc Industrial Area , Near Jai Matadi Kata 			, Navi Mumbai, 			Maharashtra",Maharashtra,INDIA,,,09/07/2016,,https://www.accessdata.fda.gov/cms_ia/importalert_263.html,2026-08-10
99-19,"Food Products - Salmonella, general (DWPE)",red,ADANI FOOD PRODUCTS PVT LTD,"Plot # E5B,E6 & E7, B Road, Lodhika GIDC , Kalawad Rd, Vill. Metoda, Dist. Rajkot 			, Rajkot, 			IN-GJ",IN-GJ,INDIA,,,10/02/2009,,https://www.accessdata.fda.gov/cms_ia/importalert_263.html,2026-08-10
99-19,"Food Products - Salmonella, general (DWPE)",red,ADARSH GLOBAL LIMITED,"159, Sajan Nagar  			, Indore, 			Madhya Pradesh",Madhya Pradesh,INDIA,,,09/16/2009,,https://www.accessdata.fda.gov/cms_ia/importalert_263.html,2026-08-10
99-19,"Food Products - Salmonella, general (DWPE)",red,ADF Foods Limited,"77 78 83/86 94 Gidc Industrial Estate  			, Nadiad, 			Gujarat",Gujarat,INDIA,,,09/16/2009,,https://www.accessdata.fda.gov/cms_ia/importalert_263.html,2026-08-10
99-19,"Food Products - Salmonella, general (DWPE)",red,AG EXPORTS,"6th Floor , 34 St George Cathedral Road 			, Chennai, 			Tamil Nadu",Tamil Nadu,INDIA,,,09/16/2009,,https://www.accessdata.fda.gov/cms_ia/importalert_263.html,2026-08-10
99-19,"Food Products - Salmonella, general (DWPE)",red,AGRONIC FOOD PVT. LTD,"Plot No.2, Road #6, K. No.1049/740 , Bansi 2nd Phase 			, Jodhpur, 			Rajasthan",Rajasthan,INDIA,,,03/13/2019,,https://www.accessdata.fda.gov/cms_ia/importalert_263.html,2026-08-10
99-19,"Food Products - Salmonella, general (DWPE)",red,AKSHAR IMPEX,"B-106, CHITRA APT., S.N. ROAD, , TAMBE NAGAR, MULUND (W) 			, Mumbai, 			Maharashtra",Maharashtra,INDIA,,,01/08/2021,,https://www.accessdata.fda.gov/cms_ia/importalert_263.html,2026-08-10
99-19,"Food Products - Salmonella, general (DWPE)",red,AMBE NS Agro Products Pvt Ltd,"Plot No 33/34 , Loni Road 			, Ghaziabad, 			Uttar Pradesh",Uttar Pradesh,INDIA,,,05/18/2026,,https://www.accessdata.fda.gov/cms_ia/importalert_263.html,2026-08-10
99-19,"Food Products - Salmonella, general (DWPE)",red,ASIAN FOOD INDUSTRIES,"N.H.No 8 Opp Escorts Tractors , At P.O.Dabhan 			, Nadiad, 			Gujarat",Gujarat,INDIA,,,09/16/2009,,https://www.accessdata.fda.gov/cms_ia/importalert_263.html,2026-08-10
99-19,"Food Products - Salmonella, general (DWPE)",red,Abhaya Exports Pvt. Ltd.,"1st Floor , 2a Grant Street 			, Kolkata, 			West Bengal",West Bengal,INDIA,,,07/22/2015,,https://www.accessdata.fda.gov/cms_ia/importalert_263.html,2026-08-10
99-19,"Food Products - Salmonella, general (DWPE)",red,Amira Tanna Industries Private Limited,"Tal Kalol , 727 - 728 District Of Gandhinagar; Moti Bhoyan Road 			, Kalol Sub-District, 			Gujarat",Gujarat,INDIA,,,12/07/2010,,https://www.accessdata.fda.gov/cms_ia/importalert_263.html,2026-08-10
99-19,"Food Products - Salmonella, general (DWPE)",red,Ancient Greenfields,"4/159-A2, Vadavalli to Kanuvai Road , Kalappanaickenpalayam 			, Coimbatore, 			Tamil Nadu",Tamil Nadu,INDIA,,,05/13/2016,,https://www.accessdata.fda.gov/cms_ia/importalert_263.html,2026-08-10
99-19,"Food Products - Salmonella, general (DWPE)",red,Anil & Company,"212 Adamji Bldg, 413 Narshi Natha St. , Katha Bazar 			, Mumbai, 			Maharashtra",Maharashtra,INDIA,,,09/16/2009,,https://www.accessdata.fda.gov/cms_ia/importalert_263.html,2026-08-10
99-19,"Food Products - Salmonella, general (DWPE)",red,Anil & Company,"M I D C , Turbhe Pipe Line Road; T. T. C. Industries Road 			, Navi Mumbai, 			Maharashtra",Maharashtra,INDIA,,,10/19/2016,,https://www.accessdata.fda.gov/cms_ia/importalert_263.html,2026-08-10
99-19,"Food Products - Salmonella, general (DWPE)",red,Anna Aluminium Company Pvt Ltd (Spices Division),"11 - 1 Aluva  			, Kizhakkambalam, 			Kerala",Kerala,INDIA,,,10/31/2013,,https://www.accessdata.fda.gov/cms_ia/importalert_263.html,2026-08-10
99-19,"Food Products - Salmonella, general (DWPE)",red,Arise Exports Pvt Ltd,"99 Market Yard  			, Unjha,",,INDIA,,,09/16/2009,,https://www.accessdata.fda.gov/cms_ia/importalert_263.html,2026-08-10
99-19,"Food Products - Salmonella, general (DWPE)",red,Aryan Food Ingredients Limited,"D - 184  			, Delhi, 			Delhi",Delhi,INDIA,,,04/03/2026,,https://www.accessdata.fda.gov/cms_ia/importalert_263.html,2026-08-10
99-19,"Food Products - Salmonella, general (DWPE)",red,Atlantic Foods India Private Limited,"Vadakkekai  			, Nilambur, 			Kerala",Kerala,INDIA,,,09/16/2009,,https://www.accessdata.fda.gov/cms_ia/importalert_263.html,2026-08-10
99-19,"Food Products - Salmonella, general (DWPE)",red,Atlantic Foods India Private Limited,"Vadakkekai  			, Nilambur, 			Kerala",Kerala,INDIA,,,09/16/2009,,https://www.accessdata.fda.gov/cms_ia/importalert_263.html,2026-08-10
99-19,"Food Products - Salmonella, general (DWPE)",red,Authentic Overseas,"Ground Floor , K 1/65 			, Delhi, 			Delhi",Delhi,INDIA,,,07/01/2019,,https://www.accessdata.fda.gov/cms_ia/importalert_263.html,2026-08-10
99-19,"Food Products - Salmonella, general (DWPE)",red,Avtar Singh & Co Private Ltd (Factory),"A-4B/2 Taloja , M.I.D.C. District 			, Navi Mumbai,",,INDIA,,,09/16/2009,,https://www.accessdata.fda.gov/cms_ia/importalert_263.html,2026-08-10
99-19,"Food Products - Salmonella, general (DWPE)",red,Avtar Singh & Co Pvt Ltd (Office),"391 Narsi Natha Street  			, Mumbai, 			Maharashtra",Maharashtra,INDIA,,,09/16/2009,,https://www.accessdata.fda.gov/cms_ia/importalert_263.html,2026-08-10
99-19,"Food Products - Salmonella, general (DWPE)",red,B.C. Exports,"D - 235  			, New Delhi, 			Delhi",Delhi,INDIA,,,09/16/2009,,https://www.accessdata.fda.gov/cms_ia/importalert_263.html,2026-08-10
99-19,"Food Products - Salmonella, general (DWPE)",red,BADSHAH MASALA PRIVATE LIMITED,"Plot No. A1/179, A1/180, 199/2 , Gidc, Umargam, Valsad 			, Valsad, 			Gujarat",Gujarat,INDIA,,,10/22/2024,,https://www.accessdata.fda.gov/cms_ia/importalert_263.html,2026-08-10
99-19,"Food Products - Salmonella, general (DWPE)",red,BHRIGU FOODS LLP,"508 510 & 514 Survey No 507  			, Bharuch Sub-District, 			Gujarat",Gujarat,INDIA,,,02/12/2024,,https://www.accessdata.fda.gov/cms_ia/importalert_263.html,2026-08-10
99-19,"Food Products - Salmonella, general (DWPE)",red,BIKAJI FOODS INTERNATIONAL LIMITED,"E-558-561, C-569-572, E-573-577, F-585-592 , Karni Extension, Riico Industrial Area 			, Bikaner, 			Rajasthan",Rajasthan,INDIA,,,06/27/2022,,https://www.accessdata.fda.gov/cms_ia/importalert_263.html,2026-08-10
99-19,"Food Products - Salmonella, general (DWPE)",red,BIKANERVALA FOODS P LTD,"A - 28  			, New Delhi, 			Delhi",Delhi,INDIA,,,02/02/2012,,https://www.accessdata.fda.gov/cms_ia/importalert_263.html,2026-08-10
99-19,"Food Products - Salmonella, general (DWPE)",red,BIKANERVALA FOODS PVT. LTD.,"Plot No.42 , Ecotech II, Udyog Vihar 			, Greater Noida, 			Uttar Pradesh",Uttar Pradesh,INDIA,,,07/31/2017,,https://www.accessdata.fda.gov/cms_ia/importalert_263.html,2026-08-10
99-19,"Food Products - Salmonella, general (DWPE)",red,BVeg Foods Pvt. Ltd.,"Khasra No. 1//16/2/1, 17/1, 25/1/1/2, 25/2, 26 , Village Bhigan, Tehsil Gannaur 			, Sonipath, 			Haryana",Haryana,INDIA,,,12/30/2024,,https://www.accessdata.fda.gov/cms_ia/importalert_263.html,2026-08-10
99-19,"Food Products - Salmonella, general (DWPE)",red,Bafna Enterprises,"8/141 B Kannamaly P O , Puthenthode Beach Road 			, Kochi, 			Kerala",Kerala,INDIA,,,04/20/2011,,https://www.accessdata.fda.gov/cms_ia/importalert_263.html,2026-08-10
99-19,"Food Products - Salmonella, general (DWPE)",red,Balaji Wafers Pvt Ltd,"Survey No 19 Vad , Kalawad Road 			, Rajkot, 			Gujarat",Gujarat,INDIA,,,02/13/2025,,https://www.accessdata.fda.gov/cms_ia/importalert_263.html,2026-08-10
99-19,"Food Products - Salmonella, general (DWPE)",red,Bikaji Foods International Ltd.,"F-196-197 Bichhwal Industrial Area , Rico Industrial Area, Bikaji Road 			, Bikaner, 			Rajastan",Rajastan,INDIA,,,09/09/2016,,https://www.accessdata.fda.gov/cms_ia/importalert_263.html,2026-08-10
99-19,"Food Products - Salmonella, general (DWPE)",red,Brahmins Foods India Private Ltd,"KINFRA INDUSTRIAL PARK , NELLAD, ERNAKULAM DT 			, Muvattupuzha, 			Kerala",Kerala,INDIA,,,07/16/2013,,https://www.accessdata.fda.gov/cms_ia/importalert_263.html,2026-08-10
99-19,"Food Products - Salmonella, general (DWPE)",red,Brahmins Foods India Pvt. Ltd.,"Manakkad P.O.  			, Thodupuzha, 			IDUKKI Kerala",IDUKKI Kerala,INDIA,,,10/30/2013,,https://www.accessdata.fda.gov/cms_ia/importalert_263.html,2026-08-10
99-19,"Food Products - Salmonella, general (DWPE)",red,CHARMINAR FOODS & EXPORTS PVT LTD,"5-29/8, SHAREEF NAGAR, RCI ROAD , RR DISTRICT , HYDERABAD 			, HYDERABAD, 			IN-TG",IN-TG,INDIA,,,03/20/2015,,https://www.accessdata.fda.gov/cms_ia/importalert_263.html,2026-08-10
99-19,"Food Products - Salmonella, general (DWPE)",red,CM Tech & Traders,"1st Floor , Bharthiyar Road; 9 P N Palayam Road 			, Coimbatore, 			Tamil Nadu",Tamil Nadu,INDIA,,,04/24/2017,,https://www.accessdata.fda.gov/cms_ia/importalert_263.html,2026-08-10
99-19,"Food Products - Salmonella, general (DWPE)",red,CUCKU ENTERPRISES PVT. LTD.,"G - 12  			, Delhi, 			Delhi",Delhi,INDIA,,,11/19/2013,,https://www.accessdata.fda.gov/cms_ia/importalert_263.html,2026-08-10
99-19,"Food Products - Salmonella, general (DWPE)",red,Charminar Foods & Exports Pvt Ltd.,"6-2-952/1 , Street No 8, Khairatabad 			, Hyderabad, 			Andhra Pradesh",Andhra Pradesh,INDIA,,,10/17/2014,,https://www.accessdata.fda.gov/cms_ia/importalert_263.html,2026-08-10
99-19,"Food Products - Salmonella, general (DWPE)",red,DAKSH FOODS PVT LTD,"B 32 Marketing Yard , Chitra 			, Nari, 			Gujarat",Gujarat,INDIA,,,07/17/2013,,https://www.accessdata.fda.gov/cms_ia/importalert_263.html,2026-08-10
99-19,"Food Products - Salmonella, general (DWPE)",red,DEMOLEN EXPORT PRIVATE LTD.,"Raj Lachmi Hightek Park P4  			, Thana, 			Maharashtra",Maharashtra,INDIA,,,02/19/2016,,https://www.accessdata.fda.gov/cms_ia/importalert_263.html,2026-08-10
99-19,"Food Products - Salmonella, general (DWPE)",red,DEMOLEN EXPORTS PVT LTD,"Ganga Industrial Estate , Shde #6 			, Asangoan, 			Maharashtra",Maharashtra,INDIA,,,09/16/2009,,https://www.accessdata.fda.gov/cms_ia/importalert_263.html,2026-08-10
99-19,"Food Products - Salmonella, general (DWPE)",red,DIVINE GROCERIES PVT. LTD.,"M No 3173 , S No 141/4 			, Nigadi T Satara, 			Maharashtra",Maharashtra,INDIA,,,02/28/2018,,https://www.accessdata.fda.gov/cms_ia/importalert_263.html,2026-08-10
99-19,"Food Products - Salmonella, general (DWPE)",red,Devi Exports Pvt Ltd,"574a Green Industrial Road  			, Amritsar, 			Punjab",Punjab,INDIA,,,01/21/2011,,https://www.accessdata.fda.gov/cms_ia/importalert_263.html,2026-08-10
99-19,"Food Products - Salmonella, general (DWPE)",red,Dharya Enterprise,"182 Nidhi Apartment , Ring Road 			, Ahmedabad, 			Gujarat",Gujarat,INDIA,,,12/05/2023,,https://www.accessdata.fda.gov/cms_ia/importalert_263.html,2026-08-10
99-19,"Food Products - Salmonella, general (DWPE)",red,EVERGREEN EXPORTS,"X1-X2, Rajlaxmi Commercial Complex, , Kalher 			, Bhiwandi, 			Maharashtra",Maharashtra,INDIA,,,06/30/2014,,https://www.accessdata.fda.gov/cms_ia/importalert_263.html,2026-08-10
99-19,"Food Products - Salmonella, general (DWPE)",red,EVERGREEN EXPORTS,"B 723, 7th Floor, Jaswanti Allied Business Centre , Ramchandra lane extension, Kachpada, Malad West, 			, Mumbai,",,INDIA,,,09/13/2018,,https://www.accessdata.fda.gov/cms_ia/importalert_263.html,2026-08-10
99-19,"Food Products - Salmonella, general (DWPE)",red,Eastern Condiments Pvt Ltd,"VI/179A, Eastern Valley , Adimali 			, Idukki, 			Kerala",Kerala,INDIA,,,09/16/2009,,https://www.accessdata.fda.gov/cms_ia/importalert_263.html,2026-08-10
99-19,"Food Products - Salmonella, general (DWPE)",red,Eastern Condiments Pvt Ltd,"Iv/Id, Am Road, Irumalappady , Panipra P.O. 			, Kothamangalam, 			Kerala",Kerala,INDIA,,,03/16/2011,,https://www.accessdata.fda.gov/cms_ia/importalert_263.html,2026-08-10
99-19,"Food Products - Salmonella, general (DWPE)",red,Eastern Condiments Pvt. Ltd,"Mariamman Kovil Patty , Kodangi Patty P.O. 			, Theni, 			Tamil Nadu",Tamil Nadu,INDIA,,,09/16/2009,,https://www.accessdata.fda.gov/cms_ia/importalert_263.html,2026-08-10
99-19,"Food Products - Salmonella, general (DWPE)",red,EcoFarms (India) Ltd,"Survey No 8 , 3 Nagpur Bypass Road 			, Dolamba, 			Maharashtra",Maharashtra,INDIA,,,07/18/2017,,https://www.accessdata.fda.gov/cms_ia/importalert_263.html,2026-08-10
99-19,"Food Products - Salmonella, general (DWPE)",red,Empire Spices & Food Ltd,"PLOT NO. 103, STICE, MUSALGAON, TAL. SINNAR  			, Nashik, 			Maharashtra",Maharashtra,INDIA,,,09/20/2010,,https://www.accessdata.fda.gov/cms_ia/importalert_263.html,2026-08-10
99-19,"Food Products - Salmonella, general (DWPE)",red,Everest Food Products Private Limited,"Survey No.40/P4/P1,40/P6/P1,40p7/P1 At Gangadevi Road , Palgam, Tal. Umbergaon 			, Palgam, 			Gujarat",Gujarat,INDIA,,,04/20/2023,,https://www.accessdata.fda.gov/cms_ia/importalert_263.html,2026-08-10
99-19,"Food Products - Salmonella, general (DWPE)",red,Farmico Exports,"452 Plot No 451 , Central Market Road 			, Nagpur, 			Maharashtra",Maharashtra,INDIA,,,12/22/2010,,https://www.accessdata.fda.gov/cms_ia/importalert_263.html,2026-08-10
99-19,"Food Products - Salmonella, general (DWPE)",red,Frontal Agritech Private Limited,"Jail Road Ambikagiri Nagar  			, Bamun Gaon, 			Assam",Assam,INDIA,,,04/15/2014,,https://www.accessdata.fda.gov/cms_ia/importalert_263.html,2026-08-10
99-19,"Food Products - Salmonella, general (DWPE)",red,G.R.K. and Company,"Alleppey , Vii/ 324a/324b 			, Eramalloor, 			Kerala",Kerala,INDIA,,,09/16/2009,,https://www.accessdata.fda.gov/cms_ia/importalert_263.html,2026-08-10
99-19,"Food Products - Salmonella, general (DWPE)",red,GRB DAIRY FOODS PVT LTD,"Plot No. 45 Sipcot Industrial Compl , Ex, Phase 1 Hosur 			, Tamil Nadu, 			Tamil Nadu",Tamil Nadu,INDIA,,,10/29/2021,,https://www.accessdata.fda.gov/cms_ia/importalert_263.html,2026-08-10
99-19,"Food Products - Salmonella, general (DWPE)",red,GRB DAIRY FOODS PVT LTD,"N 10 Iii Phase , Sidco Industrial Estate 			, Begepalli, 			Tamil Nadu",Tamil Nadu,INDIA,,,10/29/2021,,https://www.accessdata.fda.gov/cms_ia/importalert_263.html,2026-08-10
99-19,"Food Products - Salmonella, general (DWPE)",red,GREEN DOT HEALTH FOODS PVT. LTD,"Khasra No. 64, Shiv Ganga Industrial State , Bhagwanpur 			, Roorkee, 			Uttaranchal",Uttaranchal,INDIA,,,08/07/2018,,https://www.accessdata.fda.gov/cms_ia/importalert_263.html,2026-08-10
99-19,"Food Products - Salmonella, general (DWPE)",red,Ganpati Scientifics,"1/18, Manglam Riico Industrial Area, Sirsi Road , Kakanpura, Jaipur, India 			, Jaipur, 			Rajasthan",Rajasthan,INDIA,,,01/19/2022,,https://www.accessdata.fda.gov/cms_ia/importalert_263.html,2026-08-10
99-19,"Food Products - Salmonella, general (DWPE)",red,Garden Valley Export Corporation,"33 Mc Chidambara  			, Alagianallur, 			Tamil Nadu",Tamil Nadu,INDIA,,,06/23/2010,,https://www.accessdata.fda.gov/cms_ia/importalert_263.html,2026-08-10
99-19,"Food Products - Salmonella, general (DWPE)",red,Gate Foods Private Limited,"76 Plot No , Behind Hotel Green Park 			, Navi Mumbai, 			Maharashtra",Maharashtra,INDIA,,,12/22/2023,,https://www.accessdata.fda.gov/cms_ia/importalert_263.html,2026-08-10
99-19,"Food Products - Salmonella, general (DWPE)",red,Gautam Export Corporation,"D81 Ttc Industrial Area, Midc, Turbhe  			, Mumbai, 			Maharashtra",Maharashtra,INDIA,,,09/16/2009,,https://www.accessdata.fda.gov/cms_ia/importalert_263.html,2026-08-10
99-19,"Food Products - Salmonella, general (DWPE)",red,Gayatri Masala Exporter,"80 Gunj Bazar  			, Nadiad, 			Gujarat",Gujarat,INDIA,,,09/16/2009,,https://www.accessdata.fda.gov/cms_ia/importalert_263.html,2026-08-10
99-19,"Food Products - Salmonella, general (DWPE)",red,Geo-fresh Organic,"Near Bank Of Baroda  			, Khali, 			Gujarat",Gujarat,INDIA,,,09/16/2009,,https://www.accessdata.fda.gov/cms_ia/importalert_263.html,2026-08-10
99-19,"Food Products - Salmonella, general (DWPE)",red,Ghanshyam Exporter,"Gujrat           India  			, Thasra, 			Gujarat",Gujarat,INDIA,,,09/16/2009,,https://www.accessdata.fda.gov/cms_ia/importalert_263.html,2026-08-10
99-19,"Food Products - Salmonella, general (DWPE)",red,Giriraj International,"Plot No. W-139, M.I.D.Ckhaime  			, Navi Mumbi,",,INDIA,,,04/16/2012,,https://www.accessdata.fda.gov/cms_ia/importalert_263.html,2026-08-10
99-19,"Food Products - Salmonella, general (DWPE)",red,Giriraj International,"D/34 Highway Apts., E.E. Highway , B/H Sion Fort, Sion 			, Mumbai,",,INDIA,,,04/16/2012,,https://www.accessdata.fda.gov/cms_ia/importalert_263.html,2026-08-10
99-19,"Food Products - Salmonella, general (DWPE)",red,Giriraj International,"Jasmin Apts , Express Highway, Behind Sion Fort 			, Mumbai, 			Maharashtra",Maharashtra,INDIA,,,09/16/2009,,https://www.accessdata.fda.gov/cms_ia/importalert_263.html,2026-08-10
99-19,"Food Products - Salmonella, general (DWPE)",red,Global Exports,"No 16 - 4 - 410  			, Hyderabad, 			Telangana",Telangana,INDIA,,,09/16/2009,,https://www.accessdata.fda.gov/cms_ia/importalert_263.html,2026-08-10
99-19,"Food Products - Salmonella, general (DWPE)",red,Golden Temple Foods Pvt.,"2 Idc Kunjpura Road  			, Karnal,",,INDIA,,,09/16/2009,,https://www.accessdata.fda.gov/cms_ia/importalert_263.html,2026-08-10
99-19,"Food Products - Salmonella, general (DWPE)",red,Grannys Spices INDIA LLP,"22 23 24 Plot No 21 , No 21 Sheri 			, Rajkot, 			Gujarat",Gujarat,INDIA,,,12/10/2019,,https://www.accessdata.fda.gov/cms_ia/importalert_263.html,2026-08-10
99-19,"Food Products - Salmonella, general (DWPE)",red,Green Fiesta Pvt. Ltd,"1 Plot No 25 , Phase 			, Kundli, 			Haryana",Haryana,INDIA,,,09/16/2009,,https://www.accessdata.fda.gov/cms_ia/importalert_263.html,2026-08-10
99-19,"Food Products - Salmonella, general (DWPE)",red,Green Vegetation Extracts (India) L,"33, M.C. Chidambara Nadar Street  			, Virudhunagar, 			TN",TN,INDIA,,,09/16/2009,,https://www.accessdata.fda.gov/cms_ia/importalert_263.html,2026-08-10
99-19,"Food Products - Salmonella, general (DWPE)",red,Grover Sons,"Kazi Sayad Street  			, Mumbai, 			Maharashtra",Maharashtra,INDIA,,,09/16/2009,,https://www.accessdata.fda.gov/cms_ia/importalert_263.html,2026-08-10
99-19,"Food Products - Salmonella, general (DWPE)",red,Gsv International,"Box 3160  			, Mumbai, 			Maharashtra",Maharashtra,INDIA,,,09/16/2009,,https://www.accessdata.fda.gov/cms_ia/importalert_263.html,2026-08-10
99-19,"Food Products - Salmonella, general (DWPE)",red,Gujarat Sesame Exports Co.,"800 Rakapur , Plot No 			, Santej, 			Gujarat",Gujarat,INDIA,,,11/08/2010,,https://www.accessdata.fda.gov/cms_ia/importalert_263.html,2026-08-10
99-19,"Food Products - Salmonella, general (DWPE)",red,H. S. Bajaj & Sons (Bombay) Pvt. Ltd.,"3b Alsa Towers , 186/187 Res Block; Poonamallee High Road 			, Chennai, 			Tamil Nadu",Tamil Nadu,INDIA,,,09/16/2009,,https://www.accessdata.fda.gov/cms_ia/importalert_263.html,2026-08-10
99-19,"Food Products - Salmonella, general (DWPE)",red,H.S. ENTERPRISES,"1/6347  			, New Delhi, 			Delhi",Delhi,INDIA,,,09/16/2009,,https://www.accessdata.fda.gov/cms_ia/importalert_263.html,2026-08-10
99-19,"Food Products - Salmonella, general (DWPE)",red,HALDIRAM SNACKS PVT LTD,"A - 12a  			, Noida, 			Uttar Pradesh",Uttar Pradesh,INDIA,,,03/13/2025,,https://www.accessdata.fda.gov/cms_ia/importalert_263.html,2026-08-10
99-19,"Food Products - Salmonella, general (DWPE)",red,HALDIRAM SNACKS PVT. LTD.,"A-11 Sector 68  			, Noida, 			Uttar Pradesh",Uttar Pradesh,INDIA,,,01/10/2023,,https://www.accessdata.fda.gov/cms_ia/importalert_263.html,2026-08-10
99-19,"Food Products - Salmonella, general (DWPE)",red,HAMRAZ FOOD PRODUCTS PVT. LTD.,"Block No , 542 Sg Highway 			, Ahmedabad, 			Gujarat",Gujarat,INDIA,,,05/16/2011,,https://www.accessdata.fda.gov/cms_ia/importalert_263.html,2026-08-10
99-19,"Food Products - Salmonella, general (DWPE)",red,HARIHAR FOODS PVT LTD,"519/1 Vatva Gidc Road  			, Ahmedabad, 			Gujarat",Gujarat,INDIA,,,03/10/2010,,https://www.accessdata.fda.gov/cms_ia/importalert_263.html,2026-08-10
99-19,"Food Products - Salmonella, general (DWPE)",red,Haldiram Foods International Pvt. Ltd,"20 Km Stone, Vill. Gumthala, Tah. Kamptee , Kh. No. 404 Bhandara Road 			, Nagpur, 			Maharashtra",Maharashtra,INDIA,,,12/05/2014,,https://www.accessdata.fda.gov/cms_ia/importalert_263.html,2026-08-10
99-19,"Food Products - Salmonella, general (DWPE)",red,Haldiram Manufacturing Co. Pvt. Ltd.,"Village, Kherki- Daula, , Delhi - Jaipur Highway 			, Gurgaon, 			Haryana",Haryana,INDIA,,,10/27/2009,,https://www.accessdata.fda.gov/cms_ia/importalert_263.html,2026-08-10
99-19,"Food Products - Salmonella, general (DWPE)",red,Haldiram Snacks Pvt. Ltd.,"B - 2, Sector 63  			, Noida, 			Uttar Pradesh",Uttar Pradesh,INDIA,,,09/13/2024,,https://www.accessdata.fda.gov/cms_ia/importalert_263.html,2026-08-10
99-19,"Food Products - Salmonella, general (DWPE)",red,Haldiram Snacks Pvt. Ltd.,"B-1 Sector 63  			, Noida, 			Uttar Pradesh",Uttar Pradesh,INDIA,,,11/17/2021,,https://www.accessdata.fda.gov/cms_ia/importalert_263.html,2026-08-10
99-19,"Food Products - Salmonella, general (DWPE)",red,Haldiram Snacks Pvt. Ltd.,"C-3, Sector- 67  			, Noida, 			Uttar Pradesh",Uttar Pradesh,INDIA,,,10/25/2023,,https://www.accessdata.fda.gov/cms_ia/importalert_263.html,2026-08-10
99-19,"Food Products - Salmonella, general (DWPE)",red,Hanuman Industries,"Bagasara Road , Old-Ice Factory 			, Amreli, 			Gujarat",Gujarat,INDIA,,,07/23/2012,,https://www.accessdata.fda.gov/cms_ia/importalert_263.html,2026-08-10
99-19,"Food Products - Salmonella, general (DWPE)",red,Harihar Foods Pvt Ltd,"A-16 Mohan Estate Opp. Anupam Theatre  			, Ahmedabad,",,INDIA,,,08/19/2022,,https://www.accessdata.fda.gov/cms_ia/importalert_263.html,2026-08-10
99-19,"Food Products - Salmonella, general (DWPE)",red,IMPROVA HERBAL PRODUCTS,"112 Gat No  			, Ambethan, 			Maharashtra",Maharashtra,INDIA,,,07/16/2026,,https://www.accessdata.fda.gov/cms_ia/importalert_263.html,2026-08-10
99-19,"Food Products - Salmonella, general (DWPE)",red,INFLUX HEALTHCARE,"109 Ghanshyam Enclave N  			, Mumbai,",,INDIA,,,05/19/2026,,https://www.accessdata.fda.gov/cms_ia/importalert_263.html,2026-08-10
99-19,"Food Products - Salmonella, general (DWPE)",red,ISHA LIFE PRIVATE LIMITED,"Siruvani Street , No 135 Avarampalayam Road 			, Coimbatore, 			Tamil Nadu",Tamil Nadu,INDIA,,,06/10/2025,,https://www.accessdata.fda.gov/cms_ia/importalert_263.html,2026-08-10
99-19,"Food Products - Salmonella, general (DWPE)",red,Ideal Trading Co,"68 - Xv Celery House , Mehta Road 			, Amritsar, 			Punjab",Punjab,INDIA,,,09/16/2009,,https://www.accessdata.fda.gov/cms_ia/importalert_263.html,2026-08-10
99-19,"Food Products - Salmonella, general (DWPE)",red,Impex Diamonds,"302 Dharam Palace , 100/103 Hughes Road 			, Mumbai, 			IN-MH",IN-MH,INDIA,,,09/16/2009,,https://www.accessdata.fda.gov/cms_ia/importalert_263.html,2026-08-10
99-19,"Food Products - Salmonella, general (DWPE)",red,Indexpo Enterprises,"Near Phatak No 21 , 193 Sewak Colony Road 			, Patiala, 			Punjab",Punjab,INDIA,,,09/23/2010,,https://www.accessdata.fda.gov/cms_ia/importalert_263.html,2026-08-10
99-19,"Food Products - Salmonella, general (DWPE)",red,Indica Exporters,"Plot No. 102, Near G.I.D.C.  			, Kheda, 			Gujarat",Gujarat,INDIA,,,09/16/2009,,https://www.accessdata.fda.gov/cms_ia/importalert_263.html,2026-08-10
99-19,"Food Products - Salmonella, general (DWPE)",red,Indo Canadian Foods Pvt Ltd,"4083-B Naya Bazar  			, Delhi,",,INDIA,,,09/16/2009,,https://www.accessdata.fda.gov/cms_ia/importalert_263.html,2026-08-10
99-19,"Food Products - Salmonella, general (DWPE)",red,Indo Canadian Foods Pvt. Ltd.,"36 Milestone Delhi Rohtak Rd.  			, Delhi,",,INDIA,,,09/16/2009,,https://www.accessdata.fda.gov/cms_ia/importalert_263.html,2026-08-10
99-19,"Food Products - Salmonella, general (DWPE)",red,Innovative Cuisine Pvt Ltd,"BLOCK NO. 512, KARJAN VEMARDI ROAD , OPP. COSMOFILMS, VILLAGE-KANDARI 			, VADODARA, 			Gujarat",Gujarat,INDIA,,,06/25/2025,,https://www.accessdata.fda.gov/cms_ia/importalert_263.html,2026-08-10
99-19,"Food Products - Salmonella, general (DWPE)",red,Intergrow Brands Private Limited,"X1-312/Ca (Xiii/241a)Synthite Taste  			, Cochin,",,INDIA,,,11/03/2016,,https://www.accessdata.fda.gov/cms_ia/importalert_263.html,2026-08-10
99-19,"Food Products - Salmonella, general (DWPE)",red,Iyengar & Company,"76 A, Cil Colony, Rmv Extn 2nd Stag  			, Bangalore, 			Karnataka",Karnataka,INDIA,,,09/16/2009,,https://www.accessdata.fda.gov/cms_ia/importalert_263.html,2026-08-10
99-19,"Food Products - Salmonella, general (DWPE)",red,J R SHAH,"Anupam Soc  			, Gujarat.,",,INDIA,,,09/19/2022,,https://www.accessdata.fda.gov/cms_ia/importalert_263.html,2026-08-10
99-19,"Food Products - Salmonella, general (DWPE)",red,J.B. Spices,"C - 1/145/B G I D C Makarpura  			, Vadodara, 			Gujarat",Gujarat,INDIA,,,09/16/2009,,https://www.accessdata.fda.gov/cms_ia/importalert_263.html,2026-08-10
99-19,"Food Products - Salmonella, general (DWPE)",red,JAFFERBHOY SALEHBHOY & CO,"70 Mohammad Ali Road  			, Mumbai, 			Maharashtra",Maharashtra,INDIA,,,08/30/2010,,https://www.accessdata.fda.gov/cms_ia/importalert_263.html,2026-08-10
99-19,"Food Products - Salmonella, general (DWPE)",red,JAYANTKUMAR & CO,"Bhalka Road  			, Veraval, 			Gujarat",Gujarat,INDIA,,,09/16/2009,,https://www.accessdata.fda.gov/cms_ia/importalert_263.html,2026-08-10
99-19,"Food Products - Salmonella, general (DWPE)",red,JKM Enterprise Private Limited,"No 83/4 Thiruneermalai Road  			, Chennai, 			Tamil Nadu",Tamil Nadu,INDIA,,,05/12/2017,,https://www.accessdata.fda.gov/cms_ia/importalert_263.html,2026-08-10
99-19,"Food Products - Salmonella, general (DWPE)",red,Jalaram Gruh Udyog,"2 Laxmi Estate , Opp Khamkar Masala Ghar 			, Mumbai, 			Maharashtra",Maharashtra,INDIA,,,07/27/2026,,https://www.accessdata.fda.gov/cms_ia/importalert_263.html,2026-08-10
99-19,"Food Products - Salmonella, general (DWPE)",red,Jaldhara Super Market,"B - 18 District Shopping Centre  			, Gandhinagar, 			Gujarat",Gujarat,INDIA,,,04/03/2013,,https://www.accessdata.fda.gov/cms_ia/importalert_263.html,2026-08-10
99-19,"Food Products - Salmonella, general (DWPE)",red,K-Pra Foods Private Limited,"870/871 Palashi Village , Near Shirwal Town 			, Pune, 			Maharashtra",Maharashtra,INDIA,,,07/25/2018,,https://www.accessdata.fda.gov/cms_ia/importalert_263.html,2026-08-10
99-19,"Food Products - Salmonella, general (DWPE)",red,K.B.Exports,"Navrang Building  			, Amritsar, 			Punjab",Punjab,INDIA,,,09/16/2009,,https://www.accessdata.fda.gov/cms_ia/importalert_263.html,2026-08-10
99-19,"Food Products - Salmonella, general (DWPE)",red,K.K. ENTERPRISE,"28-B, K.K. HOUSE , UNIT 1 , CHANGODAR INDUSTRIAL ESTATE , TA. SANAND 			, Changodar, AHMEDABAD, 			Gujarat",Gujarat,INDIA,,,08/23/2010,,https://www.accessdata.fda.gov/cms_ia/importalert_263.html,2026-08-10
99-19,"Food Products - Salmonella, general (DWPE)",red,K.K.R. Food Products,"Kalady  			, Chelamattom, 			Kerala",Kerala,INDIA,,,09/16/2009,,https://www.accessdata.fda.gov/cms_ia/importalert_263.html,2026-08-10
99-19,"Food Products - Salmonella, general (DWPE)",red,K.M. Ganatra & Co,"317 Vyapar Shaven P.D'Mello Road  			, Mumbi, 			Maharashtra",Maharashtra,INDIA,,,09/16/2009,,https://www.accessdata.fda.gov/cms_ia/importalert_263.html,2026-08-10
99-19,"Food Products - Salmonella, general (DWPE)",red,K.P.Overseas Manufacture & packing,"C - 49 Phase - Ii , Mashala Market 			, Navi Mumbai, 			Maharashtra",Maharashtra,INDIA,,,03/22/2013,,https://www.accessdata.fda.gov/cms_ia/importalert_263.html,2026-08-10
99-19,"Food Products - Salmonella, general (DWPE)",red,KEVAL EXPORTS PVT LTD,"A355, Trans Thane Creek, Industrial , Plot No.2, Sector 19 D, Opp. Vashi 			, Thane, Maharashtra,",,INDIA,,,07/27/2026,,https://www.accessdata.fda.gov/cms_ia/importalert_263.html,2026-08-10
99-19,"Food Products - Salmonella, general (DWPE)",red,KEVENTER GLOBAL PVT LTD,"PLOT NO-215, GIDC NARODA , PHASE-2 			, Ahmedabad, 			Gujarat",Gujarat,INDIA,,,10/13/2020,,https://www.accessdata.fda.gov/cms_ia/importalert_263.html,2026-08-10
99-19,"Food Products - Salmonella, general (DWPE)",red,KHYATI  ADVISORY SERVICES LTD,"54 Gulmohar Gross Road No 9  			, Mumbai, 			Maharashtra",Maharashtra,INDIA,,,07/17/2024,,https://www.accessdata.fda.gov/cms_ia/importalert_263.html,2026-08-10
99-19,"Food Products - Salmonella, general (DWPE)",red,KITCHEN XPRESS OVERSEAS LTD,"29-P, Santej Vadsar Road , Lol,Dist.Gandhinagar 			, Gujarat,",,INDIA,,,09/16/2009,,https://www.accessdata.fda.gov/cms_ia/importalert_263.html,2026-08-10
99-19,"Food Products - Salmonella, general (DWPE)",red,KRISHNA EXPORTS,"Opp Railway Station  			, Thasra, 			Gujarat",Gujarat,INDIA,,,09/16/2009,,https://www.accessdata.fda.gov/cms_ia/importalert_263.html,2026-08-10
99-19,"Food Products - Salmonella, general (DWPE)",red,KWIK CHEF FOODS (Unit Patfam Marketing Services),"PLOT NO 18 & 19, PHASE I WOOD  			, NANDAMBAKKAM, Chennai, 			Tamil Nadu",Tamil Nadu,INDIA,,,09/16/2009,,https://www.accessdata.fda.gov/cms_ia/importalert_263.html,2026-08-10
99-19,"Food Products - Salmonella, general (DWPE)",red,"Kanaiya Exports Pvt ,Limited","# 99 Ahemedabad  			, Rajkot, 			Gujarat",Gujarat,INDIA,,,08/03/2015,,https://www.accessdata.fda.gov/cms_ia/importalert_263.html,2026-08-10
99-19,"Food Products - Salmonella, general (DWPE)",red,Karan International Ltd,"1003 S C O  			, Chandigarh, 			Chandigarh",Chandigarh,INDIA,,,12/06/2010,,https://www.accessdata.fda.gov/cms_ia/importalert_263.html,2026-08-10
99-19,"Food Products - Salmonella, general (DWPE)",red,Kays Spices And Agro Inds. Ltd.,"Mylapra Road, Pathanamthitta  			, Kerala State,",,INDIA,,,09/16/2009,,https://www.accessdata.fda.gov/cms_ia/importalert_263.html,2026-08-10
99-19,"Food Products - Salmonella, general (DWPE)",red,Keval Exports Pvt. Ltd,"401, 4th Floor, The Ambience Court Plot  			, Mumbai,",,INDIA,,,07/16/2026,,https://www.accessdata.fda.gov/cms_ia/importalert_263.html,2026-08-10
99-19,"Food Products - Salmonella, general (DWPE)",red,Kirit Foods Product,"J - 20 Apmc Market I , Mudi Bazar; Phase 2 			, Mumbai, 			Maharashtra",Maharashtra,INDIA,,,09/16/2009,,https://www.accessdata.fda.gov/cms_ia/importalert_263.html,2026-08-10
99-19,"Food Products - Salmonella, general (DWPE)",red,Kohinoor Foods Ltd,"50 - 51 Milestone G T Road , Murthal 			, Sonipat, 			Haryana",Haryana,INDIA,,,03/14/2017,,https://www.accessdata.fda.gov/cms_ia/importalert_263.html,2026-08-10
99-19,"Food Products - Salmonella, general (DWPE)",red,Kohlico Foods & Beverages Pvt Ltd,"C/O.Automann Agro Pvt Ltd, Plot No. A-146/9, MIDC TTC Industrial Pawane  			, Thane, 			Maharashtra",Maharashtra,INDIA,,,06/06/2013,,https://www.accessdata.fda.gov/cms_ia/importalert_263.html,2026-08-10
99-19,"Food Products - Salmonella, general (DWPE)",red,"Kohlico Foods & Beverages Pvt.Ltd.,","391 Narsi Nath Street , Mahesh Chambers, 1st Floor 			, Mumbai, 			Maharashtra",Maharashtra,INDIA,,,09/09/2024,,https://www.accessdata.fda.gov/cms_ia/importalert_263.html,2026-08-10
99-19,"Food Products - Salmonella, general (DWPE)",red,Kp Overseas,"627 Grohitam Building Opp Dana Bunder  			, Mumbai,",,INDIA,,,03/22/2013,,https://www.accessdata.fda.gov/cms_ia/importalert_263.html,2026-08-10
99-19,"Food Products - Salmonella, general (DWPE)",red,Krrishna Export,"A/703 Greenville Garden Manapada Road  			, Thana,",,INDIA,,,04/28/2014,,https://www.accessdata.fda.gov/cms_ia/importalert_263.html,2026-08-10
99-19,"Food Products - Salmonella, general (DWPE)",red,Kusum Chandra Damodar & Co,"A - 21 Khairane M I D C , Thane Belapur Road 			, Navi Mumbai, 			Maharashtra",Maharashtra,INDIA,,,09/16/2009,,https://www.accessdata.fda.gov/cms_ia/importalert_263.html,2026-08-10
99-19,"Food Products - Salmonella, general (DWPE)",red,LAKHMI ENTERPRISES,"9 New Pan Shreesdhivganga Chs , Ltd, 2nd Floor,Room No.201 Sec; Plot No. 151 			, Mumbai, 			Maharashtra",Maharashtra,INDIA,,,12/07/2010,,https://www.accessdata.fda.gov/cms_ia/importalert_263.html,2026-08-10
99-19,"Food Products - Salmonella, general (DWPE)",red,LAXMICHAND DAYABHAI EXPORT,"R.K. Industrial Zone , Revenue Survey 			, Gujarat,",,INDIA,,,06/24/2021,,https://www.accessdata.fda.gov/cms_ia/importalert_263.html,2026-08-10
99-19,"Food Products - Salmonella, general (DWPE)",red,Lakshmi Trading Company,"1735 Mattancherry,Palace Road  			, Kerala,",,INDIA,,,09/16/2009,,https://www.accessdata.fda.gov/cms_ia/importalert_263.html,2026-08-10
99-19,"Food Products - Salmonella, general (DWPE)",red,Lazeez FoodStuffs,"5 Haji Ismail Building , Room No 25 2nd Floor; Nizam Street; Sankli Street 			, Mumbai, 			Maharashtra",Maharashtra,INDIA,,,09/16/2009,,https://www.accessdata.fda.gov/cms_ia/importalert_263.html,2026-08-10
99-19,"Food Products - Salmonella, general (DWPE)",red,Lokhandwala Exports,"72 Dainik Shivner Road  			, Mumbai, 			Maharashtra",Maharashtra,INDIA,,,09/16/2009,,https://www.accessdata.fda.gov/cms_ia/importalert_263.html,2026-08-10
99-19,"Food Products - Salmonella, general (DWPE)",red,M K Agro Exports,"19-22, A-13, Harihar Complex , Taluka: Bhiwandi, Dist. Thane 			, Dapoda, 			Maharashtra",Maharashtra,INDIA,,,09/16/2009,,https://www.accessdata.fda.gov/cms_ia/importalert_263.html,2026-08-10
99-19,"Food Products - Salmonella, general (DWPE)",red,M K Agro Exports,"3/4 Jai Paras , Ns Mankikar Road 			, Mumbai, 			Maharashtra",Maharashtra,INDIA,,,09/16/2009,,https://www.accessdata.fda.gov/cms_ia/importalert_263.html,2026-08-10
99-19,"Food Products - Salmonella, general (DWPE)",red,M. D. Foods,"# A - 13 Building , Unit # 19 - 22; Dapoda Village 			, Ranjnoli, 			Maharashtra",Maharashtra,INDIA,,,05/15/2015,,https://www.accessdata.fda.gov/cms_ia/importalert_263.html,2026-08-10
99-19,"Food Products - Salmonella, general (DWPE)",red,M.M. Enterprise,"J B House Borsad (388540)  			, Borsad, 			Gujarat",Gujarat,INDIA,,,09/16/2009,,https://www.accessdata.fda.gov/cms_ia/importalert_263.html,2026-08-10
99-19,"Food Products - Salmonella, general (DWPE)",red,M.M. Poonjiaji Spices Ltd,"Plot No 91/2road No 17 Midc Satpur  			, Maharashtra,",,INDIA,,,09/16/2009,,https://www.accessdata.fda.gov/cms_ia/importalert_263.html,2026-08-10
99-19,"Food Products - Salmonella, general (DWPE)",red,M.M. Poonjiaji Spices Ltd,"C - 420 Ttc Midc Industrial Area Turbhe , Navi Mumbai 			, Navi Mumbai, 			Maharashtra",Maharashtra,INDIA,,,09/16/2009,,https://www.accessdata.fda.gov/cms_ia/importalert_263.html,2026-08-10
99-19,"Food Products - Salmonella, general (DWPE)",red,M.R. Agro Industries,"B Sr No 3239 , 1 Dasaj Road, Near Vaijnath Mahadev Te 			, Unjha, 			Gujarat",Gujarat,INDIA,,,07/02/2021,,https://www.accessdata.fda.gov/cms_ia/importalert_263.html,2026-08-10
99-19,"Food Products - Salmonella, general (DWPE)",red,M.S. S. ASAN EXPORTS,"12/1, Melaratha Veethi, Southcar Street  			, Nagercoil, 			Tamil Nadu",Tamil Nadu,INDIA,,,04/26/2011,,https://www.accessdata.fda.gov/cms_ia/importalert_263.html,2026-08-10
99-19,"Food Products - Salmonella, general (DWPE)",red,M.V.J. Foods (India),"U.C. College P.O.  			, Aluva, 			Kerala",Kerala,INDIA,,,09/16/2009,,https://www.accessdata.fda.gov/cms_ia/importalert_263.html,2026-08-10
99-19,"Food Products - Salmonella, general (DWPE)",red,M.V.J. Foods (India),"U.C. College P.O.  			, Aluva, 			Kerala",Kerala,INDIA,,,09/16/2009,,https://www.accessdata.fda.gov/cms_ia/importalert_263.html,2026-08-10
99-19,"Food Products - Salmonella, general (DWPE)",red,MAC AGRI EXPORTS,"2nd Floor , Tejpal Scheam Main Road 			, Mumbai, 			Maharashtra",Maharashtra,INDIA,,,12/02/2010,,https://www.accessdata.fda.gov/cms_ia/importalert_263.html,2026-08-10
99-19,"Food Products - Salmonella, general (DWPE)",red,MADON PURE FOODS PVT LT,"T - 27 Jai Mata Di Complex , Vitthal Narayan Purav Marg 			, Mumbai, 			Maharashtra",Maharashtra,INDIA,,,08/03/2022,,https://www.accessdata.fda.gov/cms_ia/importalert_263.html,2026-08-10
99-19,"Food Products - Salmonella, general (DWPE)",red,MANJILAS AGRO FOODS PVT.LTD.,"CHERAMANGALAM P.O. , PALAKKAD 			, Palakkad, 			Kerala",Kerala,INDIA,,,10/17/2016,,https://www.accessdata.fda.gov/cms_ia/importalert_263.html,2026-08-10
99-19,"Food Products - Salmonella, general (DWPE)",red,MANJILAS FOOD TECH (P) Ltd,"2/119, F.NO.76/3  UNJAVALEMPATTI POLLACHI  			, THAMILNADU,",,INDIA,,,10/17/2016,,https://www.accessdata.fda.gov/cms_ia/importalert_263.html,2026-08-10
99-19,"Food Products - Salmonella, general (DWPE)",red,MANJILAS FOOD TECH PVT LTD,"Room No , Ii/24 Kuttur Village 			, Kuttoor, 			Kerala",Kerala,INDIA,,,10/17/2016,,https://www.accessdata.fda.gov/cms_ia/importalert_263.html,2026-08-10
99-19,"Food Products - Salmonella, general (DWPE)",red,MATRAS EXPORTERS,"Plot No 33-34 Kanniamma  			, Chennai,",,INDIA,,,07/31/2026,,https://www.accessdata.fda.gov/cms_ia/importalert_263.html,2026-08-10
99-19,"Food Products - Salmonella, general (DWPE)",red,MATRAS EXPORTERS,"No 554 Vs Mani Nagar 2  			, Chennai, 			Tamil Nadu",Tamil Nadu,INDIA,,,07/31/2026,,https://www.accessdata.fda.gov/cms_ia/importalert_263.html,2026-08-10
99-19,"Food Products - Salmonella, general (DWPE)",red,MTR Foods Private Limited,"No. 80, Bommasandra Industrial Area , Hebbagodi, Anekal Taluk 			, Bangalore, 			Karnataka",Karnataka,INDIA,,,09/16/2009,,https://www.accessdata.fda.gov/cms_ia/importalert_263.html,2026-08-10
99-19,"Food Products - Salmonella, general (DWPE)",red,Madhur Food Products Ltd,"Swastik Society Cross Rd  			, Ahmedabad, 			Gujarat",Gujarat,INDIA,,,09/16/2009,,https://www.accessdata.fda.gov/cms_ia/importalert_263.html,2026-08-10
99-19,"Food Products - Salmonella, general (DWPE)",red,Madon Pure Foods Pvt Ltd,"B - 2 Rustom Baug  			, Mumbai, 			Maharashtra",Maharashtra,INDIA,,,08/03/2022,,https://www.accessdata.fda.gov/cms_ia/importalert_263.html,2026-08-10
99-19,"Food Products - Salmonella, general (DWPE)",red,Mahashian Di Hatti Ltd.,"Kirti Nagar , Industrial Area 			, New Delhi, 			Delhi",Delhi,INDIA,,,09/16/2009,,https://www.accessdata.fda.gov/cms_ia/importalert_263.html,2026-08-10
99-19,"Food Products - Salmonella, general (DWPE)",red,Mahashian Di Hatti Pvt. Ltd.,"139  Udyog Vihar, Phase 1  			, Gurgram, 			Haryana",Haryana,INDIA,,,07/12/2016,,https://www.accessdata.fda.gov/cms_ia/importalert_263.html,2026-08-10
99-19,"Food Products - Salmonella, general (DWPE)",red,Maiyas Beverages & Foods,"3 & 66 3 Survey No 65  			, Kaggalahalli, 			Karnataka",Karnataka,INDIA,,,06/21/2017,,https://www.accessdata.fda.gov/cms_ia/importalert_263.html,2026-08-10
99-19,"Food Products - Salmonella, general (DWPE)",red,Manjilas Food Tech Pvt. Ltd.,"Udumalpet Rd  			, Unjavelampatti, 			Tamil Nadu",Tamil Nadu,INDIA,,,10/17/2016,,https://www.accessdata.fda.gov/cms_ia/importalert_263.html,2026-08-10
99-19,"Food Products - Salmonella, general (DWPE)",red,Metco Export International,"A/401 Koteshwar Palace , Kol Dongri Lane No 4 			, Mumbai, 			Maharashtra",Maharashtra,INDIA,,,07/10/2012,,https://www.accessdata.fda.gov/cms_ia/importalert_263.html,2026-08-10
99-19,"Food Products - Salmonella, general (DWPE)",red,Miltop Exports,"672/673 G.I.D.C. Phase Ii, Dared  			, Jamnagar, 			Gujarat",Gujarat,INDIA,,,09/16/2009,,https://www.accessdata.fda.gov/cms_ia/importalert_263.html,2026-08-10
99-19,"Food Products - Salmonella, general (DWPE)",red,NAZARETH FOODS PVT LTD,"No 85 Keal Ayanambakkam Village , Vanagaram Road 			, Chennai, 			Tamil Nadu",Tamil Nadu,INDIA,,,09/16/2009,,https://www.accessdata.fda.gov/cms_ia/importalert_263.html,2026-08-10
99-19,"Food Products - Salmonella, general (DWPE)",red,NHC Foods Limited,"Babrekar Nagar Road , Santacruz (East) 			, Mumbai, 			Maharashtra",Maharashtra,INDIA,,,02/16/2011,,https://www.accessdata.fda.gov/cms_ia/importalert_263.html,2026-08-10
99-19,"Food Products - Salmonella, general (DWPE)",red,NIKASU FROZEN FOODS INTERNATIONAL,"Plot No 23 , Csez 			, Ernakulam, 			Kerala",Kerala,INDIA,,,02/26/2010,,https://www.accessdata.fda.gov/cms_ia/importalert_263.html,2026-08-10
99-19,"Food Products - Salmonella, general (DWPE)",red,NIKASU FROZEN FOODS INTERNATIONAL,"Plot No 23 , Csez 			, Ernakulam, 			Kerala",Kerala,INDIA,,,02/26/2010,,https://www.accessdata.fda.gov/cms_ia/importalert_263.html,2026-08-10
99-19,"Food Products - Salmonella, general (DWPE)",red,NOVUS LIFE SCIENCES LTD,"114 115 B Wing Morya Ho  			, Mumbai,",,INDIA,,,07/01/2026,,https://www.accessdata.fda.gov/cms_ia/importalert_263.html,2026-08-10
99-19,"Food Products - Salmonella, general (DWPE)",red,Nani Agro Foods P Ltd.,"P.B. No. 549 32, Ottukkarachinnaiya  			, Erode,",,INDIA,,,09/16/2009,,https://www.accessdata.fda.gov/cms_ia/importalert_263.html,2026-08-10
99-19,"Food Products - Salmonella, general (DWPE)",red,Navjyot International,"B-117 Mittal Tower B-Wing  			, Akron,",,INDIA,,,09/16/2009,,https://www.accessdata.fda.gov/cms_ia/importalert_263.html,2026-08-10
99-19,"Food Products - Salmonella, general (DWPE)",red,Navrang Herbal,"189 Bera Bijudiya , Ward No 20; Nehara Bera 			, Sojat, 			Rajasthan",Rajasthan,INDIA,,,12/05/2023,,https://www.accessdata.fda.gov/cms_ia/importalert_263.html,2026-08-10
99-19,"Food Products - Salmonella, general (DWPE)",red,"Nestle India, Pantnagar","Plot No 1,Sector No1A Integrated , Industry Estate,SIDCUL 			, Pantnagar, 			Uttaranchal",Uttaranchal,INDIA,,,06/23/2023,,https://www.accessdata.fda.gov/cms_ia/importalert_263.html,2026-08-10
99-19,"Food Products - Salmonella, general (DWPE)",red,OM EXIM CORPORATION,"4942 Trishul Industries , R S No; Opp, Near Iabh Sortex 			, Unjha, 			Gujarat",Gujarat,INDIA,,,06/10/2025,,https://www.accessdata.fda.gov/cms_ia/importalert_263.html,2026-08-10
99-19,"Food Products - Salmonella, general (DWPE)",red,OM SHREE INTERNATIONAL,"New India Industrial Estate Plot 33 , 115 Mahakali Caves Road 			, Mumbai, 			Maharashtra",Maharashtra,INDIA,,,09/16/2009,,https://www.accessdata.fda.gov/cms_ia/importalert_263.html,2026-08-10
99-19,"Food Products - Salmonella, general (DWPE)",red,Obson International Pvt. Ltd.,"3, Decor Shastri Nagar , Off. Four Bunglows, Andheri W 			, Mumbai,",,INDIA,,,09/16/2009,,https://www.accessdata.fda.gov/cms_ia/importalert_263.html,2026-08-10
99-19,"Food Products - Salmonella, general (DWPE)",red,Omni Exports,"393627 Manikkiri Cross Road  			, Kerala,",,INDIA,,,09/16/2009,,https://www.accessdata.fda.gov/cms_ia/importalert_263.html,2026-08-10
99-19,"Food Products - Salmonella, general (DWPE)",red,Orchid Exim India Private Limited,"608 Akshat Tower , Nr - Pakwan Restaurant Bodakdev 			, Ahmedabad, 			Gujarat",Gujarat,INDIA,,,07/01/2025,,https://www.accessdata.fda.gov/cms_ia/importalert_263.html,2026-08-10
99-19,"Food Products - Salmonella, general (DWPE)",red,Organic Products India,"State Highway 10, Near Indian Oil Petrol  			, Sidhpur, 			Gujarat",Gujarat,INDIA,,,01/18/2012,,https://www.accessdata.fda.gov/cms_ia/importalert_263.html,2026-08-10
99-19,"Food Products - Salmonella, general (DWPE)",red,P D INTERNATIONAL,"C - 32 Apmc Market Vashi Navi Mumbai  			, Navi Mumbai, 			Maharashtra",Maharashtra,INDIA,,,12/20/2024,,https://www.accessdata.fda.gov/cms_ia/importalert_263.html,2026-08-10
99-19,"Food Products - Salmonella, general (DWPE)",red,P. Mittulaul Lalah And Sons,"72 Nelson Manickam Road  			, Chennai, 			Tamil Nadu",Tamil Nadu,INDIA,,,09/16/2009,,https://www.accessdata.fda.gov/cms_ia/importalert_263.html,2026-08-10
99-19,"Food Products - Salmonella, general (DWPE)",red,P.J. Exports,"306 Kalbadevi Roadkakad Market  			, Bombay, 			MS",MS,INDIA,,,09/16/2009,,https://www.accessdata.fda.gov/cms_ia/importalert_263.html,2026-08-10
99-19,"Food Products - Salmonella, general (DWPE)",red,P.J. Exports,"395/97 Narshi Natha Street  			, Mumbai, 			Maharashtra",Maharashtra,INDIA,,,09/16/2009,,https://www.accessdata.fda.gov/cms_ia/importalert_263.html,2026-08-10
99-19,"Food Products - Salmonella, general (DWPE)",red,PARLE BISCUITS PVT. LTD.,"North Level Crossing,Vile Parle Eas  			, Maharashtra,",,INDIA,,,08/12/2025,,https://www.accessdata.fda.gov/cms_ia/importalert_263.html,2026-08-10
99-19,"Food Products - Salmonella, general (DWPE)",red,PARUL EXPORTS,"Karma Stambha , L B S Marg 			, Mumbai,",,INDIA,,,05/03/2012,,https://www.accessdata.fda.gov/cms_ia/importalert_263.html,2026-08-10
99-19,"Food Products - Salmonella, general (DWPE)",red,PJ Exports,"PJ House, Z-3, Shri Arihant Compound , Reti Bunder Road, Kalher Village 			, Bhiwandi, 			Maharashtra",Maharashtra,INDIA,,,09/16/2009,,https://www.accessdata.fda.gov/cms_ia/importalert_263.html,2026-08-10
99-19,"Food Products - Salmonella, general (DWPE)",red,PRAVIN MASALEWALE,"Plot No 44 , Hadapsar Industrial Estate 			, Pune, 			Maharashtra",Maharashtra,INDIA,,,07/18/2014,,https://www.accessdata.fda.gov/cms_ia/importalert_263.html,2026-08-10
99-19,"Food Products - Salmonella, general (DWPE)",red,PUNAM AGRO FOODS,"Amanakara P.O  			, Kottayam, 			Kerala",Kerala,INDIA,,,06/08/2016,,https://www.accessdata.fda.gov/cms_ia/importalert_263.html,2026-08-10
99-19,"Food Products - Salmonella, general (DWPE)",red,Parayil Exports,"V/345 Plassanal Pravithanam , Nariayanganam Branch Post Office 			, Meenachil, 			Kerala",Kerala,INDIA,,,09/16/2009,,https://www.accessdata.fda.gov/cms_ia/importalert_263.html,2026-08-10
99-19,"Food Products - Salmonella, general (DWPE)",red,Parayil Food Products Pvt. Ltd.,"Alleppey  			, Aroor, 			Kerala",Kerala,INDIA,,,08/14/2010,,https://www.accessdata.fda.gov/cms_ia/importalert_263.html,2026-08-10
99-19,"Food Products - Salmonella, general (DWPE)",red,Parul Exports,"703 Sant Kabir Marg  			, Mumbai, 			Maharashtra",Maharashtra,INDIA,,,08/01/2018,,https://www.accessdata.fda.gov/cms_ia/importalert_263.html,2026-08-10
99-19,"Food Products - Salmonella, general (DWPE)",red,Phalada Agro Research Foundation Pvt. Ltd.,"92/5, Kannalli Village, Segehall Cross , Magadi Main Rd 			, Bangalore, 			Karnataka",Karnataka,INDIA,,,11/03/2016,,https://www.accessdata.fda.gov/cms_ia/importalert_263.html,2026-08-10
99-19,"Food Products - Salmonella, general (DWPE)",red,Pooja Dehy Foods Pvt Ltd,"Haripur Rd  			, Mahuva, 			Gujarat",Gujarat,INDIA,,,06/03/2024,,https://www.accessdata.fda.gov/cms_ia/importalert_263.html,2026-08-10
99-19,"Food Products - Salmonella, general (DWPE)",red,Popular Pulse Products Pvt. Ltd.,"311 - 1 311 - 2 Shriramwarehouse  			, Indore, 			Madhya Pradesh",Madhya Pradesh,INDIA,,,09/16/2009,,https://www.accessdata.fda.gov/cms_ia/importalert_263.html,2026-08-10
99-19,"Food Products - Salmonella, general (DWPE)",red,Prakash Namkeen Udhyog,"33 - B Fort Road  			, Indore, 			Madhya Pradesh",Madhya Pradesh,INDIA,,,10/28/2016,,https://www.accessdata.fda.gov/cms_ia/importalert_263.html,2026-08-10
99-19,"Food Products - Salmonella, general (DWPE)",red,Prataap Snacks Pvt.,"Khasra No , 378/2 Nemawar Road 			, Indore, 			Madhya Pradesh",Madhya Pradesh,INDIA,,,05/14/2019,,https://www.accessdata.fda.gov/cms_ia/importalert_263.html,2026-08-10
99-19,"Food Products - Salmonella, general (DWPE)",red,Pravin Masalewale Partnership,"Gat No: 394 At Post Sangavi  			, Khandala, Satara, 			Maharashtra",Maharashtra,INDIA,,,07/18/2014,,https://www.accessdata.fda.gov/cms_ia/importalert_263.html,2026-08-10
99-19,"Food Products - Salmonella, general (DWPE)",red,Premji Bhanji & Co.,"29 Keshavji Naik Road  			, Mumbai,",,INDIA,,,09/16/2009,,https://www.accessdata.fda.gov/cms_ia/importalert_263.html,2026-08-10
99-19,"Food Products - Salmonella, general (DWPE)",red,PureFarms Organic (India),"2 Plot No 5/6/7 , Rk Industrial Zone 			, Kuchiyadad, 			Gujarat",Gujarat,INDIA,,,08/28/2020,,https://www.accessdata.fda.gov/cms_ia/importalert_263.html,2026-08-10
99-19,"Food Products - Salmonella, general (DWPE)",red,Qik Exports,"R - 264 Midc  			, Navi Mumbai, 			Maharashtra",Maharashtra,INDIA,,,09/16/2009,,https://www.accessdata.fda.gov/cms_ia/importalert_263.html,2026-08-10
99-19,"Food Products - Salmonella, general (DWPE)",red,Quantum Drugs & Chemicals,"25 Bharathi Road  			, Madura,",,INDIA,,,09/16/2009,,https://www.accessdata.fda.gov/cms_ia/importalert_263.html,2026-08-10
99-19,"Food Products - Salmonella, general (DWPE)",red,R.M.TRADING CO.,"1454 Madhukant Complex  			, Ahmedabad, 			Gujarat",Gujarat,INDIA,,,05/13/2014,,https://www.accessdata.fda.gov/cms_ia/importalert_263.html,2026-08-10
99-19,"Food Products - Salmonella, general (DWPE)",red,R.S.LAL INTERNATIONAL,"285 Swarn Park Udyog Nagar  			, New Delhi, 			Delhi",Delhi,INDIA,,,09/16/2009,,https://www.accessdata.fda.gov/cms_ia/importalert_263.html,2026-08-10
99-19,"Food Products - Salmonella, general (DWPE)",red,RASA SPICES N FOODS PRIVATE LIMITED,"201 Gulbai Tekra , Ambawadi 			, Ahmedabad, 			Gujarat",Gujarat,INDIA,,,02/11/2011,,https://www.accessdata.fda.gov/cms_ia/importalert_263.html,2026-08-10
99-19,"Food Products - Salmonella, general (DWPE)",red,RAVI EXPORTS,"Opp. Water Tank , Railway Station Road 			, Unjha, 			Gujarat",Gujarat,INDIA,,,04/19/2013,,https://www.accessdata.fda.gov/cms_ia/importalert_263.html,2026-08-10
99-19,"Food Products - Salmonella, general (DWPE)",red,Race Seven Seas,"Po Box 3087  			, Mumbai, 			Maharashtra",Maharashtra,INDIA,,,09/16/2009,,https://www.accessdata.fda.gov/cms_ia/importalert_263.html,2026-08-10
99-19,"Food Products - Salmonella, general (DWPE)",red,Ramdev Food Products Pvt Ltd,"Sarkhej - Bavla Highway  			, Changodar, 			Gujarat",Gujarat,INDIA,,,09/16/2009,,https://www.accessdata.fda.gov/cms_ia/importalert_263.html,2026-08-10
99-19,"Food Products - Salmonella, general (DWPE)",red,Ramdev Food Products Pvt. Ltd.,"Block N. 29/P Santej Vadsar Road , Tal Sanjei, Kalol 			, Gandhinagar, 			Gujarat",Gujarat,INDIA,,,09/16/2009,,https://www.accessdata.fda.gov/cms_ia/importalert_263.html,2026-08-10
99-19,"Food Products - Salmonella, general (DWPE)",red,Rasoi Magic,"S No 34/A6 At Post Pisoli Tal Haveli  			, Pune,",,INDIA,,,03/01/2021,,https://www.accessdata.fda.gov/cms_ia/importalert_263.html,2026-08-10
99-19,"Food Products - Salmonella, general (DWPE)",red,Rasoi Magic Foods (India) Pvt. Ltd.,"Survey No. 32/A-6, Property No. 786/787 , Shed No.1&2, Pisoli , Tal. Haveli 			, Pune, 			Maharashtra",Maharashtra,INDIA,,,03/26/2013,,https://www.accessdata.fda.gov/cms_ia/importalert_263.html,2026-08-10
99-19,"Food Products - Salmonella, general (DWPE)",red,Ravi Overseas Pvt Ltd,"6/596 Moti Sheri  			, Surat, 			Gujarat",Gujarat,INDIA,,,09/16/2009,,https://www.accessdata.fda.gov/cms_ia/importalert_263.html,2026-08-10
99-19,"Food Products - Salmonella, general (DWPE)",red,Ravi Spice Processors Pvt Ltd.,"60 Mysore Road  			, Bengaluru, 			Karnataka",Karnataka,INDIA,,,09/16/2009,,https://www.accessdata.fda.gov/cms_ia/importalert_263.html,2026-08-10
99-19,"Food Products - Salmonella, general (DWPE)",red,Roopak Overscas Pvt Ltd,"6/9 Ajmal Khan Roadroopak Building  			, Karol Baugh,",,INDIA,,,06/22/2016,,https://www.accessdata.fda.gov/cms_ia/importalert_263.html,2026-08-10
99-19,"Food Products - Salmonella, general (DWPE)",red,S. Narendra Kumar & Co.,"4/B Everest Spices , W L B S Marg 			, Mumbai, 			Maharashtra",Maharashtra,INDIA,,,06/17/2015,,https://www.accessdata.fda.gov/cms_ia/importalert_263.html,2026-08-10
99-19,"Food Products - Salmonella, general (DWPE)",red,S. Narendra Kumar & Co.,"4/B Everest Spices , W L B S Marg 			, Mumbai, 			Maharashtra",Maharashtra,INDIA,,,06/17/2015,,https://www.accessdata.fda.gov/cms_ia/importalert_263.html,2026-08-10
99-19,"Food Products - Salmonella, general (DWPE)",red,SALOMI INTERNATIONAL,"A-343. T.T.C.Industrial Area. Midc. , Mahape 			, Navi Mumbai, 			Maharashtra",Maharashtra,INDIA,,,09/16/2009,,https://www.accessdata.fda.gov/cms_ia/importalert_263.html,2026-08-10
99-19,"Food Products - Salmonella, general (DWPE)",red,SAMSONS TRADING CO. PVT. LTD.,"C/O Titbit Foods India Pvt. Ltd. , A-55 Ttc Indl Area, Midc, Mahape 			, Navi Mumbai, 			Maharashtra",Maharashtra,INDIA,,,09/16/2009,,https://www.accessdata.fda.gov/cms_ia/importalert_263.html,2026-08-10
99-19,"Food Products - Salmonella, general (DWPE)",red,SGR (777) FOODS PRIVATE LIMITED,"B - 38 W Sipcot Industrial Complex  			, Gummidipoondi, 			Tamil Nadu",Tamil Nadu,INDIA,,,09/16/2009,,https://www.accessdata.fda.gov/cms_ia/importalert_263.html,2026-08-10
99-19,"Food Products - Salmonella, general (DWPE)",red,SHAH EXPORTS,"Raheja Residency M G Complex , 1202 Sector 14 			, Navi Mumbai, 			Maharashtra",Maharashtra,INDIA,,,09/16/2009,,https://www.accessdata.fda.gov/cms_ia/importalert_263.html,2026-08-10
99-19,"Food Products - Salmonella, general (DWPE)",red,SWANI SPICE MILLS PVT. LIMITED,"A 189/190/819 Midc , Opp Village Khairne 			, Navi Mumbai, 			Maharashtra",Maharashtra,INDIA,,,09/16/2009,,https://www.accessdata.fda.gov/cms_ia/importalert_263.html,2026-08-10
99-19,"Food Products - Salmonella, general (DWPE)",red,Sakthi Masala Private Limited,"6, Mamarathupalayam  			, Erode, 			Tamil Nadu",Tamil Nadu,INDIA,,,09/16/2009,,https://www.accessdata.fda.gov/cms_ia/importalert_263.html,2026-08-10
99-19,"Food Products - Salmonella, general (DWPE)",red,Sam Enterprises Pvt Ltd,"133 Lingi Chetty Street  			, Chennai, 			Tamil Nadu",Tamil Nadu,INDIA,,,09/16/2009,,https://www.accessdata.fda.gov/cms_ia/importalert_263.html,2026-08-10
99-19,"Food Products - Salmonella, general (DWPE)",red,Samasta Foods Pvt. Ltd.,"Khasra No. 188/2, Near Manglams Aroma, Gram Rampura, Tehsil Sanganer , Patrakar Colony, Mansarovar 			, Jaipur, 			Rajasthan",Rajasthan,INDIA,,,10/25/2024,,https://www.accessdata.fda.gov/cms_ia/importalert_263.html,2026-08-10
99-19,"Food Products - Salmonella, general (DWPE)",red,Samsons Trading Co,"325 Linking Road , 2nd Flr 			, Mumbai,",,INDIA,,,09/16/2009,,https://www.accessdata.fda.gov/cms_ia/importalert_263.html,2026-08-10
99-19,"Food Products - Salmonella, general (DWPE)",red,Sara Spices,"Aluva  			, Kizhakkambalam, 			Kerala",Kerala,INDIA,,,10/31/2013,,https://www.accessdata.fda.gov/cms_ia/importalert_263.html,2026-08-10
99-19,"Food Products - Salmonella, general (DWPE)",red,Satnam Overseas Limited,"201 Vipps Centre Masjid Moth , Greater Kailash - Ii 			, New Delhi, 			IN-DL",IN-DL,INDIA,,,09/16/2009,,https://www.accessdata.fda.gov/cms_ia/importalert_263.html,2026-08-10
99-19,"Food Products - Salmonella, general (DWPE)",red,Satpal Agro Pvt,"Tavdia Cross Road  			, Sidhpur,",,INDIA,,,09/16/2009,,https://www.accessdata.fda.gov/cms_ia/importalert_263.html,2026-08-10
99-19,"Food Products - Salmonella, general (DWPE)",red,Sea Wing Exim India (P) Ltd,"152  			, Coimbatore, 			Tamil Nadu",Tamil Nadu,INDIA,,,09/16/2009,,https://www.accessdata.fda.gov/cms_ia/importalert_263.html,2026-08-10
99-19,"Food Products - Salmonella, general (DWPE)",red,Shakumbhri Expo Impo Ltd.,"4.5 Km. Bhopa Road  			, Muzaffarnagar,",,INDIA,,,12/10/2009,,https://www.accessdata.fda.gov/cms_ia/importalert_263.html,2026-08-10
99-19,"Food Products - Salmonella, general (DWPE)",red,Shakumbhri Pulp And Paper Mills,"4 5 Km Bhopa Road  			, Muzaffarnagar,",,INDIA,,,09/16/2009,,https://www.accessdata.fda.gov/cms_ia/importalert_263.html,2026-08-10
99-19,"Food Products - Salmonella, general (DWPE)",red,Shiva Enterprises,"Wz - 524/I - Sri Nagar  			, New Delhi, 			Delhi",Delhi,INDIA,,,01/08/2013,,https://www.accessdata.fda.gov/cms_ia/importalert_263.html,2026-08-10
99-19,"Food Products - Salmonella, general (DWPE)",red,Shree Bhagwati Flour & Foods PVT. LTD,"430 Sarkhej Bavla Highway  			, Changodar, 			Gujarat",Gujarat,INDIA,,,09/16/2009,,https://www.accessdata.fda.gov/cms_ia/importalert_263.html,2026-08-10
99-19,"Food Products - Salmonella, general (DWPE)",red,Shri Hari Industries,"F-103 Bichwal Industries Area  			, Bikaner, 			Rajasthan",Rajasthan,INDIA,,,01/22/2021,,https://www.accessdata.fda.gov/cms_ia/importalert_263.html,2026-08-10
99-19,"Food Products - Salmonella, general (DWPE)",red,Shri Purshotorm Agro Industries,"opp S. P Plot Vasna  			, Ahmadabad,",,INDIA,,,09/16/2009,,https://www.accessdata.fda.gov/cms_ia/importalert_263.html,2026-08-10
99-19,"Food Products - Salmonella, general (DWPE)",red,Shrichakra Udyog Private Limited,"287 - 293 Section Iv , Plot No 			, Gandhidham, 			Gujarat",Gujarat,INDIA,,,06/14/2010,,https://www.accessdata.fda.gov/cms_ia/importalert_263.html,2026-08-10
99-19,"Food Products - Salmonella, general (DWPE)",red,Shubh Psyllium Industries,"State Highway  			, Brahamanwada, 			Gujarat",Gujarat,INDIA,,,05/10/2017,,https://www.accessdata.fda.gov/cms_ia/importalert_263.html,2026-08-10
99-19,"Food Products - Salmonella, general (DWPE)",red,Shudh Masala Bhandar (REGD),"6410 Katra Bari  			, Delhi,",,INDIA,,,09/16/2009,,https://www.accessdata.fda.gov/cms_ia/importalert_263.html,2026-08-10
99-19,"Food Products - Salmonella, general (DWPE)",red,SinghInt,"A7 Rohit Building , 3'Rd Cross Road 			, Mumbai, 			Maharashtra",Maharashtra,INDIA,,,09/14/2017,,https://www.accessdata.fda.gov/cms_ia/importalert_263.html,2026-08-10
99-19,"Food Products - Salmonella, general (DWPE)",red,Siri Guru Ram Dass Rice Co.,"193/3 H.S.I.D.C.  			, Karnal, 			Haryana",Haryana,INDIA,,,09/16/2009,,https://www.accessdata.fda.gov/cms_ia/importalert_263.html,2026-08-10
99-19,"Food Products - Salmonella, general (DWPE)",red,Sona Overseas Corporation,"910, Siddarth Complex  			, Vadodara,",,INDIA,,,06/10/2011,,https://www.accessdata.fda.gov/cms_ia/importalert_263.html,2026-08-10
99-19,"Food Products - Salmonella, general (DWPE)",red,Sopariwal,"Nirmal, 21st Floorpost Bag No. 9992,  			, Bombary,",,INDIA,,,09/16/2009,,https://www.accessdata.fda.gov/cms_ia/importalert_263.html,2026-08-10
99-19,"Food Products - Salmonella, general (DWPE)",red,Spice International,"41 Shiva Apartments, 22 Turner Road , Bandra (W) 			, Munbai- 50,",,INDIA,,,09/16/2009,,https://www.accessdata.fda.gov/cms_ia/importalert_263.html,2026-08-10
99-19,"Food Products - Salmonella, general (DWPE)",red,Spice N Flavor Private Ltd.,"Unknown Street  			, Kochi,",,INDIA,,,09/16/2009,,https://www.accessdata.fda.gov/cms_ia/importalert_263.html,2026-08-10
99-19,"Food Products - Salmonella, general (DWPE)",red,Sri Mata Bio Source,"# 9/5 Indian Bank Colony , 16th Cross Road 			, Bengaluru, 			Karnataka",Karnataka,INDIA,,,01/14/2010,,https://www.accessdata.fda.gov/cms_ia/importalert_263.html,2026-08-10
99-19,"Food Products - Salmonella, general (DWPE)",red,Sri Varu Impex and Logistics,"23b - 2g Mandhira Apartment , 2nd Fl; Dr B Narasimman Road 			, Chennai, 			Tamil Nadu",Tamil Nadu,INDIA,,,03/31/2025,,https://www.accessdata.fda.gov/cms_ia/importalert_263.html,2026-08-10
99-19,"Food Products - Salmonella, general (DWPE)",red,Suminter India Organics Pvt Ltd,"Ancheli House-Building No. AGP/XII/53 , Campco Junction 			, Adimali Po Idukki District, 			Kerala",Kerala,INDIA,,,09/16/2009,,https://www.accessdata.fda.gov/cms_ia/importalert_263.html,2026-08-10
99-19,"Food Products - Salmonella, general (DWPE)",red,Sun Agro Exports Co.,"800 Plot No  			, Rakanpur, 			Gujarat",Gujarat,INDIA,,,09/16/2009,,https://www.accessdata.fda.gov/cms_ia/importalert_263.html,2026-08-10
99-19,"Food Products - Salmonella, general (DWPE)",red,Sunshine Commodities,"Po Box 3070  			, Mumbai,",,INDIA,,,09/16/2009,,https://www.accessdata.fda.gov/cms_ia/importalert_263.html,2026-08-10
99-19,"Food Products - Salmonella, general (DWPE)",red,Swani Enterprises,"Katra Hari Singh  			, Amritsar     Telex 0384-231,",,INDIA,,,09/16/2009,,https://www.accessdata.fda.gov/cms_ia/importalert_263.html,2026-08-10
99-19,"Food Products - Salmonella, general (DWPE)",red,Synthite Industries Ltd. (Spice Division),"Spice Division, Synthite Valley , Pancode 			, Kochi, 			Kerala",Kerala,INDIA,,,12/15/2021,,https://www.accessdata.fda.gov/cms_ia/importalert_263.html,2026-08-10
99-19,"Food Products - Salmonella, general (DWPE)",red,Synthite Industries Private (EOU Division) Limited,"Synthite taste Park , Pancode 			, Ernakulam, 			Kochi, Kerala",Kerala,INDIA,,,11/03/2016,,https://www.accessdata.fda.gov/cms_ia/importalert_263.html,2026-08-10
99-19,"Food Products - Salmonella, general (DWPE)",red,TAPAN EXPORTS,"125/127 Navjivan , Kazi Sayed Street 			, Mumbai, 			Maharashtra",Maharashtra,INDIA,,,09/16/2009,,https://www.accessdata.fda.gov/cms_ia/importalert_263.html,2026-08-10
99-19,"Food Products - Salmonella, general (DWPE)",red,TASTEL FINE FOODS PRIVATE LIMITED,"Karod Vita Road , 710 Gut No 788 			, Surli, 			Maharashtra",Maharashtra,INDIA,,,09/04/2013,,https://www.accessdata.fda.gov/cms_ia/importalert_263.html,2026-08-10
99-19,"Food Products - Salmonella, general (DWPE)",red,THE GRAND SWEETS AND SNACKS,"6/11 Selva Vinayagar Koil Street  			, Chennai, 			Tamil Nadu",Tamil Nadu,INDIA,,,05/12/2017,,https://www.accessdata.fda.gov/cms_ia/importalert_263.html,2026-08-10
99-19,"Food Products - Salmonella, general (DWPE)",red,TIT-BIT,"185/187 Samuel , Masjid Bunder 			, Mumbai,",,INDIA,,,09/16/2009,,https://www.accessdata.fda.gov/cms_ia/importalert_263.html,2026-08-10
99-19,"Food Products - Salmonella, general (DWPE)",red,TRADEIMPEX INTERNATIONAL,"40-B , 2ND FLOOR, MANGALDAS BUILDING NO.1, PRINCESS STREET  			, Mumbai, 			Maharashtra",Maharashtra,INDIA,,,07/12/2018,,https://www.accessdata.fda.gov/cms_ia/importalert_263.html,2026-08-10
99-19,"Food Products - Salmonella, general (DWPE)",red,TRU VALUE OVERSEAS PVT LTD,"C- 4 1st Floor, Bali Nagar  			, New Delhi,",,INDIA,,,09/26/2023,,https://www.accessdata.fda.gov/cms_ia/importalert_263.html,2026-08-10
99-19,"Food Products - Salmonella, general (DWPE)",red,Tastel Fine Foods Pvt Ltd,"174 Babrekar Nagar Road  			, Mumbai, 			Maharashtra",Maharashtra,INDIA,,,09/04/2013,,https://www.accessdata.fda.gov/cms_ia/importalert_263.html,2026-08-10
99-19,"Food Products - Salmonella, general (DWPE)",red,"Tata Tea Limited, Instant Tea Division","Bristow Road  			, Kochi, 			Kerala",Kerala,INDIA,,,09/16/2009,,https://www.accessdata.fda.gov/cms_ia/importalert_263.html,2026-08-10
99-19,"Food Products - Salmonella, general (DWPE)",red,Thakar Exports,"310 Swarn Park , Udyog, Nagar , Mundka 			, New Delhi, 			Delhi",Delhi,INDIA,,,09/16/2009,,https://www.accessdata.fda.gov/cms_ia/importalert_263.html,2026-08-10
99-19,"Food Products - Salmonella, general (DWPE)",red,Tit-Bit Foods (India) Pvt. Ltd.,"Plot no. A-55, T.T.C. Industrial area , MIDC, Mahape 			, Navi Mumbai, 			Maharashtra",Maharashtra,INDIA,,,05/29/2013,,https://www.accessdata.fda.gov/cms_ia/importalert_263.html,2026-08-10
99-19,"Food Products - Salmonella, general (DWPE)",red,Trade Wings International,"185/187 Samuel Street  			, Mumbai,",,INDIA,,,09/16/2009,,https://www.accessdata.fda.gov/cms_ia/importalert_263.html,2026-08-10
99-19,"Food Products - Salmonella, general (DWPE)",red,Tru Value Overseas Pvt.,"Plot No 3 , Ground Floor 			, New Delhi, 			Delhi",Delhi,INDIA,,,09/26/2023,,https://www.accessdata.fda.gov/cms_ia/importalert_263.html,2026-08-10
99-19,"Food Products - Salmonella, general (DWPE)",red,UMALAXMI ORGANICS PVT. LTD.,"F245 - 249& 255 Bornada  			, Jodhpur, 			Rajasthan",Rajasthan,INDIA,,,04/08/2011,,https://www.accessdata.fda.gov/cms_ia/importalert_263.html,2026-08-10
99-19,"Food Products - Salmonella, general (DWPE)",red,Unique Fragrances,"395 Food Park , Rai Industrial Estate 			, Sonepat, 			Haryana",Haryana,INDIA,,,04/03/2018,,https://www.accessdata.fda.gov/cms_ia/importalert_263.html,2026-08-10
99-19,"Food Products - Salmonella, general (DWPE)",red,Unity Commodities,"96 Kazisaved Street , PO Box 3054 			, Mumbai,",,INDIA,,,09/16/2009,,https://www.accessdata.fda.gov/cms_ia/importalert_263.html,2026-08-10
99-19,"Food Products - Salmonella, general (DWPE)",red,Universal Spices Pprivate Limited,"Gat No.85varve Taluka Bhor  			, Pune,",,INDIA,,,09/16/2009,,https://www.accessdata.fda.gov/cms_ia/importalert_263.html,2026-08-10
99-19,"Food Products - Salmonella, general (DWPE)",red,"Ushodaya Enterprises Pvt. Ltd., (Foods Division), Poranki.","9 - 46 Foods Division , Vijayawada 			, Poranki, 			Andhra Pradesh",Andhra Pradesh,INDIA,,,06/20/2016,,https://www.accessdata.fda.gov/cms_ia/importalert_263.html,2026-08-10
99-19,"Food Products - Salmonella, general (DWPE)",red,Utsav Commodities Pvt. Ltd.,"D-2, M.i.d.c. Area  			, Jalgaon, 			Maharashtra",Maharashtra,INDIA,,,08/30/2018,,https://www.accessdata.fda.gov/cms_ia/importalert_263.html,2026-08-10
99-19,"Food Products - Salmonella, general (DWPE)",red,Utsav Commodities Pvt. Ltd.,"G-5/3-A, M.I.D.C. AREA , AJANTA ROAD 			, Jalgaon, 			Maharashtra",Maharashtra,INDIA,,,09/16/2009,,https://www.accessdata.fda.gov/cms_ia/importalert_263.html,2026-08-10
99-19,"Food Products - Salmonella, general (DWPE)",red,V & R Commodities,"Po Box 3307  			, Mumbai,",,INDIA,,,09/16/2009,,https://www.accessdata.fda.gov/cms_ia/importalert_263.html,2026-08-10
99-19,"Food Products - Salmonella, general (DWPE)",red,VEERPRABHU EXPORT HOUSE,"112/114 A Wing , 1st Floor; Kailas Plaza 			, Mumbai, 			Maharashtra",Maharashtra,INDIA,,,07/30/2010,,https://www.accessdata.fda.gov/cms_ia/importalert_263.html,2026-08-10
99-19,"Food Products - Salmonella, general (DWPE)",red,VIJAY ENTERPRISE,"H - 20 Apmc Market Vashi  			, Navi Mumbai, 			Maharashtra",Maharashtra,INDIA,,,12/15/2016,,https://www.accessdata.fda.gov/cms_ia/importalert_263.html,2026-08-10
99-19,"Food Products - Salmonella, general (DWPE)",red,VIRAL FOOD PRODUCTS PRIVATE LIMITED,"Khirsara Gidc Plot No - 458  			, Motavada, 			Gujarat",Gujarat,INDIA,,,07/02/2026,,https://www.accessdata.fda.gov/cms_ia/importalert_263.html,2026-08-10
99-19,"Food Products - Salmonella, general (DWPE)",red,VIRAL FOOD PRODUCTS PVT. LTD,"D Plot No 6/562 , Marg 			, Lodhika, 			Gujarat",Gujarat,INDIA,,,07/02/2026,,https://www.accessdata.fda.gov/cms_ia/importalert_263.html,2026-08-10
99-19,"Food Products - Salmonella, general (DWPE)",red,Varun Exports,"Plot No 2424/1 , Gur Mandi 			, Ludhiana, 			Punjab",Punjab,INDIA,,,09/16/2009,,https://www.accessdata.fda.gov/cms_ia/importalert_263.html,2026-08-10
99-19,"Food Products - Salmonella, general (DWPE)",red,Veerprabhu Export House,"71 Veer Vithaldas Chandan Street  			, Mumbai, 			Maharashtra",Maharashtra,INDIA,,,09/16/2009,,https://www.accessdata.fda.gov/cms_ia/importalert_263.html,2026-08-10
99-19,"Food Products - Salmonella, general (DWPE)",red,Vidur Exports,"181/ 183 Samuel Street  			, Maharashtra, 			Maharashtra",Maharashtra,INDIA,,,09/16/2009,,https://www.accessdata.fda.gov/cms_ia/importalert_263.html,2026-08-10
99-19,"Food Products - Salmonella, general (DWPE)",red,Viral International,"1st Floor , 331 			, Pune, 			Maharashtra",Maharashtra,INDIA,,,09/16/2009,,https://www.accessdata.fda.gov/cms_ia/importalert_263.html,2026-08-10
99-19,"Food Products - Salmonella, general (DWPE)",red,Wynad Export,"Kozhencherry P.O. , Pulimootil Building 			, Kozhencherry, 			Kerala",Kerala,INDIA,,,01/24/2020,,https://www.accessdata.fda.gov/cms_ia/importalert_263.html,2026-08-10
