chunk_id,parent_doc_id,corpus_tier,page_range,word_range,word_count,chunk_path,parent_dqa_score,parent_locus_tag,parent_verification_logic
A-RES-100-C01,A-RES-100,A,Page 1 to Page 2,1 - 330,330,CorpusA_Chunks\A-RES-100\A-RES-100-C01.txt,"M,A,A,A,A,A",supplychain_research-compliance-framework,direct-institutional-or-academic-extraction
A-RES-100-C02,A-RES-100,A,Page 3 to Page 5,331 - 666,336,CorpusA_Chunks\A-RES-100\A-RES-100-C02.txt,"M,A,A,A,A,A",supplychain_research-compliance-framework,direct-institutional-or-academic-extraction
A-RES-100-C03,A-RES-100,A,Page 6 to Page 7,667 - 916,250,CorpusA_Chunks\A-RES-100\A-RES-100-C03.txt,"M,A,A,A,A,A",supplychain_research-compliance-framework,direct-institutional-or-academic-extraction
A-RES-100-C04,A-RES-100,A,Page 7,917 - 1297,381,CorpusA_Chunks\A-RES-100\A-RES-100-C04.txt,"M,A,A,A,A,A",supplychain_research-compliance-framework,direct-institutional-or-academic-extraction
A-RES-100-C05,A-RES-100,A,Page 8 to Page 9,1298 - 1547,250,CorpusA_Chunks\A-RES-100\A-RES-100-C05.txt,"M,A,A,A,A,A",supplychain_research-compliance-framework,direct-institutional-or-academic-extraction
A-RES-100-C06,A-RES-100,A,Page 9,1548 - 1898,351,CorpusA_Chunks\A-RES-100\A-RES-100-C06.txt,"M,A,A,A,A,A",supplychain_research-compliance-framework,direct-institutional-or-academic-extraction
A-RES-100-C07,A-RES-100,A,Page 10,1899 - 2291,393,CorpusA_Chunks\A-RES-100\A-RES-100-C07.txt,"M,A,A,A,A,A",supplychain_research-compliance-framework,direct-institutional-or-academic-extraction
A-RES-100-C08,A-RES-100,A,Page 11,2292 - 2651,360,CorpusA_Chunks\A-RES-100\A-RES-100-C08.txt,"M,A,A,A,A,A",supplychain_research-compliance-framework,direct-institutional-or-academic-extraction
A-RES-100-C09,A-RES-100,A,Page 12,2652 - 2944,293,CorpusA_Chunks\A-RES-100\A-RES-100-C09.txt,"M,A,A,A,A,A",supplychain_research-compliance-framework,direct-institutional-or-academic-extraction
A-RES-100-C10,A-RES-100,A,Page 13 to Page 14,2945 - 3198,254,CorpusA_Chunks\A-RES-100\A-RES-100-C10.txt,"M,A,A,A,A,A",supplychain_research-compliance-framework,direct-institutional-or-academic-extraction
A-RES-100-C11,A-RES-100,A,Page 15 to Page 16,3199 - 3547,349,CorpusA_Chunks\A-RES-100\A-RES-100-C11.txt,"M,A,A,A,A,A",supplychain_research-compliance-framework,direct-institutional-or-academic-extraction
A-RES-100-C12,A-RES-100,A,Page 17 to Page 18,3548 - 3817,270,CorpusA_Chunks\A-RES-100\A-RES-100-C12.txt,"M,A,A,A,A,A",supplychain_research-compliance-framework,direct-institutional-or-academic-extraction
A-RES-100-C13,A-RES-100,A,Page 19 to Page 21,3818 - 4067,250,CorpusA_Chunks\A-RES-100\A-RES-100-C13.txt,"M,A,A,A,A,A",supplychain_research-compliance-framework,direct-institutional-or-academic-extraction
A-RES-100-C14,A-RES-100,A,Page 21,4068 - 4345,278,CorpusA_Chunks\A-RES-100\A-RES-100-C14.txt,"M,A,A,A,A,A",supplychain_research-compliance-framework,direct-institutional-or-academic-extraction
A-RES-100-C15,A-RES-100,A,Page 22 to Page 23,4346 - 4730,385,CorpusA_Chunks\A-RES-100\A-RES-100-C15.txt,"M,A,A,A,A,A",supplychain_research-compliance-framework,direct-institutional-or-academic-extraction
A-RES-100-C16,A-RES-100,A,Page 24 to Page 26,4731 - 4980,250,CorpusA_Chunks\A-RES-100\A-RES-100-C16.txt,"M,A,A,A,A,A",supplychain_research-compliance-framework,direct-institutional-or-academic-extraction
A-RES-100-C17,A-RES-100,A,Page 26 to Page 27,4981 - 5230,250,CorpusA_Chunks\A-RES-100\A-RES-100-C17.txt,"M,A,A,A,A,A",supplychain_research-compliance-framework,direct-institutional-or-academic-extraction
A-RES-100-C18,A-RES-100,A,Page 27 to Page 28,5231 - 5480,250,CorpusA_Chunks\A-RES-100\A-RES-100-C18.txt,"M,A,A,A,A,A",supplychain_research-compliance-framework,direct-institutional-or-academic-extraction
A-RES-100-C19,A-RES-100,A,Page 28 to Page 29,5481 - 5730,250,CorpusA_Chunks\A-RES-100\A-RES-100-C19.txt,"M,A,A,A,A,A",supplychain_research-compliance-framework,direct-institutional-or-academic-extraction
A-RES-100-C20,A-RES-100,A,Page 29 to Page 30,5731 - 5994,264,CorpusA_Chunks\A-RES-100\A-RES-100-C20.txt,"M,A,A,A,A,A",supplychain_research-compliance-framework,direct-institutional-or-academic-extraction
A-RES-100-C21,A-RES-100,A,Page 31 to Page 33,5995 - 6364,370,CorpusA_Chunks\A-RES-100\A-RES-100-C21.txt,"M,A,A,A,A,A",supplychain_research-compliance-framework,direct-institutional-or-academic-extraction
A-RES-100-C22,A-RES-100,A,Page 34 to Page 35,6365 - 6614,250,CorpusA_Chunks\A-RES-100\A-RES-100-C22.txt,"M,A,A,A,A,A",supplychain_research-compliance-framework,direct-institutional-or-academic-extraction
A-RES-100-C23,A-RES-100,A,Page 35 to Page 36,6615 - 6970,356,CorpusA_Chunks\A-RES-100\A-RES-100-C23.txt,"M,A,A,A,A,A",supplychain_research-compliance-framework,direct-institutional-or-academic-extraction
A-RES-100-C24,A-RES-100,A,Page 37 to Page 39,6971 - 7220,250,CorpusA_Chunks\A-RES-100\A-RES-100-C24.txt,"M,A,A,A,A,A",supplychain_research-compliance-framework,direct-institutional-or-academic-extraction
A-RES-100-C25,A-RES-100,A,Page 39,7221 - 7506,286,CorpusA_Chunks\A-RES-100\A-RES-100-C25.txt,"M,A,A,A,A,A",supplychain_research-compliance-framework,direct-institutional-or-academic-extraction
A-RES-100-C26,A-RES-100,A,Page 40,7507 - 7777,271,CorpusA_Chunks\A-RES-100\A-RES-100-C26.txt,"M,A,A,A,A,A",supplychain_research-compliance-framework,direct-institutional-or-academic-extraction
A-RES-100-C27,A-RES-100,A,Page 41 to Page 42,7778 - 8074,297,CorpusA_Chunks\A-RES-100\A-RES-100-C27.txt,"M,A,A,A,A,A",supplychain_research-compliance-framework,direct-institutional-or-academic-extraction
A-RES-100-C28,A-RES-100,A,Page 43 to Page 44,8075 - 8203,129,CorpusA_Chunks\A-RES-100\A-RES-100-C28.txt,"M,A,A,A,A,A",supplychain_research-compliance-framework,direct-institutional-or-academic-extraction
A-APEDA-001-C01,A-APEDA-001,A,N/A (Web Scraped / Text Extract),1 - 250,250,CorpusA_Chunks\A-APEDA-001\A-APEDA-001-C01.txt,"A,A,A,A,A,A",organic-certification-framework,third-party-accreditation-and-farm-inspection
A-APEDA-001-C02,A-APEDA-001,A,N/A (Web Scraped / Text Extract),251 - 500,250,CorpusA_Chunks\A-APEDA-001\A-APEDA-001-C02.txt,"A,A,A,A,A,A",organic-certification-framework,third-party-accreditation-and-farm-inspection
A-APEDA-001-C03,A-APEDA-001,A,N/A (Web Scraped / Text Extract),501 - 750,250,CorpusA_Chunks\A-APEDA-001\A-APEDA-001-C03.txt,"A,A,A,A,A,A",organic-certification-framework,third-party-accreditation-and-farm-inspection
A-APEDA-001-C04,A-APEDA-001,A,N/A (Web Scraped / Text Extract),751 - 1000,250,CorpusA_Chunks\A-APEDA-001\A-APEDA-001-C04.txt,"A,A,A,A,A,A",organic-certification-framework,third-party-accreditation-and-farm-inspection
A-APEDA-001-C05,A-APEDA-001,A,N/A (Web Scraped / Text Extract),1001 - 1250,250,CorpusA_Chunks\A-APEDA-001\A-APEDA-001-C05.txt,"A,A,A,A,A,A",organic-certification-framework,third-party-accreditation-and-farm-inspection
A-APEDA-001-C06,A-APEDA-001,A,N/A (Web Scraped / Text Extract),1251 - 1500,250,CorpusA_Chunks\A-APEDA-001\A-APEDA-001-C06.txt,"A,A,A,A,A,A",organic-certification-framework,third-party-accreditation-and-farm-inspection
A-APEDA-001-C07,A-APEDA-001,A,N/A (Web Scraped / Text Extract),1501 - 1750,250,CorpusA_Chunks\A-APEDA-001\A-APEDA-001-C07.txt,"A,A,A,A,A,A",organic-certification-framework,third-party-accreditation-and-farm-inspection
A-APEDA-001-C08,A-APEDA-001,A,N/A (Web Scraped / Text Extract),1751 - 2000,250,CorpusA_Chunks\A-APEDA-001\A-APEDA-001-C08.txt,"A,A,A,A,A,A",organic-certification-framework,third-party-accreditation-and-farm-inspection
A-APEDA-001-C09,A-APEDA-001,A,N/A (Web Scraped / Text Extract),2001 - 2380,380,CorpusA_Chunks\A-APEDA-001\A-APEDA-001-C09.txt,"A,A,A,A,A,A",organic-certification-framework,third-party-accreditation-and-farm-inspection
A-APEDA-007-C01,A-APEDA-007,A,N/A (Web Scraped / Text Extract),1 - 250,250,CorpusA_Chunks\A-APEDA-007\A-APEDA-007-C01.txt,"A,A,A,A,A,A",cereals-export-protocol,phytosanitary-and-pesticide-mrl-screening
A-APEDA-007-C02,A-APEDA-007,A,N/A (Web Scraped / Text Extract),251 - 500,250,CorpusA_Chunks\A-APEDA-007\A-APEDA-007-C02.txt,"A,A,A,A,A,A",cereals-export-protocol,phytosanitary-and-pesticide-mrl-screening
A-APEDA-007-C03,A-APEDA-007,A,N/A (Web Scraped / Text Extract),501 - 750,250,CorpusA_Chunks\A-APEDA-007\A-APEDA-007-C03.txt,"A,A,A,A,A,A",cereals-export-protocol,phytosanitary-and-pesticide-mrl-screening
A-APEDA-007-C04,A-APEDA-007,A,N/A (Web Scraped / Text Extract),751 - 1140,390,CorpusA_Chunks\A-APEDA-007\A-APEDA-007-C04.txt,"A,A,A,A,A,A",cereals-export-protocol,phytosanitary-and-pesticide-mrl-screening
A-APEDA-008-C01,A-APEDA-008,A,N/A (Web Scraped / Text Extract),1 - 250,250,CorpusA_Chunks\A-APEDA-008\A-APEDA-008-C01.txt,"A,A,A,A,A,A",fresh-produce-hortinet,packhouse-recognition-and-orchard-registration
A-APEDA-008-C02,A-APEDA-008,A,N/A (Web Scraped / Text Extract),251 - 500,250,CorpusA_Chunks\A-APEDA-008\A-APEDA-008-C02.txt,"A,A,A,A,A,A",fresh-produce-hortinet,packhouse-recognition-and-orchard-registration
A-APEDA-008-C03,A-APEDA-008,A,N/A (Web Scraped / Text Extract),501 - 750,250,CorpusA_Chunks\A-APEDA-008\A-APEDA-008-C03.txt,"A,A,A,A,A,A",fresh-produce-hortinet,packhouse-recognition-and-orchard-registration
A-APEDA-008-C04,A-APEDA-008,A,N/A (Web Scraped / Text Extract),751 - 1134,384,CorpusA_Chunks\A-APEDA-008\A-APEDA-008-C04.txt,"A,A,A,A,A,A",fresh-produce-hortinet,packhouse-recognition-and-orchard-registration
A-APEDA-009-C01,A-APEDA-009,A,N/A (Web Scraped / Text Extract),1 - 250,250,CorpusA_Chunks\A-APEDA-009\A-APEDA-009-C01.txt,"A,A,A,A,A,A",animal-products-governance,abattoir-haccp-and-ante-mortem-inspection
A-APEDA-009-C02,A-APEDA-009,A,N/A (Web Scraped / Text Extract),251 - 500,250,CorpusA_Chunks\A-APEDA-009\A-APEDA-009-C02.txt,"A,A,A,A,A,A",animal-products-governance,abattoir-haccp-and-ante-mortem-inspection
A-APEDA-009-C03,A-APEDA-009,A,N/A (Web Scraped / Text Extract),501 - 707,207,CorpusA_Chunks\A-APEDA-009\A-APEDA-009-C03.txt,"A,A,A,A,A,A",animal-products-governance,abattoir-haccp-and-ante-mortem-inspection
A-FSSAI-001-C01,A-FSSAI-001,A,Page 1,1 - 250,250,CorpusA_Chunks\A-FSSAI-001\A-FSSAI-001-C01.txt,"A,A,A,A,A,A",domestic-manufacturing-licensing,schedule-4-sanitary-hygiene-and-haccp-mandate
A-FSSAI-001-C02,A-FSSAI-001,A,Page 1,251 - 516,266,CorpusA_Chunks\A-FSSAI-001\A-FSSAI-001-C02.txt,"A,A,A,A,A,A",domestic-manufacturing-licensing,schedule-4-sanitary-hygiene-and-haccp-mandate
A-FSSAI-001-C03,A-FSSAI-001,A,Page 2,517 - 766,250,CorpusA_Chunks\A-FSSAI-001\A-FSSAI-001-C03.txt,"A,A,A,A,A,A",domestic-manufacturing-licensing,schedule-4-sanitary-hygiene-and-haccp-mandate
A-FSSAI-001-C04,A-FSSAI-001,A,Page 2,767 - 1016,250,CorpusA_Chunks\A-FSSAI-001\A-FSSAI-001-C04.txt,"A,A,A,A,A,A",domestic-manufacturing-licensing,schedule-4-sanitary-hygiene-and-haccp-mandate
A-FSSAI-001-C05,A-FSSAI-001,A,Page 2 to Page 3,1017 - 1266,250,CorpusA_Chunks\A-FSSAI-001\A-FSSAI-001-C05.txt,"A,A,A,A,A,A",domestic-manufacturing-licensing,schedule-4-sanitary-hygiene-and-haccp-mandate
A-FSSAI-001-C06,A-FSSAI-001,A,Page 3,1267 - 1516,250,CorpusA_Chunks\A-FSSAI-001\A-FSSAI-001-C06.txt,"A,A,A,A,A,A",domestic-manufacturing-licensing,schedule-4-sanitary-hygiene-and-haccp-mandate
A-FSSAI-001-C07,A-FSSAI-001,A,Page 3,1517 - 1766,250,CorpusA_Chunks\A-FSSAI-001\A-FSSAI-001-C07.txt,"A,A,A,A,A,A",domestic-manufacturing-licensing,schedule-4-sanitary-hygiene-and-haccp-mandate
A-FSSAI-001-C08,A-FSSAI-001,A,Page 3,1767 - 2060,294,CorpusA_Chunks\A-FSSAI-001\A-FSSAI-001-C08.txt,"A,A,A,A,A,A",domestic-manufacturing-licensing,schedule-4-sanitary-hygiene-and-haccp-mandate
A-FSSAI-001-C09,A-FSSAI-001,A,Page 4,2061 - 2310,250,CorpusA_Chunks\A-FSSAI-001\A-FSSAI-001-C09.txt,"A,A,A,A,A,A",domestic-manufacturing-licensing,schedule-4-sanitary-hygiene-and-haccp-mandate
A-FSSAI-001-C10,A-FSSAI-001,A,Page 4,2311 - 2560,250,CorpusA_Chunks\A-FSSAI-001\A-FSSAI-001-C10.txt,"A,A,A,A,A,A",domestic-manufacturing-licensing,schedule-4-sanitary-hygiene-and-haccp-mandate
A-FSSAI-001-C11,A-FSSAI-001,A,Page 4,2561 - 2905,345,CorpusA_Chunks\A-FSSAI-001\A-FSSAI-001-C11.txt,"A,A,A,A,A,A",domestic-manufacturing-licensing,schedule-4-sanitary-hygiene-and-haccp-mandate
A-FSSAI-001-C12,A-FSSAI-001,A,Page 5,2906 - 3155,250,CorpusA_Chunks\A-FSSAI-001\A-FSSAI-001-C12.txt,"A,A,A,A,A,A",domestic-manufacturing-licensing,schedule-4-sanitary-hygiene-and-haccp-mandate
A-FSSAI-001-C13,A-FSSAI-001,A,Page 5,3156 - 3405,250,CorpusA_Chunks\A-FSSAI-001\A-FSSAI-001-C13.txt,"A,A,A,A,A,A",domestic-manufacturing-licensing,schedule-4-sanitary-hygiene-and-haccp-mandate
A-FSSAI-001-C14,A-FSSAI-001,A,Page 5,3406 - 3703,298,CorpusA_Chunks\A-FSSAI-001\A-FSSAI-001-C14.txt,"A,A,A,A,A,A",domestic-manufacturing-licensing,schedule-4-sanitary-hygiene-and-haccp-mandate
A-FSSAI-001-C15,A-FSSAI-001,A,Page 6,3704 - 3953,250,CorpusA_Chunks\A-FSSAI-001\A-FSSAI-001-C15.txt,"A,A,A,A,A,A",domestic-manufacturing-licensing,schedule-4-sanitary-hygiene-and-haccp-mandate
A-FSSAI-001-C16,A-FSSAI-001,A,Page 6,3954 - 4203,250,CorpusA_Chunks\A-FSSAI-001\A-FSSAI-001-C16.txt,"A,A,A,A,A,A",domestic-manufacturing-licensing,schedule-4-sanitary-hygiene-and-haccp-mandate
A-FSSAI-001-C17,A-FSSAI-001,A,Page 6 to Page 7,4204 - 4453,250,CorpusA_Chunks\A-FSSAI-001\A-FSSAI-001-C17.txt,"A,A,A,A,A,A",domestic-manufacturing-licensing,schedule-4-sanitary-hygiene-and-haccp-mandate
A-FSSAI-001-C18,A-FSSAI-001,A,Page 7 to Page 8,4454 - 4703,250,CorpusA_Chunks\A-FSSAI-001\A-FSSAI-001-C18.txt,"A,A,A,A,A,A",domestic-manufacturing-licensing,schedule-4-sanitary-hygiene-and-haccp-mandate
A-FSSAI-001-C19,A-FSSAI-001,A,Page 8,4704 - 4956,253,CorpusA_Chunks\A-FSSAI-001\A-FSSAI-001-C19.txt,"A,A,A,A,A,A",domestic-manufacturing-licensing,schedule-4-sanitary-hygiene-and-haccp-mandate
A-FSSAI-001-C20,A-FSSAI-001,A,Page 9,4957 - 5221,265,CorpusA_Chunks\A-FSSAI-001\A-FSSAI-001-C20.txt,"A,A,A,A,A,A",domestic-manufacturing-licensing,schedule-4-sanitary-hygiene-and-haccp-mandate
A-FSSAI-001-C21,A-FSSAI-001,A,Page 10 to Page 11,5222 - 5471,250,CorpusA_Chunks\A-FSSAI-001\A-FSSAI-001-C21.txt,"A,A,A,A,A,A",domestic-manufacturing-licensing,schedule-4-sanitary-hygiene-and-haccp-mandate
A-FSSAI-001-C22,A-FSSAI-001,A,Page 11 to Page 12,5472 - 5836,365,CorpusA_Chunks\A-FSSAI-001\A-FSSAI-001-C22.txt,"A,A,A,A,A,A",domestic-manufacturing-licensing,schedule-4-sanitary-hygiene-and-haccp-mandate
A-FSSAI-001-C23,A-FSSAI-001,A,Page 13,5837 - 6086,250,CorpusA_Chunks\A-FSSAI-001\A-FSSAI-001-C23.txt,"A,A,A,A,A,A",domestic-manufacturing-licensing,schedule-4-sanitary-hygiene-and-haccp-mandate
A-FSSAI-001-C24,A-FSSAI-001,A,Page 13 to Page 14,6087 - 6336,250,CorpusA_Chunks\A-FSSAI-001\A-FSSAI-001-C24.txt,"A,A,A,A,A,A",domestic-manufacturing-licensing,schedule-4-sanitary-hygiene-and-haccp-mandate
A-FSSAI-001-C25,A-FSSAI-001,A,Page 14,6337 - 6586,250,CorpusA_Chunks\A-FSSAI-001\A-FSSAI-001-C25.txt,"A,A,A,A,A,A",domestic-manufacturing-licensing,schedule-4-sanitary-hygiene-and-haccp-mandate
A-FSSAI-001-C26,A-FSSAI-001,A,Page 14,6587 - 6836,250,CorpusA_Chunks\A-FSSAI-001\A-FSSAI-001-C26.txt,"A,A,A,A,A,A",domestic-manufacturing-licensing,schedule-4-sanitary-hygiene-and-haccp-mandate
A-FSSAI-001-C27,A-FSSAI-001,A,Page 14 to Page 15,6837 - 7086,250,CorpusA_Chunks\A-FSSAI-001\A-FSSAI-001-C27.txt,"A,A,A,A,A,A",domestic-manufacturing-licensing,schedule-4-sanitary-hygiene-and-haccp-mandate
A-FSSAI-001-C28,A-FSSAI-001,A,Page 15,7087 - 7352,266,CorpusA_Chunks\A-FSSAI-001\A-FSSAI-001-C28.txt,"A,A,A,A,A,A",domestic-manufacturing-licensing,schedule-4-sanitary-hygiene-and-haccp-mandate
A-FSSAI-001-C29,A-FSSAI-001,A,Page 16 to Page 17,7353 - 7652,300,CorpusA_Chunks\A-FSSAI-001\A-FSSAI-001-C29.txt,"A,A,A,A,A,A",domestic-manufacturing-licensing,schedule-4-sanitary-hygiene-and-haccp-mandate
A-FSSAI-001-C30,A-FSSAI-001,A,Page 18 to Page 19,7653 - 7970,318,CorpusA_Chunks\A-FSSAI-001\A-FSSAI-001-C30.txt,"A,A,A,A,A,A",domestic-manufacturing-licensing,schedule-4-sanitary-hygiene-and-haccp-mandate
A-FSSAI-001-C31,A-FSSAI-001,A,Page 20,7971 - 8226,256,CorpusA_Chunks\A-FSSAI-001\A-FSSAI-001-C31.txt,"A,A,A,A,A,A",domestic-manufacturing-licensing,schedule-4-sanitary-hygiene-and-haccp-mandate
A-FSSAI-001-C32,A-FSSAI-001,A,Page 21 to Page 22,8227 - 8476,250,CorpusA_Chunks\A-FSSAI-001\A-FSSAI-001-C32.txt,"A,A,A,A,A,A",domestic-manufacturing-licensing,schedule-4-sanitary-hygiene-and-haccp-mandate
A-FSSAI-001-C33,A-FSSAI-001,A,Page 22,8477 - 8856,380,CorpusA_Chunks\A-FSSAI-001\A-FSSAI-001-C33.txt,"A,A,A,A,A,A",domestic-manufacturing-licensing,schedule-4-sanitary-hygiene-and-haccp-mandate
A-FSSAI-001-C34,A-FSSAI-001,A,Page 23,8857 - 9106,250,CorpusA_Chunks\A-FSSAI-001\A-FSSAI-001-C34.txt,"A,A,A,A,A,A",domestic-manufacturing-licensing,schedule-4-sanitary-hygiene-and-haccp-mandate
A-FSSAI-001-C35,A-FSSAI-001,A,Page 23,9107 - 9356,250,CorpusA_Chunks\A-FSSAI-001\A-FSSAI-001-C35.txt,"A,A,A,A,A,A",domestic-manufacturing-licensing,schedule-4-sanitary-hygiene-and-haccp-mandate
A-FSSAI-001-C36,A-FSSAI-001,A,Page 23 to Page 24,9357 - 9606,250,CorpusA_Chunks\A-FSSAI-001\A-FSSAI-001-C36.txt,"A,A,A,A,A,A",domestic-manufacturing-licensing,schedule-4-sanitary-hygiene-and-haccp-mandate
A-FSSAI-001-C37,A-FSSAI-001,A,Page 24,9607 - 9856,250,CorpusA_Chunks\A-FSSAI-001\A-FSSAI-001-C37.txt,"A,A,A,A,A,A",domestic-manufacturing-licensing,schedule-4-sanitary-hygiene-and-haccp-mandate
A-FSSAI-001-C38,A-FSSAI-001,A,Page 24,9857 - 10106,250,CorpusA_Chunks\A-FSSAI-001\A-FSSAI-001-C38.txt,"A,A,A,A,A,A",domestic-manufacturing-licensing,schedule-4-sanitary-hygiene-and-haccp-mandate
A-FSSAI-001-C39,A-FSSAI-001,A,Page 24,10107 - 10370,264,CorpusA_Chunks\A-FSSAI-001\A-FSSAI-001-C39.txt,"A,A,A,A,A,A",domestic-manufacturing-licensing,schedule-4-sanitary-hygiene-and-haccp-mandate
A-FSSAI-001-C40,A-FSSAI-001,A,Page 25,10371 - 10620,250,CorpusA_Chunks\A-FSSAI-001\A-FSSAI-001-C40.txt,"A,A,A,A,A,A",domestic-manufacturing-licensing,schedule-4-sanitary-hygiene-and-haccp-mandate
A-FSSAI-001-C41,A-FSSAI-001,A,Page 25,10621 - 10870,250,CorpusA_Chunks\A-FSSAI-001\A-FSSAI-001-C41.txt,"A,A,A,A,A,A",domestic-manufacturing-licensing,schedule-4-sanitary-hygiene-and-haccp-mandate
A-FSSAI-001-C42,A-FSSAI-001,A,Page 25 to Page 26,10871 - 11120,250,CorpusA_Chunks\A-FSSAI-001\A-FSSAI-001-C42.txt,"A,A,A,A,A,A",domestic-manufacturing-licensing,schedule-4-sanitary-hygiene-and-haccp-mandate
A-FSSAI-001-C43,A-FSSAI-001,A,Page 26,11121 - 11370,250,CorpusA_Chunks\A-FSSAI-001\A-FSSAI-001-C43.txt,"A,A,A,A,A,A",domestic-manufacturing-licensing,schedule-4-sanitary-hygiene-and-haccp-mandate
A-FSSAI-001-C44,A-FSSAI-001,A,Page 26,11371 - 11751,381,CorpusA_Chunks\A-FSSAI-001\A-FSSAI-001-C44.txt,"A,A,A,A,A,A",domestic-manufacturing-licensing,schedule-4-sanitary-hygiene-and-haccp-mandate
A-FSSAI-001-C45,A-FSSAI-001,A,Page 27,11752 - 12001,250,CorpusA_Chunks\A-FSSAI-001\A-FSSAI-001-C45.txt,"A,A,A,A,A,A",domestic-manufacturing-licensing,schedule-4-sanitary-hygiene-and-haccp-mandate
A-FSSAI-001-C46,A-FSSAI-001,A,Page 27,12002 - 12251,250,CorpusA_Chunks\A-FSSAI-001\A-FSSAI-001-C46.txt,"A,A,A,A,A,A",domestic-manufacturing-licensing,schedule-4-sanitary-hygiene-and-haccp-mandate
A-FSSAI-001-C47,A-FSSAI-001,A,Page 27 to Page 28,12252 - 12501,250,CorpusA_Chunks\A-FSSAI-001\A-FSSAI-001-C47.txt,"A,A,A,A,A,A",domestic-manufacturing-licensing,schedule-4-sanitary-hygiene-and-haccp-mandate
A-FSSAI-001-C48,A-FSSAI-001,A,Page 28,12502 - 12751,250,CorpusA_Chunks\A-FSSAI-001\A-FSSAI-001-C48.txt,"A,A,A,A,A,A",domestic-manufacturing-licensing,schedule-4-sanitary-hygiene-and-haccp-mandate
A-FSSAI-001-C49,A-FSSAI-001,A,Page 28,12752 - 13141,390,CorpusA_Chunks\A-FSSAI-001\A-FSSAI-001-C49.txt,"A,A,A,A,A,A",domestic-manufacturing-licensing,schedule-4-sanitary-hygiene-and-haccp-mandate
A-FSSAI-001-C50,A-FSSAI-001,A,Page 29,13142 - 13391,250,CorpusA_Chunks\A-FSSAI-001\A-FSSAI-001-C50.txt,"A,A,A,A,A,A",domestic-manufacturing-licensing,schedule-4-sanitary-hygiene-and-haccp-mandate
A-FSSAI-001-C51,A-FSSAI-001,A,Page 29,13392 - 13641,250,CorpusA_Chunks\A-FSSAI-001\A-FSSAI-001-C51.txt,"A,A,A,A,A,A",domestic-manufacturing-licensing,schedule-4-sanitary-hygiene-and-haccp-mandate
A-FSSAI-001-C52,A-FSSAI-001,A,Page 29 to Page 30,13642 - 13891,250,CorpusA_Chunks\A-FSSAI-001\A-FSSAI-001-C52.txt,"A,A,A,A,A,A",domestic-manufacturing-licensing,schedule-4-sanitary-hygiene-and-haccp-mandate
A-FSSAI-001-C53,A-FSSAI-001,A,Page 30,13892 - 14141,250,CorpusA_Chunks\A-FSSAI-001\A-FSSAI-001-C53.txt,"A,A,A,A,A,A",domestic-manufacturing-licensing,schedule-4-sanitary-hygiene-and-haccp-mandate
A-FSSAI-001-C54,A-FSSAI-001,A,Page 30,14142 - 14391,250,CorpusA_Chunks\A-FSSAI-001\A-FSSAI-001-C54.txt,"A,A,A,A,A,A",domestic-manufacturing-licensing,schedule-4-sanitary-hygiene-and-haccp-mandate
A-FSSAI-001-C55,A-FSSAI-001,A,Page 30 to Page 31,14392 - 14641,250,CorpusA_Chunks\A-FSSAI-001\A-FSSAI-001-C55.txt,"A,A,A,A,A,A",domestic-manufacturing-licensing,schedule-4-sanitary-hygiene-and-haccp-mandate
A-FSSAI-001-C56,A-FSSAI-001,A,Page 31,14642 - 14891,250,CorpusA_Chunks\A-FSSAI-001\A-FSSAI-001-C56.txt,"A,A,A,A,A,A",domestic-manufacturing-licensing,schedule-4-sanitary-hygiene-and-haccp-mandate
A-FSSAI-001-C57,A-FSSAI-001,A,Page 31,14892 - 15276,385,CorpusA_Chunks\A-FSSAI-001\A-FSSAI-001-C57.txt,"A,A,A,A,A,A",domestic-manufacturing-licensing,schedule-4-sanitary-hygiene-and-haccp-mandate
A-FSSAI-001-C58,A-FSSAI-001,A,Page 32,15277 - 15526,250,CorpusA_Chunks\A-FSSAI-001\A-FSSAI-001-C58.txt,"A,A,A,A,A,A",domestic-manufacturing-licensing,schedule-4-sanitary-hygiene-and-haccp-mandate
A-FSSAI-001-C59,A-FSSAI-001,A,Page 32,15527 - 15776,250,CorpusA_Chunks\A-FSSAI-001\A-FSSAI-001-C59.txt,"A,A,A,A,A,A",domestic-manufacturing-licensing,schedule-4-sanitary-hygiene-and-haccp-mandate
A-FSSAI-001-C60,A-FSSAI-001,A,Page 32 to Page 33,15777 - 16026,250,CorpusA_Chunks\A-FSSAI-001\A-FSSAI-001-C60.txt,"A,A,A,A,A,A",domestic-manufacturing-licensing,schedule-4-sanitary-hygiene-and-haccp-mandate
A-FSSAI-001-C61,A-FSSAI-001,A,Page 33,16027 - 16276,250,CorpusA_Chunks\A-FSSAI-001\A-FSSAI-001-C61.txt,"A,A,A,A,A,A",domestic-manufacturing-licensing,schedule-4-sanitary-hygiene-and-haccp-mandate
A-FSSAI-001-C62,A-FSSAI-001,A,Page 33,16277 - 16672,396,CorpusA_Chunks\A-FSSAI-001\A-FSSAI-001-C62.txt,"A,A,A,A,A,A",domestic-manufacturing-licensing,schedule-4-sanitary-hygiene-and-haccp-mandate
A-FSSAI-001-C63,A-FSSAI-001,A,Page 34,16673 - 16922,250,CorpusA_Chunks\A-FSSAI-001\A-FSSAI-001-C63.txt,"A,A,A,A,A,A",domestic-manufacturing-licensing,schedule-4-sanitary-hygiene-and-haccp-mandate
A-FSSAI-001-C64,A-FSSAI-001,A,Page 34,16923 - 17172,250,CorpusA_Chunks\A-FSSAI-001\A-FSSAI-001-C64.txt,"A,A,A,A,A,A",domestic-manufacturing-licensing,schedule-4-sanitary-hygiene-and-haccp-mandate
A-FSSAI-001-C65,A-FSSAI-001,A,Page 34 to Page 35,17173 - 17422,250,CorpusA_Chunks\A-FSSAI-001\A-FSSAI-001-C65.txt,"A,A,A,A,A,A",domestic-manufacturing-licensing,schedule-4-sanitary-hygiene-and-haccp-mandate
A-FSSAI-001-C66,A-FSSAI-001,A,Page 35,17423 - 17672,250,CorpusA_Chunks\A-FSSAI-001\A-FSSAI-001-C66.txt,"A,A,A,A,A,A",domestic-manufacturing-licensing,schedule-4-sanitary-hygiene-and-haccp-mandate
A-FSSAI-001-C67,A-FSSAI-001,A,Page 35,17673 - 17922,250,CorpusA_Chunks\A-FSSAI-001\A-FSSAI-001-C67.txt,"A,A,A,A,A,A",domestic-manufacturing-licensing,schedule-4-sanitary-hygiene-and-haccp-mandate
A-FSSAI-001-C68,A-FSSAI-001,A,Page 35,17923 - 18172,250,CorpusA_Chunks\A-FSSAI-001\A-FSSAI-001-C68.txt,"A,A,A,A,A,A",domestic-manufacturing-licensing,schedule-4-sanitary-hygiene-and-haccp-mandate
A-FSSAI-001-C69,A-FSSAI-001,A,Page 35 to Page 36,18173 - 18422,250,CorpusA_Chunks\A-FSSAI-001\A-FSSAI-001-C69.txt,"A,A,A,A,A,A",domestic-manufacturing-licensing,schedule-4-sanitary-hygiene-and-haccp-mandate
A-FSSAI-001-C70,A-FSSAI-001,A,Page 36,18423 - 18672,250,CorpusA_Chunks\A-FSSAI-001\A-FSSAI-001-C70.txt,"A,A,A,A,A,A",domestic-manufacturing-licensing,schedule-4-sanitary-hygiene-and-haccp-mandate
A-FSSAI-001-C71,A-FSSAI-001,A,Page 36,18673 - 18922,250,CorpusA_Chunks\A-FSSAI-001\A-FSSAI-001-C71.txt,"A,A,A,A,A,A",domestic-manufacturing-licensing,schedule-4-sanitary-hygiene-and-haccp-mandate
A-FSSAI-001-C72,A-FSSAI-001,A,Page 36 to Page 37,18923 - 19172,250,CorpusA_Chunks\A-FSSAI-001\A-FSSAI-001-C72.txt,"A,A,A,A,A,A",domestic-manufacturing-licensing,schedule-4-sanitary-hygiene-and-haccp-mandate
A-FSSAI-001-C73,A-FSSAI-001,A,Page 37,19173 - 19422,250,CorpusA_Chunks\A-FSSAI-001\A-FSSAI-001-C73.txt,"A,A,A,A,A,A",domestic-manufacturing-licensing,schedule-4-sanitary-hygiene-and-haccp-mandate
A-FSSAI-001-C74,A-FSSAI-001,A,Page 37,19423 - 19672,250,CorpusA_Chunks\A-FSSAI-001\A-FSSAI-001-C74.txt,"A,A,A,A,A,A",domestic-manufacturing-licensing,schedule-4-sanitary-hygiene-and-haccp-mandate
A-FSSAI-001-C75,A-FSSAI-001,A,Page 37 to Page 38,19673 - 19922,250,CorpusA_Chunks\A-FSSAI-001\A-FSSAI-001-C75.txt,"A,A,A,A,A,A",domestic-manufacturing-licensing,schedule-4-sanitary-hygiene-and-haccp-mandate
A-FSSAI-001-C76,A-FSSAI-001,A,Page 38,19923 - 20172,250,CorpusA_Chunks\A-FSSAI-001\A-FSSAI-001-C76.txt,"A,A,A,A,A,A",domestic-manufacturing-licensing,schedule-4-sanitary-hygiene-and-haccp-mandate
A-FSSAI-001-C77,A-FSSAI-001,A,Page 38,20173 - 20494,322,CorpusA_Chunks\A-FSSAI-001\A-FSSAI-001-C77.txt,"A,A,A,A,A,A",domestic-manufacturing-licensing,schedule-4-sanitary-hygiene-and-haccp-mandate
A-FSSAI-001-C78,A-FSSAI-001,A,Page 39,20495 - 20744,250,CorpusA_Chunks\A-FSSAI-001\A-FSSAI-001-C78.txt,"A,A,A,A,A,A",domestic-manufacturing-licensing,schedule-4-sanitary-hygiene-and-haccp-mandate
A-FSSAI-001-C79,A-FSSAI-001,A,Page 39,20745 - 21089,345,CorpusA_Chunks\A-FSSAI-001\A-FSSAI-001-C79.txt,"A,A,A,A,A,A",domestic-manufacturing-licensing,schedule-4-sanitary-hygiene-and-haccp-mandate
A-FSSAI-001-C80,A-FSSAI-001,A,Page 40,21090 - 21339,250,CorpusA_Chunks\A-FSSAI-001\A-FSSAI-001-C80.txt,"A,A,A,A,A,A",domestic-manufacturing-licensing,schedule-4-sanitary-hygiene-and-haccp-mandate
A-FSSAI-001-C81,A-FSSAI-001,A,Page 40,21340 - 21589,250,CorpusA_Chunks\A-FSSAI-001\A-FSSAI-001-C81.txt,"A,A,A,A,A,A",domestic-manufacturing-licensing,schedule-4-sanitary-hygiene-and-haccp-mandate
A-FSSAI-001-C82,A-FSSAI-001,A,Page 40,21590 - 21864,275,CorpusA_Chunks\A-FSSAI-001\A-FSSAI-001-C82.txt,"A,A,A,A,A,A",domestic-manufacturing-licensing,schedule-4-sanitary-hygiene-and-haccp-mandate
A-FSSAI-001-C83,A-FSSAI-001,A,Page 41,21865 - 22114,250,CorpusA_Chunks\A-FSSAI-001\A-FSSAI-001-C83.txt,"A,A,A,A,A,A",domestic-manufacturing-licensing,schedule-4-sanitary-hygiene-and-haccp-mandate
A-FSSAI-001-C84,A-FSSAI-001,A,Page 41,22115 - 22364,250,CorpusA_Chunks\A-FSSAI-001\A-FSSAI-001-C84.txt,"A,A,A,A,A,A",domestic-manufacturing-licensing,schedule-4-sanitary-hygiene-and-haccp-mandate
A-FSSAI-001-C85,A-FSSAI-001,A,Page 41,22365 - 22708,344,CorpusA_Chunks\A-FSSAI-001\A-FSSAI-001-C85.txt,"A,A,A,A,A,A",domestic-manufacturing-licensing,schedule-4-sanitary-hygiene-and-haccp-mandate
A-FSSAI-001-C86,A-FSSAI-001,A,Page 42,22709 - 22958,250,CorpusA_Chunks\A-FSSAI-001\A-FSSAI-001-C86.txt,"A,A,A,A,A,A",domestic-manufacturing-licensing,schedule-4-sanitary-hygiene-and-haccp-mandate
A-FSSAI-001-C87,A-FSSAI-001,A,Page 42,22959 - 23327,369,CorpusA_Chunks\A-FSSAI-001\A-FSSAI-001-C87.txt,"A,A,A,A,A,A",domestic-manufacturing-licensing,schedule-4-sanitary-hygiene-and-haccp-mandate
A-FSSAI-001-C88,A-FSSAI-001,A,Page 43,23328 - 23577,250,CorpusA_Chunks\A-FSSAI-001\A-FSSAI-001-C88.txt,"A,A,A,A,A,A",domestic-manufacturing-licensing,schedule-4-sanitary-hygiene-and-haccp-mandate
A-FSSAI-001-C89,A-FSSAI-001,A,Page 43,23578 - 23827,250,CorpusA_Chunks\A-FSSAI-001\A-FSSAI-001-C89.txt,"A,A,A,A,A,A",domestic-manufacturing-licensing,schedule-4-sanitary-hygiene-and-haccp-mandate
A-FSSAI-001-C90,A-FSSAI-001,A,Page 43,23828 - 24141,314,CorpusA_Chunks\A-FSSAI-001\A-FSSAI-001-C90.txt,"A,A,A,A,A,A",domestic-manufacturing-licensing,schedule-4-sanitary-hygiene-and-haccp-mandate
A-FSSAI-001-C91,A-FSSAI-001,A,Page 44,24142 - 24391,250,CorpusA_Chunks\A-FSSAI-001\A-FSSAI-001-C91.txt,"A,A,A,A,A,A",domestic-manufacturing-licensing,schedule-4-sanitary-hygiene-and-haccp-mandate
A-FSSAI-001-C92,A-FSSAI-001,A,Page 44,24392 - 24641,250,CorpusA_Chunks\A-FSSAI-001\A-FSSAI-001-C92.txt,"A,A,A,A,A,A",domestic-manufacturing-licensing,schedule-4-sanitary-hygiene-and-haccp-mandate
A-FSSAI-001-C93,A-FSSAI-001,A,Page 44 to Page 45,24642 - 24891,250,CorpusA_Chunks\A-FSSAI-001\A-FSSAI-001-C93.txt,"A,A,A,A,A,A",domestic-manufacturing-licensing,schedule-4-sanitary-hygiene-and-haccp-mandate
A-FSSAI-001-C94,A-FSSAI-001,A,Page 45,24892 - 25141,250,CorpusA_Chunks\A-FSSAI-001\A-FSSAI-001-C94.txt,"A,A,A,A,A,A",domestic-manufacturing-licensing,schedule-4-sanitary-hygiene-and-haccp-mandate
A-FSSAI-001-C95,A-FSSAI-001,A,Page 45,25142 - 25391,250,CorpusA_Chunks\A-FSSAI-001\A-FSSAI-001-C95.txt,"A,A,A,A,A,A",domestic-manufacturing-licensing,schedule-4-sanitary-hygiene-and-haccp-mandate
A-FSSAI-001-C96,A-FSSAI-001,A,Page 45,25392 - 25739,348,CorpusA_Chunks\A-FSSAI-001\A-FSSAI-001-C96.txt,"A,A,A,A,A,A",domestic-manufacturing-licensing,schedule-4-sanitary-hygiene-and-haccp-mandate
A-FSSAI-001-C97,A-FSSAI-001,A,Page 46,25740 - 25989,250,CorpusA_Chunks\A-FSSAI-001\A-FSSAI-001-C97.txt,"A,A,A,A,A,A",domestic-manufacturing-licensing,schedule-4-sanitary-hygiene-and-haccp-mandate
A-FSSAI-001-C98,A-FSSAI-001,A,Page 46,25990 - 26239,250,CorpusA_Chunks\A-FSSAI-001\A-FSSAI-001-C98.txt,"A,A,A,A,A,A",domestic-manufacturing-licensing,schedule-4-sanitary-hygiene-and-haccp-mandate
A-FSSAI-001-C99,A-FSSAI-001,A,Page 46,26240 - 26511,272,CorpusA_Chunks\A-FSSAI-001\A-FSSAI-001-C99.txt,"A,A,A,A,A,A",domestic-manufacturing-licensing,schedule-4-sanitary-hygiene-and-haccp-mandate
A-FSSAI-001-C100,A-FSSAI-001,A,Page 47,26512 - 26761,250,CorpusA_Chunks\A-FSSAI-001\A-FSSAI-001-C100.txt,"A,A,A,A,A,A",domestic-manufacturing-licensing,schedule-4-sanitary-hygiene-and-haccp-mandate
A-FSSAI-001-C101,A-FSSAI-001,A,Page 47,26762 - 27011,250,CorpusA_Chunks\A-FSSAI-001\A-FSSAI-001-C101.txt,"A,A,A,A,A,A",domestic-manufacturing-licensing,schedule-4-sanitary-hygiene-and-haccp-mandate
A-FSSAI-001-C102,A-FSSAI-001,A,Page 47 to Page 48,27012 - 27261,250,CorpusA_Chunks\A-FSSAI-001\A-FSSAI-001-C102.txt,"A,A,A,A,A,A",domestic-manufacturing-licensing,schedule-4-sanitary-hygiene-and-haccp-mandate
A-FSSAI-001-C103,A-FSSAI-001,A,Page 48,27262 - 27511,250,CorpusA_Chunks\A-FSSAI-001\A-FSSAI-001-C103.txt,"A,A,A,A,A,A",domestic-manufacturing-licensing,schedule-4-sanitary-hygiene-and-haccp-mandate
A-FSSAI-001-C104,A-FSSAI-001,A,Page 48,27512 - 27761,250,CorpusA_Chunks\A-FSSAI-001\A-FSSAI-001-C104.txt,"A,A,A,A,A,A",domestic-manufacturing-licensing,schedule-4-sanitary-hygiene-and-haccp-mandate
A-FSSAI-001-C105,A-FSSAI-001,A,Page 48 to Page 49,27762 - 28011,250,CorpusA_Chunks\A-FSSAI-001\A-FSSAI-001-C105.txt,"A,A,A,A,A,A",domestic-manufacturing-licensing,schedule-4-sanitary-hygiene-and-haccp-mandate
A-FSSAI-001-C106,A-FSSAI-001,A,Page 49,28012 - 28261,250,CorpusA_Chunks\A-FSSAI-001\A-FSSAI-001-C106.txt,"A,A,A,A,A,A",domestic-manufacturing-licensing,schedule-4-sanitary-hygiene-and-haccp-mandate
A-FSSAI-001-C107,A-FSSAI-001,A,Page 49,28262 - 28550,289,CorpusA_Chunks\A-FSSAI-001\A-FSSAI-001-C107.txt,"A,A,A,A,A,A",domestic-manufacturing-licensing,schedule-4-sanitary-hygiene-and-haccp-mandate
A-FSSAI-001-C108,A-FSSAI-001,A,Page 50,28551 - 28800,250,CorpusA_Chunks\A-FSSAI-001\A-FSSAI-001-C108.txt,"A,A,A,A,A,A",domestic-manufacturing-licensing,schedule-4-sanitary-hygiene-and-haccp-mandate
A-FSSAI-001-C109,A-FSSAI-001,A,Page 50 to Page 51,28801 - 29050,250,CorpusA_Chunks\A-FSSAI-001\A-FSSAI-001-C109.txt,"A,A,A,A,A,A",domestic-manufacturing-licensing,schedule-4-sanitary-hygiene-and-haccp-mandate
A-FSSAI-001-C110,A-FSSAI-001,A,Page 51,29051 - 29300,250,CorpusA_Chunks\A-FSSAI-001\A-FSSAI-001-C110.txt,"A,A,A,A,A,A",domestic-manufacturing-licensing,schedule-4-sanitary-hygiene-and-haccp-mandate
A-FSSAI-001-C111,A-FSSAI-001,A,Page 51,29301 - 29593,293,CorpusA_Chunks\A-FSSAI-001\A-FSSAI-001-C111.txt,"A,A,A,A,A,A",domestic-manufacturing-licensing,schedule-4-sanitary-hygiene-and-haccp-mandate
A-FSSAI-001-C112,A-FSSAI-001,A,Page 52,29594 - 29843,250,CorpusA_Chunks\A-FSSAI-001\A-FSSAI-001-C112.txt,"A,A,A,A,A,A",domestic-manufacturing-licensing,schedule-4-sanitary-hygiene-and-haccp-mandate
A-FSSAI-001-C113,A-FSSAI-001,A,Page 52,29844 - 30151,308,CorpusA_Chunks\A-FSSAI-001\A-FSSAI-001-C113.txt,"A,A,A,A,A,A",domestic-manufacturing-licensing,schedule-4-sanitary-hygiene-and-haccp-mandate
A-FSSAI-001-C114,A-FSSAI-001,A,Page 53,30152 - 30401,250,CorpusA_Chunks\A-FSSAI-001\A-FSSAI-001-C114.txt,"A,A,A,A,A,A",domestic-manufacturing-licensing,schedule-4-sanitary-hygiene-and-haccp-mandate
A-FSSAI-001-C115,A-FSSAI-001,A,Page 53,30402 - 30664,263,CorpusA_Chunks\A-FSSAI-001\A-FSSAI-001-C115.txt,"A,A,A,A,A,A",domestic-manufacturing-licensing,schedule-4-sanitary-hygiene-and-haccp-mandate
A-FSSAI-001-C116,A-FSSAI-001,A,Page 54,30665 - 31042,378,CorpusA_Chunks\A-FSSAI-001\A-FSSAI-001-C116.txt,"A,A,A,A,A,A",domestic-manufacturing-licensing,schedule-4-sanitary-hygiene-and-haccp-mandate
A-MPEDA-004-C01,A-MPEDA-004,A,Page 1 to Page 3,1 - 320,320,CorpusA_Chunks\A-MPEDA-004\A-MPEDA-004-C01.txt,"A,A,A,A,A,A",export-impact-evaluation,marine-trade-policy-assessment-metrics
A-MPEDA-004-C02,A-MPEDA-004,A,Page 4 to Page 5,321 - 655,335,CorpusA_Chunks\A-MPEDA-004\A-MPEDA-004-C02.txt,"A,A,A,A,A,A",export-impact-evaluation,marine-trade-policy-assessment-metrics
A-MPEDA-004-C03,A-MPEDA-004,A,Page 6 to Page 7,656 - 1011,356,CorpusA_Chunks\A-MPEDA-004\A-MPEDA-004-C03.txt,"A,A,A,A,A,A",export-impact-evaluation,marine-trade-policy-assessment-metrics
A-MPEDA-004-C04,A-MPEDA-004,A,Page 8 to Page 10,1012 - 1261,250,CorpusA_Chunks\A-MPEDA-004\A-MPEDA-004-C04.txt,"A,A,A,A,A,A",export-impact-evaluation,marine-trade-policy-assessment-metrics
A-MPEDA-004-C05,A-MPEDA-004,A,Page 10,1262 - 1511,250,CorpusA_Chunks\A-MPEDA-004\A-MPEDA-004-C05.txt,"A,A,A,A,A,A",export-impact-evaluation,marine-trade-policy-assessment-metrics
A-MPEDA-004-C06,A-MPEDA-004,A,Page 10 to Page 11,1512 - 1761,250,CorpusA_Chunks\A-MPEDA-004\A-MPEDA-004-C06.txt,"A,A,A,A,A,A",export-impact-evaluation,marine-trade-policy-assessment-metrics
A-MPEDA-004-C07,A-MPEDA-004,A,Page 11 to Page 12,1762 - 2011,250,CorpusA_Chunks\A-MPEDA-004\A-MPEDA-004-C07.txt,"A,A,A,A,A,A",export-impact-evaluation,marine-trade-policy-assessment-metrics
A-MPEDA-004-C08,A-MPEDA-004,A,Page 12,2012 - 2406,395,CorpusA_Chunks\A-MPEDA-004\A-MPEDA-004-C08.txt,"A,A,A,A,A,A",export-impact-evaluation,marine-trade-policy-assessment-metrics
A-MPEDA-004-C09,A-MPEDA-004,A,Page 13,2407 - 2790,384,CorpusA_Chunks\A-MPEDA-004\A-MPEDA-004-C09.txt,"A,A,A,A,A,A",export-impact-evaluation,marine-trade-policy-assessment-metrics
A-MPEDA-004-C10,A-MPEDA-004,A,Page 14,2791 - 3077,287,CorpusA_Chunks\A-MPEDA-004\A-MPEDA-004-C10.txt,"A,A,A,A,A,A",export-impact-evaluation,marine-trade-policy-assessment-metrics
A-MPEDA-004-C11,A-MPEDA-004,A,Page 15,3078 - 3377,300,CorpusA_Chunks\A-MPEDA-004\A-MPEDA-004-C11.txt,"A,A,A,A,A,A",export-impact-evaluation,marine-trade-policy-assessment-metrics
A-MPEDA-004-C12,A-MPEDA-004,A,Page 16,3378 - 3627,250,CorpusA_Chunks\A-MPEDA-004\A-MPEDA-004-C12.txt,"A,A,A,A,A,A",export-impact-evaluation,marine-trade-policy-assessment-metrics
A-MPEDA-004-C13,A-MPEDA-004,A,Page 16,3628 - 3898,271,CorpusA_Chunks\A-MPEDA-004\A-MPEDA-004-C13.txt,"A,A,A,A,A,A",export-impact-evaluation,marine-trade-policy-assessment-metrics
A-MPEDA-004-C14,A-MPEDA-004,A,Page 17,3899 - 4148,250,CorpusA_Chunks\A-MPEDA-004\A-MPEDA-004-C14.txt,"A,A,A,A,A,A",export-impact-evaluation,marine-trade-policy-assessment-metrics
A-MPEDA-004-C15,A-MPEDA-004,A,Page 17 to Page 18,4149 - 4399,251,CorpusA_Chunks\A-MPEDA-004\A-MPEDA-004-C15.txt,"A,A,A,A,A,A",export-impact-evaluation,marine-trade-policy-assessment-metrics
A-MPEDA-004-C16,A-MPEDA-004,A,Page 19,4400 - 4793,394,CorpusA_Chunks\A-MPEDA-004\A-MPEDA-004-C16.txt,"A,A,A,A,A,A",export-impact-evaluation,marine-trade-policy-assessment-metrics
A-MPEDA-004-C17,A-MPEDA-004,A,Page 20,4794 - 5134,341,CorpusA_Chunks\A-MPEDA-004\A-MPEDA-004-C17.txt,"A,A,A,A,A,A",export-impact-evaluation,marine-trade-policy-assessment-metrics
A-MPEDA-004-C18,A-MPEDA-004,A,Page 21 to Page 22,5135 - 5384,250,CorpusA_Chunks\A-MPEDA-004\A-MPEDA-004-C18.txt,"A,A,A,A,A,A",export-impact-evaluation,marine-trade-policy-assessment-metrics
A-MPEDA-004-C19,A-MPEDA-004,A,Page 22 to Page 23,5385 - 5634,250,CorpusA_Chunks\A-MPEDA-004\A-MPEDA-004-C19.txt,"A,A,A,A,A,A",export-impact-evaluation,marine-trade-policy-assessment-metrics
A-MPEDA-004-C20,A-MPEDA-004,A,Page 23,5635 - 5884,250,CorpusA_Chunks\A-MPEDA-004\A-MPEDA-004-C20.txt,"A,A,A,A,A,A",export-impact-evaluation,marine-trade-policy-assessment-metrics
A-MPEDA-004-C21,A-MPEDA-004,A,Page 23 to Page 24,5885 - 6134,250,CorpusA_Chunks\A-MPEDA-004\A-MPEDA-004-C21.txt,"A,A,A,A,A,A",export-impact-evaluation,marine-trade-policy-assessment-metrics
A-MPEDA-004-C22,A-MPEDA-004,A,Page 24,6135 - 6463,329,CorpusA_Chunks\A-MPEDA-004\A-MPEDA-004-C22.txt,"A,A,A,A,A,A",export-impact-evaluation,marine-trade-policy-assessment-metrics
A-MPEDA-004-C23,A-MPEDA-004,A,Page 25 to Page 26,6464 - 6835,372,CorpusA_Chunks\A-MPEDA-004\A-MPEDA-004-C23.txt,"A,A,A,A,A,A",export-impact-evaluation,marine-trade-policy-assessment-metrics
A-MPEDA-004-C24,A-MPEDA-004,A,Page 27 to Page 28,6836 - 7085,250,CorpusA_Chunks\A-MPEDA-004\A-MPEDA-004-C24.txt,"A,A,A,A,A,A",export-impact-evaluation,marine-trade-policy-assessment-metrics
A-MPEDA-004-C25,A-MPEDA-004,A,Page 28 to Page 29,7086 - 7335,250,CorpusA_Chunks\A-MPEDA-004\A-MPEDA-004-C25.txt,"A,A,A,A,A,A",export-impact-evaluation,marine-trade-policy-assessment-metrics
A-MPEDA-004-C26,A-MPEDA-004,A,Page 29 to Page 30,7336 - 7585,250,CorpusA_Chunks\A-MPEDA-004\A-MPEDA-004-C26.txt,"A,A,A,A,A,A",export-impact-evaluation,marine-trade-policy-assessment-metrics
A-MPEDA-004-C27,A-MPEDA-004,A,Page 30,7586 - 7861,276,CorpusA_Chunks\A-MPEDA-004\A-MPEDA-004-C27.txt,"A,A,A,A,A,A",export-impact-evaluation,marine-trade-policy-assessment-metrics
A-MPEDA-004-C28,A-MPEDA-004,A,Page 31,7862 - 8154,293,CorpusA_Chunks\A-MPEDA-004\A-MPEDA-004-C28.txt,"A,A,A,A,A,A",export-impact-evaluation,marine-trade-policy-assessment-metrics
A-MPEDA-004-C29,A-MPEDA-004,A,Page 32 to Page 33,8155 - 8415,261,CorpusA_Chunks\A-MPEDA-004\A-MPEDA-004-C29.txt,"A,A,A,A,A,A",export-impact-evaluation,marine-trade-policy-assessment-metrics
A-MPEDA-004-C30,A-MPEDA-004,A,Page 34 to Page 35,8416 - 8665,250,CorpusA_Chunks\A-MPEDA-004\A-MPEDA-004-C30.txt,"A,A,A,A,A,A",export-impact-evaluation,marine-trade-policy-assessment-metrics
A-MPEDA-004-C31,A-MPEDA-004,A,Page 35,8666 - 8960,295,CorpusA_Chunks\A-MPEDA-004\A-MPEDA-004-C31.txt,"A,A,A,A,A,A",export-impact-evaluation,marine-trade-policy-assessment-metrics
A-MPEDA-004-C32,A-MPEDA-004,A,Page 36 to Page 38,8961 - 9215,255,CorpusA_Chunks\A-MPEDA-004\A-MPEDA-004-C32.txt,"A,A,A,A,A,A",export-impact-evaluation,marine-trade-policy-assessment-metrics
A-MPEDA-004-C33,A-MPEDA-004,A,Page 39,9216 - 9500,285,CorpusA_Chunks\A-MPEDA-004\A-MPEDA-004-C33.txt,"A,A,A,A,A,A",export-impact-evaluation,marine-trade-policy-assessment-metrics
A-MPEDA-004-C34,A-MPEDA-004,A,Page 40 to Page 41,9501 - 9887,387,CorpusA_Chunks\A-MPEDA-004\A-MPEDA-004-C34.txt,"A,A,A,A,A,A",export-impact-evaluation,marine-trade-policy-assessment-metrics
A-MPEDA-004-C35,A-MPEDA-004,A,Page 42,9888 - 10211,324,CorpusA_Chunks\A-MPEDA-004\A-MPEDA-004-C35.txt,"A,A,A,A,A,A",export-impact-evaluation,marine-trade-policy-assessment-metrics
A-MPEDA-004-C36,A-MPEDA-004,A,Page 43,10212 - 10536,325,CorpusA_Chunks\A-MPEDA-004\A-MPEDA-004-C36.txt,"A,A,A,A,A,A",export-impact-evaluation,marine-trade-policy-assessment-metrics
A-MPEDA-004-C37,A-MPEDA-004,A,Page 44,10537 - 10849,313,CorpusA_Chunks\A-MPEDA-004\A-MPEDA-004-C37.txt,"A,A,A,A,A,A",export-impact-evaluation,marine-trade-policy-assessment-metrics
A-MPEDA-004-C38,A-MPEDA-004,A,Page 45,10850 - 11135,286,CorpusA_Chunks\A-MPEDA-004\A-MPEDA-004-C38.txt,"A,A,A,A,A,A",export-impact-evaluation,marine-trade-policy-assessment-metrics
A-MPEDA-004-C39,A-MPEDA-004,A,Page 46,11136 - 11394,259,CorpusA_Chunks\A-MPEDA-004\A-MPEDA-004-C39.txt,"A,A,A,A,A,A",export-impact-evaluation,marine-trade-policy-assessment-metrics
A-MPEDA-004-C40,A-MPEDA-004,A,Page 47,11395 - 11766,372,CorpusA_Chunks\A-MPEDA-004\A-MPEDA-004-C40.txt,"A,A,A,A,A,A",export-impact-evaluation,marine-trade-policy-assessment-metrics
A-MPEDA-004-C41,A-MPEDA-004,A,Page 48 to Page 49,11767 - 12016,250,CorpusA_Chunks\A-MPEDA-004\A-MPEDA-004-C41.txt,"A,A,A,A,A,A",export-impact-evaluation,marine-trade-policy-assessment-metrics
A-MPEDA-004-C42,A-MPEDA-004,A,Page 49 to Page 50,12017 - 12266,250,CorpusA_Chunks\A-MPEDA-004\A-MPEDA-004-C42.txt,"A,A,A,A,A,A",export-impact-evaluation,marine-trade-policy-assessment-metrics
A-MPEDA-004-C43,A-MPEDA-004,A,Page 50,12267 - 12572,306,CorpusA_Chunks\A-MPEDA-004\A-MPEDA-004-C43.txt,"A,A,A,A,A,A",export-impact-evaluation,marine-trade-policy-assessment-metrics
A-MPEDA-004-C44,A-MPEDA-004,A,Page 51 to Page 52,12573 - 12872,300,CorpusA_Chunks\A-MPEDA-004\A-MPEDA-004-C44.txt,"A,A,A,A,A,A",export-impact-evaluation,marine-trade-policy-assessment-metrics
A-MPEDA-004-C45,A-MPEDA-004,A,Page 53,12873 - 13188,316,CorpusA_Chunks\A-MPEDA-004\A-MPEDA-004-C45.txt,"A,A,A,A,A,A",export-impact-evaluation,marine-trade-policy-assessment-metrics
A-MPEDA-004-C46,A-MPEDA-004,A,Page 54,13189 - 13579,391,CorpusA_Chunks\A-MPEDA-004\A-MPEDA-004-C46.txt,"A,A,A,A,A,A",export-impact-evaluation,marine-trade-policy-assessment-metrics
A-MPEDA-004-C47,A-MPEDA-004,A,Page 55,13580 - 13960,381,CorpusA_Chunks\A-MPEDA-004\A-MPEDA-004-C47.txt,"A,A,A,A,A,A",export-impact-evaluation,marine-trade-policy-assessment-metrics
A-MPEDA-004-C48,A-MPEDA-004,A,Page 56,13961 - 14230,270,CorpusA_Chunks\A-MPEDA-004\A-MPEDA-004-C48.txt,"A,A,A,A,A,A",export-impact-evaluation,marine-trade-policy-assessment-metrics
A-MPEDA-004-C49,A-MPEDA-004,A,Page 57,14231 - 14573,343,CorpusA_Chunks\A-MPEDA-004\A-MPEDA-004-C49.txt,"A,A,A,A,A,A",export-impact-evaluation,marine-trade-policy-assessment-metrics
A-MPEDA-004-C50,A-MPEDA-004,A,Page 58 to Page 59,14574 - 14823,250,CorpusA_Chunks\A-MPEDA-004\A-MPEDA-004-C50.txt,"A,A,A,A,A,A",export-impact-evaluation,marine-trade-policy-assessment-metrics
A-MPEDA-004-C51,A-MPEDA-004,A,Page 59,14824 - 15097,274,CorpusA_Chunks\A-MPEDA-004\A-MPEDA-004-C51.txt,"A,A,A,A,A,A",export-impact-evaluation,marine-trade-policy-assessment-metrics
A-MPEDA-004-C52,A-MPEDA-004,A,Page 60 to Page 61,15098 - 15367,270,CorpusA_Chunks\A-MPEDA-004\A-MPEDA-004-C52.txt,"A,A,A,A,A,A",export-impact-evaluation,marine-trade-policy-assessment-metrics
A-MPEDA-004-C53,A-MPEDA-004,A,Page 62,15368 - 15639,272,CorpusA_Chunks\A-MPEDA-004\A-MPEDA-004-C53.txt,"A,A,A,A,A,A",export-impact-evaluation,marine-trade-policy-assessment-metrics
A-MPEDA-004-C54,A-MPEDA-004,A,Page 63 to Page 66,15640 - 15889,250,CorpusA_Chunks\A-MPEDA-004\A-MPEDA-004-C54.txt,"A,A,A,A,A,A",export-impact-evaluation,marine-trade-policy-assessment-metrics
A-MPEDA-004-C55,A-MPEDA-004,A,Page 66,15890 - 16167,278,CorpusA_Chunks\A-MPEDA-004\A-MPEDA-004-C55.txt,"A,A,A,A,A,A",export-impact-evaluation,marine-trade-policy-assessment-metrics
A-MPEDA-004-C56,A-MPEDA-004,A,Page 67,16168 - 16488,321,CorpusA_Chunks\A-MPEDA-004\A-MPEDA-004-C56.txt,"A,A,A,A,A,A",export-impact-evaluation,marine-trade-policy-assessment-metrics
A-MPEDA-004-C57,A-MPEDA-004,A,Page 68,16489 - 16761,273,CorpusA_Chunks\A-MPEDA-004\A-MPEDA-004-C57.txt,"A,A,A,A,A,A",export-impact-evaluation,marine-trade-policy-assessment-metrics
A-MPEDA-004-C58,A-MPEDA-004,A,Page 69,16762 - 17036,275,CorpusA_Chunks\A-MPEDA-004\A-MPEDA-004-C58.txt,"A,A,A,A,A,A",export-impact-evaluation,marine-trade-policy-assessment-metrics
A-MPEDA-004-C59,A-MPEDA-004,A,Page 70 to Page 72,17037 - 17286,250,CorpusA_Chunks\A-MPEDA-004\A-MPEDA-004-C59.txt,"A,A,A,A,A,A",export-impact-evaluation,marine-trade-policy-assessment-metrics
A-MPEDA-004-C60,A-MPEDA-004,A,Page 72 to Page 73,17287 - 17536,250,CorpusA_Chunks\A-MPEDA-004\A-MPEDA-004-C60.txt,"A,A,A,A,A,A",export-impact-evaluation,marine-trade-policy-assessment-metrics
A-MPEDA-004-C61,A-MPEDA-004,A,Page 73 to Page 74,17537 - 17811,275,CorpusA_Chunks\A-MPEDA-004\A-MPEDA-004-C61.txt,"A,A,A,A,A,A",export-impact-evaluation,marine-trade-policy-assessment-metrics
A-MPEDA-004-C62,A-MPEDA-004,A,Page 75 to Page 76,17812 - 18061,250,CorpusA_Chunks\A-MPEDA-004\A-MPEDA-004-C62.txt,"A,A,A,A,A,A",export-impact-evaluation,marine-trade-policy-assessment-metrics
A-MPEDA-004-C63,A-MPEDA-004,A,Page 76 to Page 77,18062 - 18439,378,CorpusA_Chunks\A-MPEDA-004\A-MPEDA-004-C63.txt,"A,A,A,A,A,A",export-impact-evaluation,marine-trade-policy-assessment-metrics
A-MPEDA-004-C64,A-MPEDA-004,A,Page 78,18440 - 18702,263,CorpusA_Chunks\A-MPEDA-004\A-MPEDA-004-C64.txt,"A,A,A,A,A,A",export-impact-evaluation,marine-trade-policy-assessment-metrics
A-MPEDA-004-C65,A-MPEDA-004,A,Page 79 to Page 82,18703 - 18975,273,CorpusA_Chunks\A-MPEDA-004\A-MPEDA-004-C65.txt,"A,A,A,A,A,A",export-impact-evaluation,marine-trade-policy-assessment-metrics
A-MPEDA-004-C66,A-MPEDA-004,A,Page 83 to Page 84,18976 - 19231,256,CorpusA_Chunks\A-MPEDA-004\A-MPEDA-004-C66.txt,"A,A,A,A,A,A",export-impact-evaluation,marine-trade-policy-assessment-metrics
A-MPEDA-004-C67,A-MPEDA-004,A,Page 85,19232 - 19481,250,CorpusA_Chunks\A-MPEDA-004\A-MPEDA-004-C67.txt,"A,A,A,A,A,A",export-impact-evaluation,marine-trade-policy-assessment-metrics
A-MPEDA-004-C68,A-MPEDA-004,A,Page 85 to Page 86,19482 - 19731,250,CorpusA_Chunks\A-MPEDA-004\A-MPEDA-004-C68.txt,"A,A,A,A,A,A",export-impact-evaluation,marine-trade-policy-assessment-metrics
A-MPEDA-004-C69,A-MPEDA-004,A,Page 86 to Page 87,19732 - 19981,250,CorpusA_Chunks\A-MPEDA-004\A-MPEDA-004-C69.txt,"A,A,A,A,A,A",export-impact-evaluation,marine-trade-policy-assessment-metrics
A-MPEDA-004-C70,A-MPEDA-004,A,Page 87 to Page 88,19982 - 20231,250,CorpusA_Chunks\A-MPEDA-004\A-MPEDA-004-C70.txt,"A,A,A,A,A,A",export-impact-evaluation,marine-trade-policy-assessment-metrics
A-MPEDA-004-C71,A-MPEDA-004,A,Page 88,20232 - 20533,302,CorpusA_Chunks\A-MPEDA-004\A-MPEDA-004-C71.txt,"A,A,A,A,A,A",export-impact-evaluation,marine-trade-policy-assessment-metrics
A-MPEDA-004-C72,A-MPEDA-004,A,Page 89,20534 - 20814,281,CorpusA_Chunks\A-MPEDA-004\A-MPEDA-004-C72.txt,"A,A,A,A,A,A",export-impact-evaluation,marine-trade-policy-assessment-metrics
A-MPEDA-004-C73,A-MPEDA-004,A,Page 90 to Page 91,20815 - 21064,250,CorpusA_Chunks\A-MPEDA-004\A-MPEDA-004-C73.txt,"A,A,A,A,A,A",export-impact-evaluation,marine-trade-policy-assessment-metrics
A-MPEDA-004-C74,A-MPEDA-004,A,Page 91,21065 - 21329,265,CorpusA_Chunks\A-MPEDA-004\A-MPEDA-004-C74.txt,"A,A,A,A,A,A",export-impact-evaluation,marine-trade-policy-assessment-metrics
A-MPEDA-004-C75,A-MPEDA-004,A,Page 92,21330 - 21606,277,CorpusA_Chunks\A-MPEDA-004\A-MPEDA-004-C75.txt,"A,A,A,A,A,A",export-impact-evaluation,marine-trade-policy-assessment-metrics
A-MPEDA-004-C76,A-MPEDA-004,A,Page 93 to Page 94,21607 - 21856,250,CorpusA_Chunks\A-MPEDA-004\A-MPEDA-004-C76.txt,"A,A,A,A,A,A",export-impact-evaluation,marine-trade-policy-assessment-metrics
A-MPEDA-004-C77,A-MPEDA-004,A,Page 94,21857 - 22115,259,CorpusA_Chunks\A-MPEDA-004\A-MPEDA-004-C77.txt,"A,A,A,A,A,A",export-impact-evaluation,marine-trade-policy-assessment-metrics
A-MPEDA-004-C78,A-MPEDA-004,A,Page 95 to Page 96,22116 - 22365,250,CorpusA_Chunks\A-MPEDA-004\A-MPEDA-004-C78.txt,"A,A,A,A,A,A",export-impact-evaluation,marine-trade-policy-assessment-metrics
A-MPEDA-004-C79,A-MPEDA-004,A,Page 96 to Page 97,22366 - 22615,250,CorpusA_Chunks\A-MPEDA-004\A-MPEDA-004-C79.txt,"A,A,A,A,A,A",export-impact-evaluation,marine-trade-policy-assessment-metrics
A-MPEDA-004-C80,A-MPEDA-004,A,Page 97 to Page 98,22616 - 22865,250,CorpusA_Chunks\A-MPEDA-004\A-MPEDA-004-C80.txt,"A,A,A,A,A,A",export-impact-evaluation,marine-trade-policy-assessment-metrics
A-MPEDA-004-C81,A-MPEDA-004,A,Page 98,22866 - 23124,259,CorpusA_Chunks\A-MPEDA-004\A-MPEDA-004-C81.txt,"A,A,A,A,A,A",export-impact-evaluation,marine-trade-policy-assessment-metrics
A-MPEDA-004-C82,A-MPEDA-004,A,Page 99 to Page 100,23125 - 23374,250,CorpusA_Chunks\A-MPEDA-004\A-MPEDA-004-C82.txt,"A,A,A,A,A,A",export-impact-evaluation,marine-trade-policy-assessment-metrics
A-MPEDA-004-C83,A-MPEDA-004,A,Page 100 to Page 101,23375 - 23624,250,CorpusA_Chunks\A-MPEDA-004\A-MPEDA-004-C83.txt,"A,A,A,A,A,A",export-impact-evaluation,marine-trade-policy-assessment-metrics
A-MPEDA-004-C84,A-MPEDA-004,A,Page 101,23625 - 23931,307,CorpusA_Chunks\A-MPEDA-004\A-MPEDA-004-C84.txt,"A,A,A,A,A,A",export-impact-evaluation,marine-trade-policy-assessment-metrics
A-MPEDA-004-C85,A-MPEDA-004,A,Page 102 to Page 103,23932 - 24181,250,CorpusA_Chunks\A-MPEDA-004\A-MPEDA-004-C85.txt,"A,A,A,A,A,A",export-impact-evaluation,marine-trade-policy-assessment-metrics
A-MPEDA-004-C86,A-MPEDA-004,A,Page 103,24182 - 24488,307,CorpusA_Chunks\A-MPEDA-004\A-MPEDA-004-C86.txt,"A,A,A,A,A,A",export-impact-evaluation,marine-trade-policy-assessment-metrics
A-MPEDA-004-C87,A-MPEDA-004,A,Page 104,24489 - 24739,251,CorpusA_Chunks\A-MPEDA-004\A-MPEDA-004-C87.txt,"A,A,A,A,A,A",export-impact-evaluation,marine-trade-policy-assessment-metrics
A-MPEDA-004-C88,A-MPEDA-004,A,Page 105,24740 - 24990,251,CorpusA_Chunks\A-MPEDA-004\A-MPEDA-004-C88.txt,"A,A,A,A,A,A",export-impact-evaluation,marine-trade-policy-assessment-metrics
A-MPEDA-004-C89,A-MPEDA-004,A,Page 106 to Page 107,24991 - 25295,305,CorpusA_Chunks\A-MPEDA-004\A-MPEDA-004-C89.txt,"A,A,A,A,A,A",export-impact-evaluation,marine-trade-policy-assessment-metrics
A-MPEDA-004-C90,A-MPEDA-004,A,Page 108 to Page 109,25296 - 25545,250,CorpusA_Chunks\A-MPEDA-004\A-MPEDA-004-C90.txt,"A,A,A,A,A,A",export-impact-evaluation,marine-trade-policy-assessment-metrics
A-MPEDA-004-C91,A-MPEDA-004,A,Page 109,25546 - 25810,265,CorpusA_Chunks\A-MPEDA-004\A-MPEDA-004-C91.txt,"A,A,A,A,A,A",export-impact-evaluation,marine-trade-policy-assessment-metrics
A-MPEDA-004-C92,A-MPEDA-004,A,Page 110,25811 - 26112,302,CorpusA_Chunks\A-MPEDA-004\A-MPEDA-004-C92.txt,"A,A,A,A,A,A",export-impact-evaluation,marine-trade-policy-assessment-metrics
A-MPEDA-004-C93,A-MPEDA-004,A,Page 111 to Page 112,26113 - 26362,250,CorpusA_Chunks\A-MPEDA-004\A-MPEDA-004-C93.txt,"A,A,A,A,A,A",export-impact-evaluation,marine-trade-policy-assessment-metrics
A-MPEDA-004-C94,A-MPEDA-004,A,Page 112,26363 - 26608,246,CorpusA_Chunks\A-MPEDA-004\A-MPEDA-004-C94.txt,"A,A,A,A,A,A",export-impact-evaluation,marine-trade-policy-assessment-metrics
A-SPICE-001-C01,A-SPICE-001,A,N/A (Web Scraped / Text Extract),1 - 250,250,CorpusA_Chunks\A-SPICE-001\A-SPICE-001-C01.txt,"A,A,A,A,A,A",digital-export-services,ess-online-certificate-and-sampling-request
A-SPICE-001-C02,A-SPICE-001,A,N/A (Web Scraped / Text Extract),251 - 500,250,CorpusA_Chunks\A-SPICE-001\A-SPICE-001-C02.txt,"A,A,A,A,A,A",digital-export-services,ess-online-certificate-and-sampling-request
A-SPICE-001-C03,A-SPICE-001,A,N/A (Web Scraped / Text Extract),501 - 750,250,CorpusA_Chunks\A-SPICE-001\A-SPICE-001-C03.txt,"A,A,A,A,A,A",digital-export-services,ess-online-certificate-and-sampling-request
A-SPICE-001-C04,A-SPICE-001,A,N/A (Web Scraped / Text Extract),751 - 1098,348,CorpusA_Chunks\A-SPICE-001\A-SPICE-001-C04.txt,"A,A,A,A,A,A",digital-export-services,ess-online-certificate-and-sampling-request
A-SPICE-001-C05,A-SPICE-001,A,N/A (Web Scraped / Text Extract),1099 - 1358,260,CorpusA_Chunks\A-SPICE-001\A-SPICE-001-C05.txt,"A,A,A,A,A,A",digital-export-services,ess-online-certificate-and-sampling-request
A-SPICE-001-C06,A-SPICE-001,A,N/A (Web Scraped / Text Extract),1359 - 1606,248,CorpusA_Chunks\A-SPICE-001\A-SPICE-001-C06.txt,"A,A,A,A,A,A",digital-export-services,ess-online-certificate-and-sampling-request
A-SPICE-002-C01,A-SPICE-002,A,Page 1,1 - 340,340,CorpusA_Chunks\A-SPICE-002\A-SPICE-002-C01.txt,"A,A,A,A,A,A",exporter-registration-rcmc,statutory-spices-board-licensing-verification
A-SPICE-002-C02,A-SPICE-002,A,Page 2,341 - 693,353,CorpusA_Chunks\A-SPICE-002\A-SPICE-002-C02.txt,"A,A,A,A,A,A",exporter-registration-rcmc,statutory-spices-board-licensing-verification
A-SPICE-002-C03,A-SPICE-002,A,Page 3,694 - 874,181,CorpusA_Chunks\A-SPICE-002\A-SPICE-002-C03.txt,"A,A,A,A,A,A",exporter-registration-rcmc,statutory-spices-board-licensing-verification
A-SPICE-003-C01,A-SPICE-003,A,Page 1,1 - 395,395,CorpusA_Chunks\A-SPICE-003\A-SPICE-003-C01.txt,"A,A,A,A,A,A",analytical-testing-matrix,qel-laboratory-multi-residue-pesticide-screen
A-SPICE-003-C02,A-SPICE-003,A,Page 2,396 - 608,213,CorpusA_Chunks\A-SPICE-003\A-SPICE-003-C02.txt,"A,A,A,A,A,A",analytical-testing-matrix,qel-laboratory-multi-residue-pesticide-screen
A-SPICE-004-C01,A-SPICE-004,A,Page 1,1 - 347,347,CorpusA_Chunks\A-SPICE-004\A-SPICE-004-C01.txt,"A,A,A,A,A,A",quality-evaluation-labs,iso-17025-accredited-instrumental-analysis
A-SPICE-004-C02,A-SPICE-004,A,Page 2 to Page 3,348 - 597,250,CorpusA_Chunks\A-SPICE-004\A-SPICE-004-C02.txt,"A,A,A,A,A,A",quality-evaluation-labs,iso-17025-accredited-instrumental-analysis
A-SPICE-004-C03,A-SPICE-004,A,Page 3,598 - 963,366,CorpusA_Chunks\A-SPICE-004\A-SPICE-004-C03.txt,"A,A,A,A,A,A",quality-evaluation-labs,iso-17025-accredited-instrumental-analysis
A-SPICE-004-C04,A-SPICE-004,A,Page 4,964 - 1127,164,CorpusA_Chunks\A-SPICE-004\A-SPICE-004-C04.txt,"A,A,A,A,A,A",quality-evaluation-labs,iso-17025-accredited-instrumental-analysis
A-SPICE-005-C01,A-SPICE-005,A,Page 2,1 - 250,250,CorpusA_Chunks\A-SPICE-005\A-SPICE-005-C01.txt,"A,A,A,A,A,A",eu-spices-export-protocol,mandatory-eto-and-aflatoxin-sampling-scheme
A-SPICE-005-C02,A-SPICE-005,A,Page 2,251 - 620,370,CorpusA_Chunks\A-SPICE-005\A-SPICE-005-C02.txt,"A,A,A,A,A,A",eu-spices-export-protocol,mandatory-eto-and-aflatoxin-sampling-scheme
A-SPICE-005-C03,A-SPICE-005,A,Page 3,621 - 870,250,CorpusA_Chunks\A-SPICE-005\A-SPICE-005-C03.txt,"A,A,A,A,A,A",eu-spices-export-protocol,mandatory-eto-and-aflatoxin-sampling-scheme
A-SPICE-005-C04,A-SPICE-005,A,Page 3,871 - 1120,250,CorpusA_Chunks\A-SPICE-005\A-SPICE-005-C04.txt,"A,A,A,A,A,A",eu-spices-export-protocol,mandatory-eto-and-aflatoxin-sampling-scheme
A-SPICE-005-C05,A-SPICE-005,A,Page 3,1121 - 1419,299,CorpusA_Chunks\A-SPICE-005\A-SPICE-005-C05.txt,"A,A,A,A,A,A",eu-spices-export-protocol,mandatory-eto-and-aflatoxin-sampling-scheme
A-SPICE-005-C06,A-SPICE-005,A,Page 4,1420 - 1669,250,CorpusA_Chunks\A-SPICE-005\A-SPICE-005-C06.txt,"A,A,A,A,A,A",eu-spices-export-protocol,mandatory-eto-and-aflatoxin-sampling-scheme
A-SPICE-005-C07,A-SPICE-005,A,Page 4,1670 - 1919,250,CorpusA_Chunks\A-SPICE-005\A-SPICE-005-C07.txt,"A,A,A,A,A,A",eu-spices-export-protocol,mandatory-eto-and-aflatoxin-sampling-scheme
A-SPICE-005-C08,A-SPICE-005,A,Page 4,1920 - 2315,396,CorpusA_Chunks\A-SPICE-005\A-SPICE-005-C08.txt,"A,A,A,A,A,A",eu-spices-export-protocol,mandatory-eto-and-aflatoxin-sampling-scheme
A-SPICE-005-C09,A-SPICE-005,A,Page 5,2316 - 2565,250,CorpusA_Chunks\A-SPICE-005\A-SPICE-005-C09.txt,"A,A,A,A,A,A",eu-spices-export-protocol,mandatory-eto-and-aflatoxin-sampling-scheme
A-SPICE-005-C10,A-SPICE-005,A,Page 5,2566 - 2815,250,CorpusA_Chunks\A-SPICE-005\A-SPICE-005-C10.txt,"A,A,A,A,A,A",eu-spices-export-protocol,mandatory-eto-and-aflatoxin-sampling-scheme
A-SPICE-005-C11,A-SPICE-005,A,Page 5,2816 - 3150,335,CorpusA_Chunks\A-SPICE-005\A-SPICE-005-C11.txt,"A,A,A,A,A,A",eu-spices-export-protocol,mandatory-eto-and-aflatoxin-sampling-scheme
A-SPICE-005-C12,A-SPICE-005,A,Page 6,3151 - 3400,250,CorpusA_Chunks\A-SPICE-005\A-SPICE-005-C12.txt,"A,A,A,A,A,A",eu-spices-export-protocol,mandatory-eto-and-aflatoxin-sampling-scheme
A-SPICE-005-C13,A-SPICE-005,A,Page 6 to Page 7,3401 - 3650,250,CorpusA_Chunks\A-SPICE-005\A-SPICE-005-C13.txt,"A,A,A,A,A,A",eu-spices-export-protocol,mandatory-eto-and-aflatoxin-sampling-scheme
A-SPICE-005-C14,A-SPICE-005,A,Page 7,3651 - 3905,255,CorpusA_Chunks\A-SPICE-005\A-SPICE-005-C14.txt,"A,A,A,A,A,A",eu-spices-export-protocol,mandatory-eto-and-aflatoxin-sampling-scheme
A-SPICE-005-C15,A-SPICE-005,A,Page 8,3906 - 4160,255,CorpusA_Chunks\A-SPICE-005\A-SPICE-005-C15.txt,"A,A,A,A,A,A",eu-spices-export-protocol,mandatory-eto-and-aflatoxin-sampling-scheme
A-SPICE-005-C16,A-SPICE-005,A,Page 9,4161 - 4440,280,CorpusA_Chunks\A-SPICE-005\A-SPICE-005-C16.txt,"A,A,A,A,A,A",eu-spices-export-protocol,mandatory-eto-and-aflatoxin-sampling-scheme
A-SPICE-005-C17,A-SPICE-005,A,Page 10 to Page 11,4441 - 4690,250,CorpusA_Chunks\A-SPICE-005\A-SPICE-005-C17.txt,"A,A,A,A,A,A",eu-spices-export-protocol,mandatory-eto-and-aflatoxin-sampling-scheme
A-SPICE-005-C18,A-SPICE-005,A,Page 11 to Page 12,4691 - 4940,250,CorpusA_Chunks\A-SPICE-005\A-SPICE-005-C18.txt,"A,A,A,A,A,A",eu-spices-export-protocol,mandatory-eto-and-aflatoxin-sampling-scheme
A-SPICE-005-C19,A-SPICE-005,A,Page 12,4941 - 5241,301,CorpusA_Chunks\A-SPICE-005\A-SPICE-005-C19.txt,"A,A,A,A,A,A",eu-spices-export-protocol,mandatory-eto-and-aflatoxin-sampling-scheme
A-SPICE-005-C20,A-SPICE-005,A,Page 13,5242 - 5525,284,CorpusA_Chunks\A-SPICE-005\A-SPICE-005-C20.txt,"A,A,A,A,A,A",eu-spices-export-protocol,mandatory-eto-and-aflatoxin-sampling-scheme
A-SPICE-005-C21,A-SPICE-005,A,Page 14,5526 - 5829,304,CorpusA_Chunks\A-SPICE-005\A-SPICE-005-C21.txt,"A,A,A,A,A,A",eu-spices-export-protocol,mandatory-eto-and-aflatoxin-sampling-scheme
A-SPICE-005-C22,A-SPICE-005,A,Page 15,5830 - 6079,250,CorpusA_Chunks\A-SPICE-005\A-SPICE-005-C22.txt,"A,A,A,A,A,A",eu-spices-export-protocol,mandatory-eto-and-aflatoxin-sampling-scheme
A-SPICE-005-C23,A-SPICE-005,A,Page 15,6080 - 6474,395,CorpusA_Chunks\A-SPICE-005\A-SPICE-005-C23.txt,"A,A,A,A,A,A",eu-spices-export-protocol,mandatory-eto-and-aflatoxin-sampling-scheme
A-SPICE-005-C24,A-SPICE-005,A,Page 16,6475 - 6728,254,CorpusA_Chunks\A-SPICE-005\A-SPICE-005-C24.txt,"A,A,A,A,A,A",eu-spices-export-protocol,mandatory-eto-and-aflatoxin-sampling-scheme
A-SPICE-005-C25,A-SPICE-005,A,Page 17 to Page 18,6729 - 6978,250,CorpusA_Chunks\A-SPICE-005\A-SPICE-005-C25.txt,"A,A,A,A,A,A",eu-spices-export-protocol,mandatory-eto-and-aflatoxin-sampling-scheme
A-SPICE-005-C26,A-SPICE-005,A,Page 18 to Page 19,6979 - 7228,250,CorpusA_Chunks\A-SPICE-005\A-SPICE-005-C26.txt,"A,A,A,A,A,A",eu-spices-export-protocol,mandatory-eto-and-aflatoxin-sampling-scheme
A-SPICE-005-C27,A-SPICE-005,A,Page 19 to Page 20,7229 - 7478,250,CorpusA_Chunks\A-SPICE-005\A-SPICE-005-C27.txt,"A,A,A,A,A,A",eu-spices-export-protocol,mandatory-eto-and-aflatoxin-sampling-scheme
A-SPICE-005-C28,A-SPICE-005,A,Page 20,7479 - 7732,254,CorpusA_Chunks\A-SPICE-005\A-SPICE-005-C28.txt,"A,A,A,A,A,A",eu-spices-export-protocol,mandatory-eto-and-aflatoxin-sampling-scheme
A-SPICE-005-C29,A-SPICE-005,A,Page 21 to Page 22,7733 - 7982,250,CorpusA_Chunks\A-SPICE-005\A-SPICE-005-C29.txt,"A,A,A,A,A,A",eu-spices-export-protocol,mandatory-eto-and-aflatoxin-sampling-scheme
A-SPICE-005-C30,A-SPICE-005,A,Page 22,7983 - 8234,252,CorpusA_Chunks\A-SPICE-005\A-SPICE-005-C30.txt,"A,A,A,A,A,A",eu-spices-export-protocol,mandatory-eto-and-aflatoxin-sampling-scheme
A-SPICE-005-C31,A-SPICE-005,A,Page 23 to Page 24,8235 - 8484,250,CorpusA_Chunks\A-SPICE-005\A-SPICE-005-C31.txt,"A,A,A,A,A,A",eu-spices-export-protocol,mandatory-eto-and-aflatoxin-sampling-scheme
A-SPICE-005-C32,A-SPICE-005,A,Page 24,8485 - 8734,250,CorpusA_Chunks\A-SPICE-005\A-SPICE-005-C32.txt,"A,A,A,A,A,A",eu-spices-export-protocol,mandatory-eto-and-aflatoxin-sampling-scheme
A-SPICE-005-C33,A-SPICE-005,A,Page 24,8735 - 8984,250,CorpusA_Chunks\A-SPICE-005\A-SPICE-005-C33.txt,"A,A,A,A,A,A",eu-spices-export-protocol,mandatory-eto-and-aflatoxin-sampling-scheme
A-SPICE-005-C34,A-SPICE-005,A,Page 24 to Page 25,8985 - 9234,250,CorpusA_Chunks\A-SPICE-005\A-SPICE-005-C34.txt,"A,A,A,A,A,A",eu-spices-export-protocol,mandatory-eto-and-aflatoxin-sampling-scheme
A-SPICE-005-C35,A-SPICE-005,A,Page 25 to Page 26,9235 - 9563,329,CorpusA_Chunks\A-SPICE-005\A-SPICE-005-C35.txt,"A,A,A,A,A,A",eu-spices-export-protocol,mandatory-eto-and-aflatoxin-sampling-scheme
A-SPICE-006-C01,A-SPICE-006,A,N/A (Web Scraped / Text Extract),1 - 291,291,CorpusA_Chunks\A-SPICE-006\A-SPICE-006-C01.txt,"A,A,A,A,A,A",usa-salmonella-testing,mandatory-pathogen-absence-testing-in-25g
A-SPICE-006-C02,A-SPICE-006,A,N/A (Web Scraped / Text Extract),292 - 542,251,CorpusA_Chunks\A-SPICE-006\A-SPICE-006-C02.txt,"A,A,A,A,A,A",usa-salmonella-testing,mandatory-pathogen-absence-testing-in-25g
A-SPICE-006-C03,A-SPICE-006,A,N/A (Web Scraped / Text Extract),543 - 794,252,CorpusA_Chunks\A-SPICE-006\A-SPICE-006-C03.txt,"A,A,A,A,A,A",usa-salmonella-testing,mandatory-pathogen-absence-testing-in-25g
A-SPICE-006-C04,A-SPICE-006,A,N/A (Web Scraped / Text Extract),795 - 1044,250,CorpusA_Chunks\A-SPICE-006\A-SPICE-006-C04.txt,"A,A,A,A,A,A",usa-salmonella-testing,mandatory-pathogen-absence-testing-in-25g
A-SPICE-006-C05,A-SPICE-006,A,N/A (Web Scraped / Text Extract),1045 - 1301,257,CorpusA_Chunks\A-SPICE-006\A-SPICE-006-C05.txt,"A,A,A,A,A,A",usa-salmonella-testing,mandatory-pathogen-absence-testing-in-25g
A-SPICE-006-C06,A-SPICE-006,A,N/A (Web Scraped / Text Extract),1302 - 1560,259,CorpusA_Chunks\A-SPICE-006\A-SPICE-006-C06.txt,"A,A,A,A,A,A",usa-salmonella-testing,mandatory-pathogen-absence-testing-in-25g
A-SPICE-006-C07,A-SPICE-006,A,N/A (Web Scraped / Text Extract),1561 - 1852,292,CorpusA_Chunks\A-SPICE-006\A-SPICE-006-C07.txt,"A,A,A,A,A,A",usa-salmonella-testing,mandatory-pathogen-absence-testing-in-25g
A-SPICE-006-C08,A-SPICE-006,A,N/A (Web Scraped / Text Extract),1853 - 2102,250,CorpusA_Chunks\A-SPICE-006\A-SPICE-006-C08.txt,"A,A,A,A,A,A",usa-salmonella-testing,mandatory-pathogen-absence-testing-in-25g
A-SPICE-006-C09,A-SPICE-006,A,N/A (Web Scraped / Text Extract),2103 - 2385,283,CorpusA_Chunks\A-SPICE-006\A-SPICE-006-C09.txt,"A,A,A,A,A,A",usa-salmonella-testing,mandatory-pathogen-absence-testing-in-25g
A-SPICE-006-C10,A-SPICE-006,A,N/A (Web Scraped / Text Extract),2386 - 2656,271,CorpusA_Chunks\A-SPICE-006\A-SPICE-006-C10.txt,"A,A,A,A,A,A",usa-salmonella-testing,mandatory-pathogen-absence-testing-in-25g
A-SPICE-006-C11,A-SPICE-006,A,N/A (Web Scraped / Text Extract),2657 - 2945,289,CorpusA_Chunks\A-SPICE-006\A-SPICE-006-C11.txt,"A,A,A,A,A,A",usa-salmonella-testing,mandatory-pathogen-absence-testing-in-25g
A-SPICE-006-C12,A-SPICE-006,A,N/A (Web Scraped / Text Extract),2946 - 3320,375,CorpusA_Chunks\A-SPICE-006\A-SPICE-006-C12.txt,"A,A,A,A,A,A",usa-salmonella-testing,mandatory-pathogen-absence-testing-in-25g
A-SPICE-006-C13,A-SPICE-006,A,N/A (Web Scraped / Text Extract),3321 - 3683,363,CorpusA_Chunks\A-SPICE-006\A-SPICE-006-C13.txt,"A,A,A,A,A,A",usa-salmonella-testing,mandatory-pathogen-absence-testing-in-25g
A-SPICE-006-C14,A-SPICE-006,A,N/A (Web Scraped / Text Extract),3684 - 4000,317,CorpusA_Chunks\A-SPICE-006\A-SPICE-006-C14.txt,"A,A,A,A,A,A",usa-salmonella-testing,mandatory-pathogen-absence-testing-in-25g
A-SPICE-006-C15,A-SPICE-006,A,N/A (Web Scraped / Text Extract),4001 - 4270,270,CorpusA_Chunks\A-SPICE-006\A-SPICE-006-C15.txt,"A,A,A,A,A,A",usa-salmonella-testing,mandatory-pathogen-absence-testing-in-25g
A-SPICE-006-C16,A-SPICE-006,A,N/A (Web Scraped / Text Extract),4271 - 4521,251,CorpusA_Chunks\A-SPICE-006\A-SPICE-006-C16.txt,"A,A,A,A,A,A",usa-salmonella-testing,mandatory-pathogen-absence-testing-in-25g
A-SPICE-006-C17,A-SPICE-006,A,N/A (Web Scraped / Text Extract),4522 - 4827,306,CorpusA_Chunks\A-SPICE-006\A-SPICE-006-C17.txt,"A,A,A,A,A,A",usa-salmonella-testing,mandatory-pathogen-absence-testing-in-25g
A-SPICE-006-C18,A-SPICE-006,A,N/A (Web Scraped / Text Extract),4828 - 5131,304,CorpusA_Chunks\A-SPICE-006\A-SPICE-006-C18.txt,"A,A,A,A,A,A",usa-salmonella-testing,mandatory-pathogen-absence-testing-in-25g
A-SPICE-006-C19,A-SPICE-006,A,N/A (Web Scraped / Text Extract),5132 - 5381,250,CorpusA_Chunks\A-SPICE-006\A-SPICE-006-C19.txt,"A,A,A,A,A,A",usa-salmonella-testing,mandatory-pathogen-absence-testing-in-25g
A-SPICE-006-C20,A-SPICE-006,A,N/A (Web Scraped / Text Extract),5382 - 5629,248,CorpusA_Chunks\A-SPICE-006\A-SPICE-006-C20.txt,"A,A,A,A,A,A",usa-salmonella-testing,mandatory-pathogen-absence-testing-in-25g
A-MOFPI-100-C01,A-MOFPI-100,A,Page 2 to Page 3,1 - 250,250,CorpusA_Chunks\A-MOFPI-100\A-MOFPI-100-C01.txt,"A,A,A,A,A,A",mofpi_pib-compliance-framework,direct-institutional-or-academic-extraction
A-MOFPI-100-C02,A-MOFPI-100,A,Page 3,251 - 515,265,CorpusA_Chunks\A-MOFPI-100\A-MOFPI-100-C02.txt,"A,A,A,A,A,A",mofpi_pib-compliance-framework,direct-institutional-or-academic-extraction
A-MOFPI-100-C03,A-MOFPI-100,A,Page 4,516 - 765,250,CorpusA_Chunks\A-MOFPI-100\A-MOFPI-100-C03.txt,"A,A,A,A,A,A",mofpi_pib-compliance-framework,direct-institutional-or-academic-extraction
A-MOFPI-100-C04,A-MOFPI-100,A,Page 4 to Page 5,766 - 1015,250,CorpusA_Chunks\A-MOFPI-100\A-MOFPI-100-C04.txt,"A,A,A,A,A,A",mofpi_pib-compliance-framework,direct-institutional-or-academic-extraction
A-MOFPI-100-C05,A-MOFPI-100,A,Page 5 to Page 6,1016 - 1265,250,CorpusA_Chunks\A-MOFPI-100\A-MOFPI-100-C05.txt,"A,A,A,A,A,A",mofpi_pib-compliance-framework,direct-institutional-or-academic-extraction
A-MOFPI-100-C06,A-MOFPI-100,A,Page 6,1266 - 1515,250,CorpusA_Chunks\A-MOFPI-100\A-MOFPI-100-C06.txt,"A,A,A,A,A,A",mofpi_pib-compliance-framework,direct-institutional-or-academic-extraction
A-MOFPI-100-C07,A-MOFPI-100,A,Page 6 to Page 7,1516 - 1765,250,CorpusA_Chunks\A-MOFPI-100\A-MOFPI-100-C07.txt,"A,A,A,A,A,A",mofpi_pib-compliance-framework,direct-institutional-or-academic-extraction
A-MOFPI-100-C08,A-MOFPI-100,A,Page 7,1766 - 2015,250,CorpusA_Chunks\A-MOFPI-100\A-MOFPI-100-C08.txt,"A,A,A,A,A,A",mofpi_pib-compliance-framework,direct-institutional-or-academic-extraction
A-MOFPI-100-C09,A-MOFPI-100,A,Page 7 to Page 8,2016 - 2265,250,CorpusA_Chunks\A-MOFPI-100\A-MOFPI-100-C09.txt,"A,A,A,A,A,A",mofpi_pib-compliance-framework,direct-institutional-or-academic-extraction
A-MOFPI-100-C10,A-MOFPI-100,A,Page 8,2266 - 2515,250,CorpusA_Chunks\A-MOFPI-100\A-MOFPI-100-C10.txt,"A,A,A,A,A,A",mofpi_pib-compliance-framework,direct-institutional-or-academic-extraction
A-MOFPI-100-C11,A-MOFPI-100,A,Page 8,2516 - 2818,303,CorpusA_Chunks\A-MOFPI-100\A-MOFPI-100-C11.txt,"A,A,A,A,A,A",mofpi_pib-compliance-framework,direct-institutional-or-academic-extraction
A-MOFPI-100-C12,A-MOFPI-100,A,Page 9,2819 - 3210,392,CorpusA_Chunks\A-MOFPI-100\A-MOFPI-100-C12.txt,"A,A,A,A,A,A",mofpi_pib-compliance-framework,direct-institutional-or-academic-extraction
A-MOFPI-100-C13,A-MOFPI-100,A,Page 10,3211 - 3460,250,CorpusA_Chunks\A-MOFPI-100\A-MOFPI-100-C13.txt,"A,A,A,A,A,A",mofpi_pib-compliance-framework,direct-institutional-or-academic-extraction
A-MOFPI-100-C14,A-MOFPI-100,A,Page 10 to Page 11,3461 - 3710,250,CorpusA_Chunks\A-MOFPI-100\A-MOFPI-100-C14.txt,"A,A,A,A,A,A",mofpi_pib-compliance-framework,direct-institutional-or-academic-extraction
A-MOFPI-100-C15,A-MOFPI-100,A,Page 11,3711 - 3960,250,CorpusA_Chunks\A-MOFPI-100\A-MOFPI-100-C15.txt,"A,A,A,A,A,A",mofpi_pib-compliance-framework,direct-institutional-or-academic-extraction
A-MOFPI-100-C16,A-MOFPI-100,A,Page 11 to Page 12,3961 - 4210,250,CorpusA_Chunks\A-MOFPI-100\A-MOFPI-100-C16.txt,"A,A,A,A,A,A",mofpi_pib-compliance-framework,direct-institutional-or-academic-extraction
A-MOFPI-100-C17,A-MOFPI-100,A,Page 12,4211 - 4569,359,CorpusA_Chunks\A-MOFPI-100\A-MOFPI-100-C17.txt,"A,A,A,A,A,A",mofpi_pib-compliance-framework,direct-institutional-or-academic-extraction
A-MOFPI-100-C18,A-MOFPI-100,A,Page 13 to Page 14,4570 - 4880,311,CorpusA_Chunks\A-MOFPI-100\A-MOFPI-100-C18.txt,"A,A,A,A,A,A",mofpi_pib-compliance-framework,direct-institutional-or-academic-extraction
A-MOFPI-100-C19,A-MOFPI-100,A,Page 15 to Page 16,4881 - 5130,250,CorpusA_Chunks\A-MOFPI-100\A-MOFPI-100-C19.txt,"A,A,A,A,A,A",mofpi_pib-compliance-framework,direct-institutional-or-academic-extraction
A-MOFPI-100-C20,A-MOFPI-100,A,Page 15 to Page 16,5131 - 5316,186,CorpusA_Chunks\A-MOFPI-100\A-MOFPI-100-C20.txt,"A,A,A,A,A,A",mofpi_pib-compliance-framework,direct-institutional-or-academic-extraction
A-MSME-100-C01,A-MSME-100,A,Page 1 to Page 4,1 - 391,391,CorpusA_Chunks\A-MSME-100\A-MSME-100-C01.txt,"M,A,A,A,A,A",niti_msme-compliance-framework,direct-institutional-or-academic-extraction
A-MSME-100-C02,A-MSME-100,A,Page 5 to Page 7,392 - 641,250,CorpusA_Chunks\A-MSME-100\A-MSME-100-C02.txt,"M,A,A,A,A,A",niti_msme-compliance-framework,direct-institutional-or-academic-extraction
A-MSME-100-C03,A-MSME-100,A,Page 7 to Page 8,642 - 891,250,CorpusA_Chunks\A-MSME-100\A-MSME-100-C03.txt,"M,A,A,A,A,A",niti_msme-compliance-framework,direct-institutional-or-academic-extraction
A-MSME-100-C04,A-MSME-100,A,Page 8,892 - 1272,381,CorpusA_Chunks\A-MSME-100\A-MSME-100-C04.txt,"M,A,A,A,A,A",niti_msme-compliance-framework,direct-institutional-or-academic-extraction
A-MSME-100-C05,A-MSME-100,A,Page 9 to Page 11,1273 - 1522,250,CorpusA_Chunks\A-MSME-100\A-MSME-100-C05.txt,"M,A,A,A,A,A",niti_msme-compliance-framework,direct-institutional-or-academic-extraction
A-MSME-100-C06,A-MSME-100,A,Page 11 to Page 12,1523 - 1773,251,CorpusA_Chunks\A-MSME-100\A-MSME-100-C06.txt,"M,A,A,A,A,A",niti_msme-compliance-framework,direct-institutional-or-academic-extraction
A-MSME-100-C07,A-MSME-100,A,Page 13,1774 - 2023,250,CorpusA_Chunks\A-MSME-100\A-MSME-100-C07.txt,"M,A,A,A,A,A",niti_msme-compliance-framework,direct-institutional-or-academic-extraction
A-MSME-100-C08,A-MSME-100,A,Page 13,2024 - 2284,261,CorpusA_Chunks\A-MSME-100\A-MSME-100-C08.txt,"M,A,A,A,A,A",niti_msme-compliance-framework,direct-institutional-or-academic-extraction
A-MSME-100-C09,A-MSME-100,A,Page 14,2285 - 2534,250,CorpusA_Chunks\A-MSME-100\A-MSME-100-C09.txt,"M,A,A,A,A,A",niti_msme-compliance-framework,direct-institutional-or-academic-extraction
A-MSME-100-C10,A-MSME-100,A,Page 14,2535 - 2907,373,CorpusA_Chunks\A-MSME-100\A-MSME-100-C10.txt,"M,A,A,A,A,A",niti_msme-compliance-framework,direct-institutional-or-academic-extraction
A-MSME-100-C11,A-MSME-100,A,Page 15,2908 - 3194,287,CorpusA_Chunks\A-MSME-100\A-MSME-100-C11.txt,"M,A,A,A,A,A",niti_msme-compliance-framework,direct-institutional-or-academic-extraction
A-MSME-100-C12,A-MSME-100,A,Page 16 to Page 17,3195 - 3444,250,CorpusA_Chunks\A-MSME-100\A-MSME-100-C12.txt,"M,A,A,A,A,A",niti_msme-compliance-framework,direct-institutional-or-academic-extraction
A-MSME-100-C13,A-MSME-100,A,Page 17,3445 - 3779,335,CorpusA_Chunks\A-MSME-100\A-MSME-100-C13.txt,"M,A,A,A,A,A",niti_msme-compliance-framework,direct-institutional-or-academic-extraction
A-MSME-100-C14,A-MSME-100,A,Page 18,3780 - 4029,250,CorpusA_Chunks\A-MSME-100\A-MSME-100-C14.txt,"M,A,A,A,A,A",niti_msme-compliance-framework,direct-institutional-or-academic-extraction
A-MSME-100-C15,A-MSME-100,A,Page 18,4030 - 4376,347,CorpusA_Chunks\A-MSME-100\A-MSME-100-C15.txt,"M,A,A,A,A,A",niti_msme-compliance-framework,direct-institutional-or-academic-extraction
A-MSME-100-C16,A-MSME-100,A,Page 19 to Page 20,4377 - 4626,250,CorpusA_Chunks\A-MSME-100\A-MSME-100-C16.txt,"M,A,A,A,A,A",niti_msme-compliance-framework,direct-institutional-or-academic-extraction
A-MSME-100-C17,A-MSME-100,A,Page 20 to Page 21,4627 - 4924,298,CorpusA_Chunks\A-MSME-100\A-MSME-100-C17.txt,"M,A,A,A,A,A",niti_msme-compliance-framework,direct-institutional-or-academic-extraction
A-MSME-100-C18,A-MSME-100,A,Page 22,4925 - 5174,250,CorpusA_Chunks\A-MSME-100\A-MSME-100-C18.txt,"M,A,A,A,A,A",niti_msme-compliance-framework,direct-institutional-or-academic-extraction
A-MSME-100-C19,A-MSME-100,A,Page 22,5175 - 5424,250,CorpusA_Chunks\A-MSME-100\A-MSME-100-C19.txt,"M,A,A,A,A,A",niti_msme-compliance-framework,direct-institutional-or-academic-extraction
A-MSME-100-C20,A-MSME-100,A,Page 23,5425 - 5698,274,CorpusA_Chunks\A-MSME-100\A-MSME-100-C20.txt,"M,A,A,A,A,A",niti_msme-compliance-framework,direct-institutional-or-academic-extraction
A-MSME-100-C21,A-MSME-100,A,Page 24,5699 - 5948,250,CorpusA_Chunks\A-MSME-100\A-MSME-100-C21.txt,"M,A,A,A,A,A",niti_msme-compliance-framework,direct-institutional-or-academic-extraction
A-MSME-100-C22,A-MSME-100,A,Page 24 to Page 25,5949 - 6198,250,CorpusA_Chunks\A-MSME-100\A-MSME-100-C22.txt,"M,A,A,A,A,A",niti_msme-compliance-framework,direct-institutional-or-academic-extraction
A-MSME-100-C23,A-MSME-100,A,Page 25,6199 - 6448,250,CorpusA_Chunks\A-MSME-100\A-MSME-100-C23.txt,"M,A,A,A,A,A",niti_msme-compliance-framework,direct-institutional-or-academic-extraction
A-MSME-100-C24,A-MSME-100,A,Page 25 to Page 26,6449 - 6783,335,CorpusA_Chunks\A-MSME-100\A-MSME-100-C24.txt,"M,A,A,A,A,A",niti_msme-compliance-framework,direct-institutional-or-academic-extraction
A-MSME-100-C25,A-MSME-100,A,Page 27,6784 - 7131,348,CorpusA_Chunks\A-MSME-100\A-MSME-100-C25.txt,"M,A,A,A,A,A",niti_msme-compliance-framework,direct-institutional-or-academic-extraction
A-MSME-100-C26,A-MSME-100,A,Page 28 to Page 29,7132 - 7453,322,CorpusA_Chunks\A-MSME-100\A-MSME-100-C26.txt,"M,A,A,A,A,A",niti_msme-compliance-framework,direct-institutional-or-academic-extraction
A-MSME-100-C27,A-MSME-100,A,Page 30,7454 - 7703,250,CorpusA_Chunks\A-MSME-100\A-MSME-100-C27.txt,"M,A,A,A,A,A",niti_msme-compliance-framework,direct-institutional-or-academic-extraction
A-MSME-100-C28,A-MSME-100,A,Page 30 to Page 31,7704 - 7953,250,CorpusA_Chunks\A-MSME-100\A-MSME-100-C28.txt,"M,A,A,A,A,A",niti_msme-compliance-framework,direct-institutional-or-academic-extraction
A-MSME-100-C29,A-MSME-100,A,Page 31 to Page 32,7954 - 8203,250,CorpusA_Chunks\A-MSME-100\A-MSME-100-C29.txt,"M,A,A,A,A,A",niti_msme-compliance-framework,direct-institutional-or-academic-extraction
A-MSME-100-C30,A-MSME-100,A,Page 32 to Page 33,8204 - 8453,250,CorpusA_Chunks\A-MSME-100\A-MSME-100-C30.txt,"M,A,A,A,A,A",niti_msme-compliance-framework,direct-institutional-or-academic-extraction
A-MSME-100-C31,A-MSME-100,A,Page 33,8454 - 8703,250,CorpusA_Chunks\A-MSME-100\A-MSME-100-C31.txt,"M,A,A,A,A,A",niti_msme-compliance-framework,direct-institutional-or-academic-extraction
A-MSME-100-C32,A-MSME-100,A,Page 33,8704 - 8960,257,CorpusA_Chunks\A-MSME-100\A-MSME-100-C32.txt,"M,A,A,A,A,A",niti_msme-compliance-framework,direct-institutional-or-academic-extraction
A-MSME-100-C33,A-MSME-100,A,Page 34,8961 - 9254,294,CorpusA_Chunks\A-MSME-100\A-MSME-100-C33.txt,"M,A,A,A,A,A",niti_msme-compliance-framework,direct-institutional-or-academic-extraction
A-MSME-100-C34,A-MSME-100,A,Page 35,9255 - 9546,292,CorpusA_Chunks\A-MSME-100\A-MSME-100-C34.txt,"M,A,A,A,A,A",niti_msme-compliance-framework,direct-institutional-or-academic-extraction
A-MSME-100-C35,A-MSME-100,A,Page 36,9547 - 9939,393,CorpusA_Chunks\A-MSME-100\A-MSME-100-C35.txt,"M,A,A,A,A,A",niti_msme-compliance-framework,direct-institutional-or-academic-extraction
A-MSME-100-C36,A-MSME-100,A,Page 37 to Page 38,9940 - 10189,250,CorpusA_Chunks\A-MSME-100\A-MSME-100-C36.txt,"M,A,A,A,A,A",niti_msme-compliance-framework,direct-institutional-or-academic-extraction
A-MSME-100-C37,A-MSME-100,A,Page 38,10190 - 10439,250,CorpusA_Chunks\A-MSME-100\A-MSME-100-C37.txt,"M,A,A,A,A,A",niti_msme-compliance-framework,direct-institutional-or-academic-extraction
A-MSME-100-C38,A-MSME-100,A,Page 38 to Page 39,10440 - 10689,250,CorpusA_Chunks\A-MSME-100\A-MSME-100-C38.txt,"M,A,A,A,A,A",niti_msme-compliance-framework,direct-institutional-or-academic-extraction
A-MSME-100-C39,A-MSME-100,A,Page 39,10690 - 11027,338,CorpusA_Chunks\A-MSME-100\A-MSME-100-C39.txt,"M,A,A,A,A,A",niti_msme-compliance-framework,direct-institutional-or-academic-extraction
A-MSME-100-C40,A-MSME-100,A,Page 40,11028 - 11312,285,CorpusA_Chunks\A-MSME-100\A-MSME-100-C40.txt,"M,A,A,A,A,A",niti_msme-compliance-framework,direct-institutional-or-academic-extraction
A-MSME-100-C41,A-MSME-100,A,Page 41,11313 - 11676,364,CorpusA_Chunks\A-MSME-100\A-MSME-100-C41.txt,"M,A,A,A,A,A",niti_msme-compliance-framework,direct-institutional-or-academic-extraction
A-MSME-100-C42,A-MSME-100,A,Page 42,11677 - 12063,387,CorpusA_Chunks\A-MSME-100\A-MSME-100-C42.txt,"M,A,A,A,A,A",niti_msme-compliance-framework,direct-institutional-or-academic-extraction
A-MSME-100-C43,A-MSME-100,A,Page 43,12064 - 12436,373,CorpusA_Chunks\A-MSME-100\A-MSME-100-C43.txt,"M,A,A,A,A,A",niti_msme-compliance-framework,direct-institutional-or-academic-extraction
A-MSME-100-C44,A-MSME-100,A,Page 44,12437 - 12772,336,CorpusA_Chunks\A-MSME-100\A-MSME-100-C44.txt,"M,A,A,A,A,A",niti_msme-compliance-framework,direct-institutional-or-academic-extraction
A-MSME-100-C45,A-MSME-100,A,Page 45,12773 - 13098,326,CorpusA_Chunks\A-MSME-100\A-MSME-100-C45.txt,"M,A,A,A,A,A",niti_msme-compliance-framework,direct-institutional-or-academic-extraction
A-MSME-100-C46,A-MSME-100,A,Page 46,13099 - 13348,250,CorpusA_Chunks\A-MSME-100\A-MSME-100-C46.txt,"M,A,A,A,A,A",niti_msme-compliance-framework,direct-institutional-or-academic-extraction
A-MSME-100-C47,A-MSME-100,A,Page 46 to Page 47,13349 - 13598,250,CorpusA_Chunks\A-MSME-100\A-MSME-100-C47.txt,"M,A,A,A,A,A",niti_msme-compliance-framework,direct-institutional-or-academic-extraction
A-MSME-100-C48,A-MSME-100,A,Page 47,13599 - 13957,359,CorpusA_Chunks\A-MSME-100\A-MSME-100-C48.txt,"M,A,A,A,A,A",niti_msme-compliance-framework,direct-institutional-or-academic-extraction
A-MSME-100-C49,A-MSME-100,A,Page 48,13958 - 14318,361,CorpusA_Chunks\A-MSME-100\A-MSME-100-C49.txt,"M,A,A,A,A,A",niti_msme-compliance-framework,direct-institutional-or-academic-extraction
A-MSME-100-C50,A-MSME-100,A,Page 49 to Page 50,14319 - 14678,360,CorpusA_Chunks\A-MSME-100\A-MSME-100-C50.txt,"M,A,A,A,A,A",niti_msme-compliance-framework,direct-institutional-or-academic-extraction
A-MSME-100-C51,A-MSME-100,A,Page 51,14679 - 14961,283,CorpusA_Chunks\A-MSME-100\A-MSME-100-C51.txt,"M,A,A,A,A,A",niti_msme-compliance-framework,direct-institutional-or-academic-extraction
A-MSME-100-C52,A-MSME-100,A,Page 52,14962 - 15211,250,CorpusA_Chunks\A-MSME-100\A-MSME-100-C52.txt,"M,A,A,A,A,A",niti_msme-compliance-framework,direct-institutional-or-academic-extraction
A-MSME-100-C53,A-MSME-100,A,Page 52,15212 - 15474,263,CorpusA_Chunks\A-MSME-100\A-MSME-100-C53.txt,"M,A,A,A,A,A",niti_msme-compliance-framework,direct-institutional-or-academic-extraction
A-MSME-100-C54,A-MSME-100,A,Page 53,15475 - 15724,250,CorpusA_Chunks\A-MSME-100\A-MSME-100-C54.txt,"M,A,A,A,A,A",niti_msme-compliance-framework,direct-institutional-or-academic-extraction
A-MSME-100-C55,A-MSME-100,A,Page 53 to Page 56,15725 - 15974,250,CorpusA_Chunks\A-MSME-100\A-MSME-100-C55.txt,"M,A,A,A,A,A",niti_msme-compliance-framework,direct-institutional-or-academic-extraction
A-MSME-100-C56,A-MSME-100,A,Page 53 to Page 56,15975 - 16172,198,CorpusA_Chunks\A-MSME-100\A-MSME-100-C56.txt,"M,A,A,A,A,A",niti_msme-compliance-framework,direct-institutional-or-academic-extraction
B-GD-007-C01,B-GD-007,B,N/A (Web Scraped / Text Extract),1 - 250,250,CorpusB_Chunks\B-GD-007\B-GD-007-C01.txt,"M,A,A,A,A,A",gdelt-seafood-dwpe-alerts,media-signaling-and-border-rejections (external trade friction)
B-GD-007-C02,B-GD-007,B,N/A (Web Scraped / Text Extract),251 - 500,250,CorpusB_Chunks\B-GD-007\B-GD-007-C02.txt,"M,A,A,A,A,A",gdelt-seafood-dwpe-alerts,media-signaling-and-border-rejections (external trade friction)
B-GD-007-C03,B-GD-007,B,N/A (Web Scraped / Text Extract),501 - 806,306,CorpusB_Chunks\B-GD-007\B-GD-007-C03.txt,"M,A,A,A,A,A",gdelt-seafood-dwpe-alerts,media-signaling-and-border-rejections (external trade friction)
B-GD-007-C04,B-GD-007,B,N/A (Web Scraped / Text Extract),807 - 1056,250,CorpusB_Chunks\B-GD-007\B-GD-007-C04.txt,"M,A,A,A,A,A",gdelt-seafood-dwpe-alerts,media-signaling-and-border-rejections (external trade friction)
B-GD-007-C05,B-GD-007,B,N/A (Web Scraped / Text Extract),1057 - 1306,250,CorpusB_Chunks\B-GD-007\B-GD-007-C05.txt,"M,A,A,A,A,A",gdelt-seafood-dwpe-alerts,media-signaling-and-border-rejections (external trade friction)
B-GD-007-C06,B-GD-007,B,N/A (Web Scraped / Text Extract),1307 - 1556,250,CorpusB_Chunks\B-GD-007\B-GD-007-C06.txt,"M,A,A,A,A,A",gdelt-seafood-dwpe-alerts,media-signaling-and-border-rejections (external trade friction)
B-GD-007-C07,B-GD-007,B,N/A (Web Scraped / Text Extract),1557 - 1806,250,CorpusB_Chunks\B-GD-007\B-GD-007-C07.txt,"M,A,A,A,A,A",gdelt-seafood-dwpe-alerts,media-signaling-and-border-rejections (external trade friction)
B-GD-007-C08,B-GD-007,B,N/A (Web Scraped / Text Extract),1807 - 2105,299,CorpusB_Chunks\B-GD-007\B-GD-007-C08.txt,"M,A,A,A,A,A",gdelt-seafood-dwpe-alerts,media-signaling-and-border-rejections (external trade friction)
B-GD-007-C09,B-GD-007,B,N/A (Web Scraped / Text Extract),2106 - 2355,250,CorpusB_Chunks\B-GD-007\B-GD-007-C09.txt,"M,A,A,A,A,A",gdelt-seafood-dwpe-alerts,media-signaling-and-border-rejections (external trade friction)
B-GD-007-C10,B-GD-007,B,N/A (Web Scraped / Text Extract),2356 - 2701,346,CorpusB_Chunks\B-GD-007\B-GD-007-C10.txt,"M,A,A,A,A,A",gdelt-seafood-dwpe-alerts,media-signaling-and-border-rejections (external trade friction)
B-GD-007-C11,B-GD-007,B,N/A (Web Scraped / Text Extract),2702 - 2951,250,CorpusB_Chunks\B-GD-007\B-GD-007-C11.txt,"M,A,A,A,A,A",gdelt-seafood-dwpe-alerts,media-signaling-and-border-rejections (external trade friction)
B-GD-007-C12,B-GD-007,B,N/A (Web Scraped / Text Extract),2952 - 3237,286,CorpusB_Chunks\B-GD-007\B-GD-007-C12.txt,"M,A,A,A,A,A",gdelt-seafood-dwpe-alerts,media-signaling-and-border-rejections (external trade friction)
B-GD-007-C13,B-GD-007,B,N/A (Web Scraped / Text Extract),3238 - 3487,250,CorpusB_Chunks\B-GD-007\B-GD-007-C13.txt,"M,A,A,A,A,A",gdelt-seafood-dwpe-alerts,media-signaling-and-border-rejections (external trade friction)
B-GD-007-C14,B-GD-007,B,N/A (Web Scraped / Text Extract),3488 - 3743,256,CorpusB_Chunks\B-GD-007\B-GD-007-C14.txt,"M,A,A,A,A,A",gdelt-seafood-dwpe-alerts,media-signaling-and-border-rejections (external trade friction)
B-GD-007-C15,B-GD-007,B,N/A (Web Scraped / Text Extract),3744 - 3993,250,CorpusB_Chunks\B-GD-007\B-GD-007-C15.txt,"M,A,A,A,A,A",gdelt-seafood-dwpe-alerts,media-signaling-and-border-rejections (external trade friction)
B-GD-007-C16,B-GD-007,B,N/A (Web Scraped / Text Extract),3994 - 4243,250,CorpusB_Chunks\B-GD-007\B-GD-007-C16.txt,"M,A,A,A,A,A",gdelt-seafood-dwpe-alerts,media-signaling-and-border-rejections (external trade friction)
B-GD-007-C17,B-GD-007,B,N/A (Web Scraped / Text Extract),4244 - 4604,361,CorpusB_Chunks\B-GD-007\B-GD-007-C17.txt,"M,A,A,A,A,A",gdelt-seafood-dwpe-alerts,media-signaling-and-border-rejections (external trade friction)
B-GD-007-C18,B-GD-007,B,N/A (Web Scraped / Text Extract),4605 - 4950,346,CorpusB_Chunks\B-GD-007\B-GD-007-C18.txt,"M,A,A,A,A,A",gdelt-seafood-dwpe-alerts,media-signaling-and-border-rejections (external trade friction)
B-GD-007-C19,B-GD-007,B,N/A (Web Scraped / Text Extract),4951 - 5249,299,CorpusB_Chunks\B-GD-007\B-GD-007-C19.txt,"M,A,A,A,A,A",gdelt-seafood-dwpe-alerts,media-signaling-and-border-rejections (external trade friction)
B-GD-007-C20,B-GD-007,B,N/A (Web Scraped / Text Extract),5250 - 5499,250,CorpusB_Chunks\B-GD-007\B-GD-007-C20.txt,"M,A,A,A,A,A",gdelt-seafood-dwpe-alerts,media-signaling-and-border-rejections (external trade friction)
B-GD-007-C21,B-GD-007,B,N/A (Web Scraped / Text Extract),5500 - 5855,356,CorpusB_Chunks\B-GD-007\B-GD-007-C21.txt,"M,A,A,A,A,A",gdelt-seafood-dwpe-alerts,media-signaling-and-border-rejections (external trade friction)
B-GD-007-C22,B-GD-007,B,N/A (Web Scraped / Text Extract),5856 - 6145,290,CorpusB_Chunks\B-GD-007\B-GD-007-C22.txt,"M,A,A,A,A,A",gdelt-seafood-dwpe-alerts,media-signaling-and-border-rejections (external trade friction)
B-GD-020-C01,B-GD-020,B,N/A (Web Scraped / Text Extract),1 - 275,275,CorpusB_Chunks\B-GD-020\B-GD-020-C01.txt,"M,A,M,A,A,A",gdelt-spices-sps-hurdles,media-signaling-and-border-rejections (external trade friction)
B-GD-020-C02,B-GD-020,B,N/A (Web Scraped / Text Extract),276 - 552,277,CorpusB_Chunks\B-GD-020\B-GD-020-C02.txt,"M,A,M,A,A,A",gdelt-spices-sps-hurdles,media-signaling-and-border-rejections (external trade friction)
B-GD-020-C03,B-GD-020,B,N/A (Web Scraped / Text Extract),553 - 821,269,CorpusB_Chunks\B-GD-020\B-GD-020-C03.txt,"M,A,M,A,A,A",gdelt-spices-sps-hurdles,media-signaling-and-border-rejections (external trade friction)
B-GD-020-C04,B-GD-020,B,N/A (Web Scraped / Text Extract),822 - 1071,250,CorpusB_Chunks\B-GD-020\B-GD-020-C04.txt,"M,A,M,A,A,A",gdelt-spices-sps-hurdles,media-signaling-and-border-rejections (external trade friction)
B-GD-020-C05,B-GD-020,B,N/A (Web Scraped / Text Extract),1072 - 1328,257,CorpusB_Chunks\B-GD-020\B-GD-020-C05.txt,"M,A,M,A,A,A",gdelt-spices-sps-hurdles,media-signaling-and-border-rejections (external trade friction)
B-GD-020-C06,B-GD-020,B,N/A (Web Scraped / Text Extract),1329 - 1584,256,CorpusB_Chunks\B-GD-020\B-GD-020-C06.txt,"M,A,M,A,A,A",gdelt-spices-sps-hurdles,media-signaling-and-border-rejections (external trade friction)
B-GD-020-C07,B-GD-020,B,N/A (Web Scraped / Text Extract),1585 - 1806,222,CorpusB_Chunks\B-GD-020\B-GD-020-C07.txt,"M,A,M,A,A,A",gdelt-spices-sps-hurdles,media-signaling-and-border-rejections (external trade friction)
B-GD-025-C01,B-GD-025,B,N/A (Web Scraped / Text Extract),1 - 256,256,CorpusB_Chunks\B-GD-025\B-GD-025-C01.txt,"M,M,M,A,A,A",gdelt-msme-trade-friction,media-signaling-and-border-rejections (external trade friction)
B-GD-025-C02,B-GD-025,B,N/A (Web Scraped / Text Extract),257 - 544,288,CorpusB_Chunks\B-GD-025\B-GD-025-C02.txt,"M,M,M,A,A,A",gdelt-msme-trade-friction,media-signaling-and-border-rejections (external trade friction)
B-GD-025-C03,B-GD-025,B,N/A (Web Scraped / Text Extract),545 - 876,332,CorpusB_Chunks\B-GD-025\B-GD-025-C03.txt,"M,M,M,A,A,A",gdelt-msme-trade-friction,media-signaling-and-border-rejections (external trade friction)
B-GD-025-C04,B-GD-025,B,N/A (Web Scraped / Text Extract),877 - 1137,261,CorpusB_Chunks\B-GD-025\B-GD-025-C04.txt,"M,M,M,A,A,A",gdelt-msme-trade-friction,media-signaling-and-border-rejections (external trade friction)
B-GD-025-C05,B-GD-025,B,N/A (Web Scraped / Text Extract),1138 - 1469,332,CorpusB_Chunks\B-GD-025\B-GD-025-C05.txt,"M,M,M,A,A,A",gdelt-msme-trade-friction,media-signaling-and-border-rejections (external trade friction)
B-GD-025-C06,B-GD-025,B,N/A (Web Scraped / Text Extract),1470 - 1722,253,CorpusB_Chunks\B-GD-025\B-GD-025-C06.txt,"M,M,M,A,A,A",gdelt-msme-trade-friction,media-signaling-and-border-rejections (external trade friction)
B-GD-025-C07,B-GD-025,B,N/A (Web Scraped / Text Extract),1723 - 2014,292,CorpusB_Chunks\B-GD-025\B-GD-025-C07.txt,"M,M,M,A,A,A",gdelt-msme-trade-friction,media-signaling-and-border-rejections (external trade friction)
B-GD-029-C01,B-GD-029,B,N/A (Web Scraped / Text Extract),1 - 274,274,CorpusB_Chunks\B-GD-029\B-GD-029-C01.txt,"M,A,M,A,A,A",gdelt-spices-sps-hurdles,media-signaling-and-border-rejections (external trade friction)
B-GD-029-C02,B-GD-029,B,N/A (Web Scraped / Text Extract),275 - 600,326,CorpusB_Chunks\B-GD-029\B-GD-029-C02.txt,"M,A,M,A,A,A",gdelt-spices-sps-hurdles,media-signaling-and-border-rejections (external trade friction)
B-GD-029-C03,B-GD-029,B,N/A (Web Scraped / Text Extract),601 - 912,312,CorpusB_Chunks\B-GD-029\B-GD-029-C03.txt,"M,A,M,A,A,A",gdelt-spices-sps-hurdles,media-signaling-and-border-rejections (external trade friction)
B-GD-029-C04,B-GD-029,B,N/A (Web Scraped / Text Extract),913 - 1174,262,CorpusB_Chunks\B-GD-029\B-GD-029-C04.txt,"M,A,M,A,A,A",gdelt-spices-sps-hurdles,media-signaling-and-border-rejections (external trade friction)
B-GD-029-C05,B-GD-029,B,N/A (Web Scraped / Text Extract),1175 - 1430,256,CorpusB_Chunks\B-GD-029\B-GD-029-C05.txt,"M,A,M,A,A,A",gdelt-spices-sps-hurdles,media-signaling-and-border-rejections (external trade friction)
B-GD-029-C06,B-GD-029,B,N/A (Web Scraped / Text Extract),1431 - 1652,222,CorpusB_Chunks\B-GD-029\B-GD-029-C06.txt,"M,A,M,A,A,A",gdelt-spices-sps-hurdles,media-signaling-and-border-rejections (external trade friction)
B-GD-057-C01,B-GD-057,B,N/A (Web Scraped / Text Extract),1 - 290,290,CorpusB_Chunks\B-GD-057\B-GD-057-C01.txt,"M,M,M,A,A,A",gdelt-msme-trade-friction,media-signaling-and-border-rejections (external trade friction)
B-GD-057-C02,B-GD-057,B,N/A (Web Scraped / Text Extract),291 - 567,277,CorpusB_Chunks\B-GD-057\B-GD-057-C02.txt,"M,M,M,A,A,A",gdelt-msme-trade-friction,media-signaling-and-border-rejections (external trade friction)
B-GD-057-C03,B-GD-057,B,N/A (Web Scraped / Text Extract),568 - 837,270,CorpusB_Chunks\B-GD-057\B-GD-057-C03.txt,"M,M,M,A,A,A",gdelt-msme-trade-friction,media-signaling-and-border-rejections (external trade friction)
B-GD-057-C04,B-GD-057,B,N/A (Web Scraped / Text Extract),838 - 1105,268,CorpusB_Chunks\B-GD-057\B-GD-057-C04.txt,"M,M,M,A,A,A",gdelt-msme-trade-friction,media-signaling-and-border-rejections (external trade friction)
B-GD-057-C05,B-GD-057,B,N/A (Web Scraped / Text Extract),1106 - 1427,322,CorpusB_Chunks\B-GD-057\B-GD-057-C05.txt,"M,M,M,A,A,A",gdelt-msme-trade-friction,media-signaling-and-border-rejections (external trade friction)
B-GD-057-C06,B-GD-057,B,N/A (Web Scraped / Text Extract),1428 - 1608,181,CorpusB_Chunks\B-GD-057\B-GD-057-C06.txt,"M,M,M,A,A,A",gdelt-msme-trade-friction,media-signaling-and-border-rejections (external trade friction)
B-GD-071-C01,B-GD-071,B,N/A (Web Scraped / Text Extract),1 - 250,250,CorpusB_Chunks\B-GD-071\B-GD-071-C01.txt,"M,M,M,A,A,A",gdelt-msme-trade-friction,media-signaling-and-border-rejections (external trade friction)
B-GD-071-C02,B-GD-071,B,N/A (Web Scraped / Text Extract),251 - 500,250,CorpusB_Chunks\B-GD-071\B-GD-071-C02.txt,"M,M,M,A,A,A",gdelt-msme-trade-friction,media-signaling-and-border-rejections (external trade friction)
B-GD-071-C03,B-GD-071,B,N/A (Web Scraped / Text Extract),501 - 813,313,CorpusB_Chunks\B-GD-071\B-GD-071-C03.txt,"M,M,M,A,A,A",gdelt-msme-trade-friction,media-signaling-and-border-rejections (external trade friction)
B-GD-071-C04,B-GD-071,B,N/A (Web Scraped / Text Extract),814 - 1063,250,CorpusB_Chunks\B-GD-071\B-GD-071-C04.txt,"M,M,M,A,A,A",gdelt-msme-trade-friction,media-signaling-and-border-rejections (external trade friction)
B-GD-071-C05,B-GD-071,B,N/A (Web Scraped / Text Extract),1064 - 1313,250,CorpusB_Chunks\B-GD-071\B-GD-071-C05.txt,"M,M,M,A,A,A",gdelt-msme-trade-friction,media-signaling-and-border-rejections (external trade friction)
B-GD-071-C06,B-GD-071,B,N/A (Web Scraped / Text Extract),1314 - 1567,254,CorpusB_Chunks\B-GD-071\B-GD-071-C06.txt,"M,M,M,A,A,A",gdelt-msme-trade-friction,media-signaling-and-border-rejections (external trade friction)
B-GD-071-C07,B-GD-071,B,N/A (Web Scraped / Text Extract),1568 - 1677,110,CorpusB_Chunks\B-GD-071\B-GD-071-C07.txt,"M,M,M,A,A,A",gdelt-msme-trade-friction,media-signaling-and-border-rejections (external trade friction)
B-GD-089-C01,B-GD-089,B,N/A (Web Scraped / Text Extract),1 - 250,250,CorpusB_Chunks\B-GD-089\B-GD-089-C01.txt,"M,A,A,A,A,A",gdelt-spices-sps-hurdles,media-signaling-and-border-rejections (external trade friction)
B-GD-089-C02,B-GD-089,B,N/A (Web Scraped / Text Extract),251 - 508,258,CorpusB_Chunks\B-GD-089\B-GD-089-C02.txt,"M,A,A,A,A,A",gdelt-spices-sps-hurdles,media-signaling-and-border-rejections (external trade friction)
B-GD-089-C03,B-GD-089,B,N/A (Web Scraped / Text Extract),509 - 759,251,CorpusB_Chunks\B-GD-089\B-GD-089-C03.txt,"M,A,A,A,A,A",gdelt-spices-sps-hurdles,media-signaling-and-border-rejections (external trade friction)
B-GD-089-C04,B-GD-089,B,N/A (Web Scraped / Text Extract),760 - 1038,279,CorpusB_Chunks\B-GD-089\B-GD-089-C04.txt,"M,A,A,A,A,A",gdelt-spices-sps-hurdles,media-signaling-and-border-rejections (external trade friction)
B-GD-089-C05,B-GD-089,B,N/A (Web Scraped / Text Extract),1039 - 1374,336,CorpusB_Chunks\B-GD-089\B-GD-089-C05.txt,"M,A,A,A,A,A",gdelt-spices-sps-hurdles,media-signaling-and-border-rejections (external trade friction)
B-GD-089-C06,B-GD-089,B,N/A (Web Scraped / Text Extract),1375 - 1558,184,CorpusB_Chunks\B-GD-089\B-GD-089-C06.txt,"M,A,A,A,A,A",gdelt-spices-sps-hurdles,media-signaling-and-border-rejections (external trade friction)
B-GD-101-C01,B-GD-101,B,N/A (Web Scraped / Text Extract),1 - 251,251,CorpusB_Chunks\B-GD-101\B-GD-101-C01.txt,"A,M,A,A,A,A",gdelt-dgft-icegate-glitches,media-signaling-and-border-rejections (external trade friction)
B-GD-101-C02,B-GD-101,B,N/A (Web Scraped / Text Extract),252 - 536,285,CorpusB_Chunks\B-GD-101\B-GD-101-C02.txt,"A,M,A,A,A,A",gdelt-dgft-icegate-glitches,media-signaling-and-border-rejections (external trade friction)
B-GD-101-C03,B-GD-101,B,N/A (Web Scraped / Text Extract),537 - 812,276,CorpusB_Chunks\B-GD-101\B-GD-101-C03.txt,"A,M,A,A,A,A",gdelt-dgft-icegate-glitches,media-signaling-and-border-rejections (external trade friction)
B-GD-101-C04,B-GD-101,B,N/A (Web Scraped / Text Extract),813 - 1064,252,CorpusB_Chunks\B-GD-101\B-GD-101-C04.txt,"A,M,A,A,A,A",gdelt-dgft-icegate-glitches,media-signaling-and-border-rejections (external trade friction)
B-GD-101-C05,B-GD-101,B,N/A (Web Scraped / Text Extract),1065 - 1348,284,CorpusB_Chunks\B-GD-101\B-GD-101-C05.txt,"A,M,A,A,A,A",gdelt-dgft-icegate-glitches,media-signaling-and-border-rejections (external trade friction)
B-GD-101-C06,B-GD-101,B,N/A (Web Scraped / Text Extract),1349 - 1603,255,CorpusB_Chunks\B-GD-101\B-GD-101-C06.txt,"A,M,A,A,A,A",gdelt-dgft-icegate-glitches,media-signaling-and-border-rejections (external trade friction)
B-GD-101-C07,B-GD-101,B,N/A (Web Scraped / Text Extract),1604 - 1853,250,CorpusB_Chunks\B-GD-101\B-GD-101-C07.txt,"A,M,A,A,A,A",gdelt-dgft-icegate-glitches,media-signaling-and-border-rejections (external trade friction)
B-GD-101-C08,B-GD-101,B,N/A (Web Scraped / Text Extract),1854 - 2129,276,CorpusB_Chunks\B-GD-101\B-GD-101-C08.txt,"A,M,A,A,A,A",gdelt-dgft-icegate-glitches,media-signaling-and-border-rejections (external trade friction)
B-GD-101-C09,B-GD-101,B,N/A (Web Scraped / Text Extract),2130 - 2408,279,CorpusB_Chunks\B-GD-101\B-GD-101-C09.txt,"A,M,A,A,A,A",gdelt-dgft-icegate-glitches,media-signaling-and-border-rejections (external trade friction)
B-GD-101-C10,B-GD-101,B,N/A (Web Scraped / Text Extract),2409 - 2698,290,CorpusB_Chunks\B-GD-101\B-GD-101-C10.txt,"A,M,A,A,A,A",gdelt-dgft-icegate-glitches,media-signaling-and-border-rejections (external trade friction)
B-GD-101-C11,B-GD-101,B,N/A (Web Scraped / Text Extract),2699 - 2974,276,CorpusB_Chunks\B-GD-101\B-GD-101-C11.txt,"A,M,A,A,A,A",gdelt-dgft-icegate-glitches,media-signaling-and-border-rejections (external trade friction)
B-GD-101-C12,B-GD-101,B,N/A (Web Scraped / Text Extract),2975 - 3235,261,CorpusB_Chunks\B-GD-101\B-GD-101-C12.txt,"A,M,A,A,A,A",gdelt-dgft-icegate-glitches,media-signaling-and-border-rejections (external trade friction)
B-GD-101-C13,B-GD-101,B,N/A (Web Scraped / Text Extract),3236 - 3512,277,CorpusB_Chunks\B-GD-101\B-GD-101-C13.txt,"A,M,A,A,A,A",gdelt-dgft-icegate-glitches,media-signaling-and-border-rejections (external trade friction)
B-GD-108-C01,B-GD-108,B,N/A (Web Scraped / Text Extract),1 - 274,274,CorpusB_Chunks\B-GD-108\B-GD-108-C01.txt,"M,A,A,A,A,A",gdelt-customs-clearance-holds,media-signaling-and-border-rejections (external trade friction)
B-GD-108-C02,B-GD-108,B,N/A (Web Scraped / Text Extract),275 - 527,253,CorpusB_Chunks\B-GD-108\B-GD-108-C02.txt,"M,A,A,A,A,A",gdelt-customs-clearance-holds,media-signaling-and-border-rejections (external trade friction)
B-GD-108-C03,B-GD-108,B,N/A (Web Scraped / Text Extract),528 - 811,284,CorpusB_Chunks\B-GD-108\B-GD-108-C03.txt,"M,A,A,A,A,A",gdelt-customs-clearance-holds,media-signaling-and-border-rejections (external trade friction)
B-GD-108-C04,B-GD-108,B,N/A (Web Scraped / Text Extract),812 - 1091,280,CorpusB_Chunks\B-GD-108\B-GD-108-C04.txt,"M,A,A,A,A,A",gdelt-customs-clearance-holds,media-signaling-and-border-rejections (external trade friction)
B-GD-108-C05,B-GD-108,B,N/A (Web Scraped / Text Extract),1092 - 1352,261,CorpusB_Chunks\B-GD-108\B-GD-108-C05.txt,"M,A,A,A,A,A",gdelt-customs-clearance-holds,media-signaling-and-border-rejections (external trade friction)
B-GD-108-C06,B-GD-108,B,N/A (Web Scraped / Text Extract),1353 - 1612,260,CorpusB_Chunks\B-GD-108\B-GD-108-C06.txt,"M,A,A,A,A,A",gdelt-customs-clearance-holds,media-signaling-and-border-rejections (external trade friction)
B-GD-108-C07,B-GD-108,B,N/A (Web Scraped / Text Extract),1613 - 1737,125,CorpusB_Chunks\B-GD-108\B-GD-108-C07.txt,"M,A,A,A,A,A",gdelt-customs-clearance-holds,media-signaling-and-border-rejections (external trade friction)
A-MSME-101-C01,A-MSME-101,A,Page 2 to Page 4,1 - 250,250,CorpusA_Chunks\A-MSME-101\A-MSME-101-C01.txt,"M,A,A,A,A,A",niti_msme-compliance-framework,direct-institutional-or-academic-extraction
A-MSME-101-C02,A-MSME-101,A,Page 4 to Page 9,251 - 500,250,CorpusA_Chunks\A-MSME-101\A-MSME-101-C02.txt,"M,A,A,A,A,A",niti_msme-compliance-framework,direct-institutional-or-academic-extraction
A-MSME-101-C03,A-MSME-101,A,Page 9,501 - 884,384,CorpusA_Chunks\A-MSME-101\A-MSME-101-C03.txt,"M,A,A,A,A,A",niti_msme-compliance-framework,direct-institutional-or-academic-extraction
A-MSME-101-C04,A-MSME-101,A,Page 10,885 - 1278,394,CorpusA_Chunks\A-MSME-101\A-MSME-101-C04.txt,"M,A,A,A,A,A",niti_msme-compliance-framework,direct-institutional-or-academic-extraction
A-MSME-101-C05,A-MSME-101,A,Page 11,1279 - 1653,375,CorpusA_Chunks\A-MSME-101\A-MSME-101-C05.txt,"M,A,A,A,A,A",niti_msme-compliance-framework,direct-institutional-or-academic-extraction
A-MSME-101-C06,A-MSME-101,A,Page 13,1654 - 1988,335,CorpusA_Chunks\A-MSME-101\A-MSME-101-C06.txt,"M,A,A,A,A,A",niti_msme-compliance-framework,direct-institutional-or-academic-extraction
A-MSME-101-C07,A-MSME-101,A,Page 14,1989 - 2238,250,CorpusA_Chunks\A-MSME-101\A-MSME-101-C07.txt,"M,A,A,A,A,A",niti_msme-compliance-framework,direct-institutional-or-academic-extraction
A-MSME-101-C08,A-MSME-101,A,Page 14,2239 - 2543,305,CorpusA_Chunks\A-MSME-101\A-MSME-101-C08.txt,"M,A,A,A,A,A",niti_msme-compliance-framework,direct-institutional-or-academic-extraction
A-MSME-101-C09,A-MSME-101,A,Page 15,2544 - 2793,250,CorpusA_Chunks\A-MSME-101\A-MSME-101-C09.txt,"M,A,A,A,A,A",niti_msme-compliance-framework,direct-institutional-or-academic-extraction
A-MSME-101-C10,A-MSME-101,A,Page 15 to Page 60,2794 - 3082,289,CorpusA_Chunks\A-MSME-101\A-MSME-101-C10.txt,"M,A,A,A,A,A",niti_msme-compliance-framework,direct-institutional-or-academic-extraction
A-MSME-101-C11,A-MSME-101,A,Page 61 to Page 63,3083 - 3475,393,CorpusA_Chunks\A-MSME-101\A-MSME-101-C11.txt,"M,A,A,A,A,A",niti_msme-compliance-framework,direct-institutional-or-academic-extraction
A-MSME-101-C12,A-MSME-101,A,Page 64 to Page 65,3476 - 3818,343,CorpusA_Chunks\A-MSME-101\A-MSME-101-C12.txt,"M,A,A,A,A,A",niti_msme-compliance-framework,direct-institutional-or-academic-extraction
A-MSME-101-C13,A-MSME-101,A,Page 66 to Page 67,3819 - 4216,398,CorpusA_Chunks\A-MSME-101\A-MSME-101-C13.txt,"M,A,A,A,A,A",niti_msme-compliance-framework,direct-institutional-or-academic-extraction
A-MSME-101-C14,A-MSME-101,A,Page 68 to Page 69,4217 - 4580,364,CorpusA_Chunks\A-MSME-101\A-MSME-101-C14.txt,"M,A,A,A,A,A",niti_msme-compliance-framework,direct-institutional-or-academic-extraction
A-MSME-101-C15,A-MSME-101,A,Page 70 to Page 71,4581 - 4830,250,CorpusA_Chunks\A-MSME-101\A-MSME-101-C15.txt,"M,A,A,A,A,A",niti_msme-compliance-framework,direct-institutional-or-academic-extraction
A-MSME-101-C16,A-MSME-101,A,Page 71 to Page 72,4831 - 5202,372,CorpusA_Chunks\A-MSME-101\A-MSME-101-C16.txt,"M,A,A,A,A,A",niti_msme-compliance-framework,direct-institutional-or-academic-extraction
A-MSME-101-C17,A-MSME-101,A,Page 73 to Page 74,5203 - 5576,374,CorpusA_Chunks\A-MSME-101\A-MSME-101-C17.txt,"M,A,A,A,A,A",niti_msme-compliance-framework,direct-institutional-or-academic-extraction
A-MSME-101-C18,A-MSME-101,A,Page 75,5577 - 5678,102,CorpusA_Chunks\A-MSME-101\A-MSME-101-C18.txt,"M,A,A,A,A,A",niti_msme-compliance-framework,direct-institutional-or-academic-extraction
A-DATA-100-C01,A-DATA-100,A,Page 1,1 - 386,386,CorpusA_Chunks\A-DATA-100\A-DATA-100-C01.txt,"M,A,A,A,A,A",datagov-compliance-framework,direct-institutional-or-academic-extraction
A-DATA-100-C02,A-DATA-100,A,Page 2,387 - 636,250,CorpusA_Chunks\A-DATA-100\A-DATA-100-C02.txt,"M,A,A,A,A,A",datagov-compliance-framework,direct-institutional-or-academic-extraction
A-DATA-100-C03,A-DATA-100,A,Page 2,637 - 859,223,CorpusA_Chunks\A-DATA-100\A-DATA-100-C03.txt,"M,A,A,A,A,A",datagov-compliance-framework,direct-institutional-or-academic-extraction
A-DATA-101-C01,A-DATA-101,A,Page 1,1 - 250,250,CorpusA_Chunks\A-DATA-101\A-DATA-101-C01.txt,"M,A,A,A,A,A",datagov-compliance-framework,direct-institutional-or-academic-extraction
A-DATA-101-C02,A-DATA-101,A,Page 1,251 - 565,315,CorpusA_Chunks\A-DATA-101\A-DATA-101-C02.txt,"M,A,A,A,A,A",datagov-compliance-framework,direct-institutional-or-academic-extraction
A-DATA-101-C03,A-DATA-101,A,Page 2,566 - 893,328,CorpusA_Chunks\A-DATA-101\A-DATA-101-C03.txt,"M,A,A,A,A,A",datagov-compliance-framework,direct-institutional-or-academic-extraction
A-CSR-100-C01,A-CSR-100,A,Page 1,1 - 250,250,CorpusA_Chunks\A-CSR-100\A-CSR-100-C01.txt,"M,A,A,A,A,A",csr-compliance-framework,direct-institutional-or-academic-extraction
A-CSR-100-C02,A-CSR-100,A,Page 1,251 - 533,283,CorpusA_Chunks\A-CSR-100\A-CSR-100-C02.txt,"M,A,A,A,A,A",csr-compliance-framework,direct-institutional-or-academic-extraction
A-CSR-100-C03,A-CSR-100,A,Page 2,534 - 783,250,CorpusA_Chunks\A-CSR-100\A-CSR-100-C03.txt,"M,A,A,A,A,A",csr-compliance-framework,direct-institutional-or-academic-extraction
A-CSR-100-C04,A-CSR-100,A,Page 2,784 - 1164,381,CorpusA_Chunks\A-CSR-100\A-CSR-100-C04.txt,"M,A,A,A,A,A",csr-compliance-framework,direct-institutional-or-academic-extraction
A-CSR-100-C05,A-CSR-100,A,Page 3,1165 - 1414,250,CorpusA_Chunks\A-CSR-100\A-CSR-100-C05.txt,"M,A,A,A,A,A",csr-compliance-framework,direct-institutional-or-academic-extraction
A-CSR-100-C06,A-CSR-100,A,Page 3,1415 - 1675,261,CorpusA_Chunks\A-CSR-100\A-CSR-100-C06.txt,"M,A,A,A,A,A",csr-compliance-framework,direct-institutional-or-academic-extraction
A-CSR-100-C07,A-CSR-100,A,Page 4,1676 - 2031,356,CorpusA_Chunks\A-CSR-100\A-CSR-100-C07.txt,"M,A,A,A,A,A",csr-compliance-framework,direct-institutional-or-academic-extraction
A-EUDR-100-C01,A-EUDR-100,A,Page 1,1 - 250,250,CorpusA_Chunks\A-EUDR-100\A-EUDR-100-C01.txt,"M,A,A,A,A,A",eudr_csddd-compliance-framework,direct-institutional-or-academic-extraction
A-EUDR-100-C02,A-EUDR-100,A,Page 1,251 - 500,250,CorpusA_Chunks\A-EUDR-100\A-EUDR-100-C02.txt,"M,A,A,A,A,A",eudr_csddd-compliance-framework,direct-institutional-or-academic-extraction
A-EUDR-100-C03,A-EUDR-100,A,Page 1,501 - 791,291,CorpusA_Chunks\A-EUDR-100\A-EUDR-100-C03.txt,"M,A,A,A,A,A",eudr_csddd-compliance-framework,direct-institutional-or-academic-extraction
A-EUDR-100-C04,A-EUDR-100,A,Page 2,792 - 1041,250,CorpusA_Chunks\A-EUDR-100\A-EUDR-100-C04.txt,"M,A,A,A,A,A",eudr_csddd-compliance-framework,direct-institutional-or-academic-extraction
A-EUDR-100-C05,A-EUDR-100,A,Page 2,1042 - 1291,250,CorpusA_Chunks\A-EUDR-100\A-EUDR-100-C05.txt,"M,A,A,A,A,A",eudr_csddd-compliance-framework,direct-institutional-or-academic-extraction
A-EUDR-100-C06,A-EUDR-100,A,Page 2,1292 - 1541,250,CorpusA_Chunks\A-EUDR-100\A-EUDR-100-C06.txt,"M,A,A,A,A,A",eudr_csddd-compliance-framework,direct-institutional-or-academic-extraction
A-EUDR-100-C07,A-EUDR-100,A,Page 2,1542 - 1791,250,CorpusA_Chunks\A-EUDR-100\A-EUDR-100-C07.txt,"M,A,A,A,A,A",eudr_csddd-compliance-framework,direct-institutional-or-academic-extraction
A-EUDR-100-C08,A-EUDR-100,A,Page 2,1792 - 2041,250,CorpusA_Chunks\A-EUDR-100\A-EUDR-100-C08.txt,"M,A,A,A,A,A",eudr_csddd-compliance-framework,direct-institutional-or-academic-extraction
A-EUDR-100-C09,A-EUDR-100,A,Page 2 to Page 3,2042 - 2291,250,CorpusA_Chunks\A-EUDR-100\A-EUDR-100-C09.txt,"M,A,A,A,A,A",eudr_csddd-compliance-framework,direct-institutional-or-academic-extraction
A-EUDR-100-C10,A-EUDR-100,A,Page 3,2292 - 2541,250,CorpusA_Chunks\A-EUDR-100\A-EUDR-100-C10.txt,"M,A,A,A,A,A",eudr_csddd-compliance-framework,direct-institutional-or-academic-extraction
A-EUDR-100-C11,A-EUDR-100,A,Page 3,2542 - 2791,250,CorpusA_Chunks\A-EUDR-100\A-EUDR-100-C11.txt,"M,A,A,A,A,A",eudr_csddd-compliance-framework,direct-institutional-or-academic-extraction
A-EUDR-100-C12,A-EUDR-100,A,Page 3,2792 - 3041,250,CorpusA_Chunks\A-EUDR-100\A-EUDR-100-C12.txt,"M,A,A,A,A,A",eudr_csddd-compliance-framework,direct-institutional-or-academic-extraction
A-EUDR-100-C13,A-EUDR-100,A,Page 3,3042 - 3291,250,CorpusA_Chunks\A-EUDR-100\A-EUDR-100-C13.txt,"M,A,A,A,A,A",eudr_csddd-compliance-framework,direct-institutional-or-academic-extraction
A-EUDR-100-C14,A-EUDR-100,A,Page 3,3292 - 3597,306,CorpusA_Chunks\A-EUDR-100\A-EUDR-100-C14.txt,"M,A,A,A,A,A",eudr_csddd-compliance-framework,direct-institutional-or-academic-extraction
A-EUDR-100-C15,A-EUDR-100,A,Page 4 to Page 5,3598 - 3847,250,CorpusA_Chunks\A-EUDR-100\A-EUDR-100-C15.txt,"M,A,A,A,A,A",eudr_csddd-compliance-framework,direct-institutional-or-academic-extraction
A-EUDR-100-C16,A-EUDR-100,A,Page 5,3848 - 4097,250,CorpusA_Chunks\A-EUDR-100\A-EUDR-100-C16.txt,"M,A,A,A,A,A",eudr_csddd-compliance-framework,direct-institutional-or-academic-extraction
A-EUDR-100-C17,A-EUDR-100,A,Page 5,4098 - 4347,250,CorpusA_Chunks\A-EUDR-100\A-EUDR-100-C17.txt,"M,A,A,A,A,A",eudr_csddd-compliance-framework,direct-institutional-or-academic-extraction
A-EUDR-100-C18,A-EUDR-100,A,Page 5,4348 - 4597,250,CorpusA_Chunks\A-EUDR-100\A-EUDR-100-C18.txt,"M,A,A,A,A,A",eudr_csddd-compliance-framework,direct-institutional-or-academic-extraction
A-EUDR-100-C19,A-EUDR-100,A,Page 5,4598 - 4863,266,CorpusA_Chunks\A-EUDR-100\A-EUDR-100-C19.txt,"M,A,A,A,A,A",eudr_csddd-compliance-framework,direct-institutional-or-academic-extraction
A-EUDR-100-C20,A-EUDR-100,A,Page 6,4864 - 5113,250,CorpusA_Chunks\A-EUDR-100\A-EUDR-100-C20.txt,"M,A,A,A,A,A",eudr_csddd-compliance-framework,direct-institutional-or-academic-extraction
A-EUDR-100-C21,A-EUDR-100,A,Page 6,5114 - 5363,250,CorpusA_Chunks\A-EUDR-100\A-EUDR-100-C21.txt,"M,A,A,A,A,A",eudr_csddd-compliance-framework,direct-institutional-or-academic-extraction
A-EUDR-100-C22,A-EUDR-100,A,Page 6,5364 - 5613,250,CorpusA_Chunks\A-EUDR-100\A-EUDR-100-C22.txt,"M,A,A,A,A,A",eudr_csddd-compliance-framework,direct-institutional-or-academic-extraction
A-EUDR-100-C23,A-EUDR-100,A,Page 6 to Page 7,5614 - 5863,250,CorpusA_Chunks\A-EUDR-100\A-EUDR-100-C23.txt,"M,A,A,A,A,A",eudr_csddd-compliance-framework,direct-institutional-or-academic-extraction
A-EUDR-100-C24,A-EUDR-100,A,Page 7,5864 - 6113,250,CorpusA_Chunks\A-EUDR-100\A-EUDR-100-C24.txt,"M,A,A,A,A,A",eudr_csddd-compliance-framework,direct-institutional-or-academic-extraction
A-EUDR-100-C25,A-EUDR-100,A,Page 7,6114 - 6363,250,CorpusA_Chunks\A-EUDR-100\A-EUDR-100-C25.txt,"M,A,A,A,A,A",eudr_csddd-compliance-framework,direct-institutional-or-academic-extraction
A-EUDR-100-C26,A-EUDR-100,A,Page 7,6364 - 6613,250,CorpusA_Chunks\A-EUDR-100\A-EUDR-100-C26.txt,"M,A,A,A,A,A",eudr_csddd-compliance-framework,direct-institutional-or-academic-extraction
A-EUDR-100-C27,A-EUDR-100,A,Page 7,6614 - 6863,250,CorpusA_Chunks\A-EUDR-100\A-EUDR-100-C27.txt,"M,A,A,A,A,A",eudr_csddd-compliance-framework,direct-institutional-or-academic-extraction
A-EUDR-100-C28,A-EUDR-100,A,Page 7,6864 - 7135,272,CorpusA_Chunks\A-EUDR-100\A-EUDR-100-C28.txt,"M,A,A,A,A,A",eudr_csddd-compliance-framework,direct-institutional-or-academic-extraction
A-EUDR-100-C29,A-EUDR-100,A,Page 8,7136 - 7385,250,CorpusA_Chunks\A-EUDR-100\A-EUDR-100-C29.txt,"M,A,A,A,A,A",eudr_csddd-compliance-framework,direct-institutional-or-academic-extraction
A-EUDR-100-C30,A-EUDR-100,A,Page 8,7386 - 7635,250,CorpusA_Chunks\A-EUDR-100\A-EUDR-100-C30.txt,"M,A,A,A,A,A",eudr_csddd-compliance-framework,direct-institutional-or-academic-extraction
A-EUDR-100-C31,A-EUDR-100,A,Page 8,7636 - 7885,250,CorpusA_Chunks\A-EUDR-100\A-EUDR-100-C31.txt,"M,A,A,A,A,A",eudr_csddd-compliance-framework,direct-institutional-or-academic-extraction
A-EUDR-100-C32,A-EUDR-100,A,Page 8,7886 - 8135,250,CorpusA_Chunks\A-EUDR-100\A-EUDR-100-C32.txt,"M,A,A,A,A,A",eudr_csddd-compliance-framework,direct-institutional-or-academic-extraction
A-EUDR-100-C33,A-EUDR-100,A,Page 8,8136 - 8385,250,CorpusA_Chunks\A-EUDR-100\A-EUDR-100-C33.txt,"M,A,A,A,A,A",eudr_csddd-compliance-framework,direct-institutional-or-academic-extraction
A-EUDR-100-C34,A-EUDR-100,A,Page 8,8386 - 8635,250,CorpusA_Chunks\A-EUDR-100\A-EUDR-100-C34.txt,"M,A,A,A,A,A",eudr_csddd-compliance-framework,direct-institutional-or-academic-extraction
A-EUDR-100-C35,A-EUDR-100,A,Page 8 to Page 9,8636 - 8885,250,CorpusA_Chunks\A-EUDR-100\A-EUDR-100-C35.txt,"M,A,A,A,A,A",eudr_csddd-compliance-framework,direct-institutional-or-academic-extraction
A-EUDR-100-C36,A-EUDR-100,A,Page 9,8886 - 9135,250,CorpusA_Chunks\A-EUDR-100\A-EUDR-100-C36.txt,"M,A,A,A,A,A",eudr_csddd-compliance-framework,direct-institutional-or-academic-extraction
A-EUDR-100-C37,A-EUDR-100,A,Page 9,9136 - 9385,250,CorpusA_Chunks\A-EUDR-100\A-EUDR-100-C37.txt,"M,A,A,A,A,A",eudr_csddd-compliance-framework,direct-institutional-or-academic-extraction
A-EUDR-100-C38,A-EUDR-100,A,Page 9,9386 - 9635,250,CorpusA_Chunks\A-EUDR-100\A-EUDR-100-C38.txt,"M,A,A,A,A,A",eudr_csddd-compliance-framework,direct-institutional-or-academic-extraction
A-EUDR-100-C39,A-EUDR-100,A,Page 9,9636 - 9885,250,CorpusA_Chunks\A-EUDR-100\A-EUDR-100-C39.txt,"M,A,A,A,A,A",eudr_csddd-compliance-framework,direct-institutional-or-academic-extraction
A-EUDR-100-C40,A-EUDR-100,A,Page 9,9886 - 10135,250,CorpusA_Chunks\A-EUDR-100\A-EUDR-100-C40.txt,"M,A,A,A,A,A",eudr_csddd-compliance-framework,direct-institutional-or-academic-extraction
A-EUDR-100-C41,A-EUDR-100,A,Page 9,10136 - 10385,250,CorpusA_Chunks\A-EUDR-100\A-EUDR-100-C41.txt,"M,A,A,A,A,A",eudr_csddd-compliance-framework,direct-institutional-or-academic-extraction
A-EUDR-100-C42,A-EUDR-100,A,Page 9 to Page 10,10386 - 10635,250,CorpusA_Chunks\A-EUDR-100\A-EUDR-100-C42.txt,"M,A,A,A,A,A",eudr_csddd-compliance-framework,direct-institutional-or-academic-extraction
A-EUDR-100-C43,A-EUDR-100,A,Page 10,10636 - 10841,206,CorpusA_Chunks\A-EUDR-100\A-EUDR-100-C43.txt,"M,A,A,A,A,A",eudr_csddd-compliance-framework,direct-institutional-or-academic-extraction
A-RES-101-C01,A-RES-101,A,Page 1,1 - 250,250,CorpusA_Chunks\A-RES-101\A-RES-101-C01.txt,"M,A,A,A,A,A",supplychain_research-compliance-framework,direct-institutional-or-academic-extraction
A-RES-101-C02,A-RES-101,A,Page 1,251 - 500,250,CorpusA_Chunks\A-RES-101\A-RES-101-C02.txt,"M,A,A,A,A,A",supplychain_research-compliance-framework,direct-institutional-or-academic-extraction
A-RES-101-C03,A-RES-101,A,Page 1,501 - 807,307,CorpusA_Chunks\A-RES-101\A-RES-101-C03.txt,"M,A,A,A,A,A",supplychain_research-compliance-framework,direct-institutional-or-academic-extraction
A-RES-101-C04,A-RES-101,A,Page 2,808 - 1057,250,CorpusA_Chunks\A-RES-101\A-RES-101-C04.txt,"M,A,A,A,A,A",supplychain_research-compliance-framework,direct-institutional-or-academic-extraction
A-RES-101-C05,A-RES-101,A,Page 2,1058 - 1307,250,CorpusA_Chunks\A-RES-101\A-RES-101-C05.txt,"M,A,A,A,A,A",supplychain_research-compliance-framework,direct-institutional-or-academic-extraction
A-RES-101-C06,A-RES-101,A,Page 2,1308 - 1557,250,CorpusA_Chunks\A-RES-101\A-RES-101-C06.txt,"M,A,A,A,A,A",supplychain_research-compliance-framework,direct-institutional-or-academic-extraction
A-RES-101-C07,A-RES-101,A,Page 2,1558 - 1807,250,CorpusA_Chunks\A-RES-101\A-RES-101-C07.txt,"M,A,A,A,A,A",supplychain_research-compliance-framework,direct-institutional-or-academic-extraction
A-RES-101-C08,A-RES-101,A,Page 2,1808 - 2191,384,CorpusA_Chunks\A-RES-101\A-RES-101-C08.txt,"M,A,A,A,A,A",supplychain_research-compliance-framework,direct-institutional-or-academic-extraction
A-RES-101-C09,A-RES-101,A,Page 3,2192 - 2441,250,CorpusA_Chunks\A-RES-101\A-RES-101-C09.txt,"M,A,A,A,A,A",supplychain_research-compliance-framework,direct-institutional-or-academic-extraction
A-RES-101-C10,A-RES-101,A,Page 3,2442 - 2691,250,CorpusA_Chunks\A-RES-101\A-RES-101-C10.txt,"M,A,A,A,A,A",supplychain_research-compliance-framework,direct-institutional-or-academic-extraction
A-RES-101-C11,A-RES-101,A,Page 3,2692 - 2941,250,CorpusA_Chunks\A-RES-101\A-RES-101-C11.txt,"M,A,A,A,A,A",supplychain_research-compliance-framework,direct-institutional-or-academic-extraction
A-RES-101-C12,A-RES-101,A,Page 3,2942 - 3191,250,CorpusA_Chunks\A-RES-101\A-RES-101-C12.txt,"M,A,A,A,A,A",supplychain_research-compliance-framework,direct-institutional-or-academic-extraction
A-RES-101-C13,A-RES-101,A,Page 3,3192 - 3523,332,CorpusA_Chunks\A-RES-101\A-RES-101-C13.txt,"M,A,A,A,A,A",supplychain_research-compliance-framework,direct-institutional-or-academic-extraction
A-RES-101-C14,A-RES-101,A,Page 4,3524 - 3773,250,CorpusA_Chunks\A-RES-101\A-RES-101-C14.txt,"M,A,A,A,A,A",supplychain_research-compliance-framework,direct-institutional-or-academic-extraction
A-RES-101-C15,A-RES-101,A,Page 4,3774 - 4023,250,CorpusA_Chunks\A-RES-101\A-RES-101-C15.txt,"M,A,A,A,A,A",supplychain_research-compliance-framework,direct-institutional-or-academic-extraction
A-RES-101-C16,A-RES-101,A,Page 4,4024 - 4321,298,CorpusA_Chunks\A-RES-101\A-RES-101-C16.txt,"M,A,A,A,A,A",supplychain_research-compliance-framework,direct-institutional-or-academic-extraction
A-RES-101-C17,A-RES-101,A,Page 5,4322 - 4571,250,CorpusA_Chunks\A-RES-101\A-RES-101-C17.txt,"M,A,A,A,A,A",supplychain_research-compliance-framework,direct-institutional-or-academic-extraction
A-RES-101-C18,A-RES-101,A,Page 5,4572 - 4821,250,CorpusA_Chunks\A-RES-101\A-RES-101-C18.txt,"M,A,A,A,A,A",supplychain_research-compliance-framework,direct-institutional-or-academic-extraction
A-RES-101-C19,A-RES-101,A,Page 5,4822 - 5071,250,CorpusA_Chunks\A-RES-101\A-RES-101-C19.txt,"M,A,A,A,A,A",supplychain_research-compliance-framework,direct-institutional-or-academic-extraction
A-RES-101-C20,A-RES-101,A,Page 5,5072 - 5364,293,CorpusA_Chunks\A-RES-101\A-RES-101-C20.txt,"M,A,A,A,A,A",supplychain_research-compliance-framework,direct-institutional-or-academic-extraction
A-RES-101-C21,A-RES-101,A,Page 6,5365 - 5614,250,CorpusA_Chunks\A-RES-101\A-RES-101-C21.txt,"M,A,A,A,A,A",supplychain_research-compliance-framework,direct-institutional-or-academic-extraction
A-RES-101-C22,A-RES-101,A,Page 6,5615 - 5864,250,CorpusA_Chunks\A-RES-101\A-RES-101-C22.txt,"M,A,A,A,A,A",supplychain_research-compliance-framework,direct-institutional-or-academic-extraction
A-RES-101-C23,A-RES-101,A,Page 6,5865 - 6114,250,CorpusA_Chunks\A-RES-101\A-RES-101-C23.txt,"M,A,A,A,A,A",supplychain_research-compliance-framework,direct-institutional-or-academic-extraction
A-RES-101-C24,A-RES-101,A,Page 6,6115 - 6504,390,CorpusA_Chunks\A-RES-101\A-RES-101-C24.txt,"M,A,A,A,A,A",supplychain_research-compliance-framework,direct-institutional-or-academic-extraction
A-RES-101-C25,A-RES-101,A,Page 7,6505 - 6754,250,CorpusA_Chunks\A-RES-101\A-RES-101-C25.txt,"M,A,A,A,A,A",supplychain_research-compliance-framework,direct-institutional-or-academic-extraction
A-RES-101-C26,A-RES-101,A,Page 7,6755 - 7078,324,CorpusA_Chunks\A-RES-101\A-RES-101-C26.txt,"M,A,A,A,A,A",supplychain_research-compliance-framework,direct-institutional-or-academic-extraction
A-RES-101-C27,A-RES-101,A,Page 8,7079 - 7328,250,CorpusA_Chunks\A-RES-101\A-RES-101-C27.txt,"M,A,A,A,A,A",supplychain_research-compliance-framework,direct-institutional-or-academic-extraction
A-RES-101-C28,A-RES-101,A,Page 8,7329 - 7578,250,CorpusA_Chunks\A-RES-101\A-RES-101-C28.txt,"M,A,A,A,A,A",supplychain_research-compliance-framework,direct-institutional-or-academic-extraction
A-RES-101-C29,A-RES-101,A,Page 8,7579 - 7828,250,CorpusA_Chunks\A-RES-101\A-RES-101-C29.txt,"M,A,A,A,A,A",supplychain_research-compliance-framework,direct-institutional-or-academic-extraction
A-RES-101-C30,A-RES-101,A,Page 8,7829 - 8078,250,CorpusA_Chunks\A-RES-101\A-RES-101-C30.txt,"M,A,A,A,A,A",supplychain_research-compliance-framework,direct-institutional-or-academic-extraction
A-RES-101-C31,A-RES-101,A,Page 8 to Page 9,8079 - 8328,250,CorpusA_Chunks\A-RES-101\A-RES-101-C31.txt,"M,A,A,A,A,A",supplychain_research-compliance-framework,direct-institutional-or-academic-extraction
A-RES-101-C32,A-RES-101,A,Page 9,8329 - 8578,250,CorpusA_Chunks\A-RES-101\A-RES-101-C32.txt,"M,A,A,A,A,A",supplychain_research-compliance-framework,direct-institutional-or-academic-extraction
A-RES-101-C33,A-RES-101,A,Page 9,8579 - 8828,250,CorpusA_Chunks\A-RES-101\A-RES-101-C33.txt,"M,A,A,A,A,A",supplychain_research-compliance-framework,direct-institutional-or-academic-extraction
A-RES-101-C34,A-RES-101,A,Page 9,8829 - 9078,250,CorpusA_Chunks\A-RES-101\A-RES-101-C34.txt,"M,A,A,A,A,A",supplychain_research-compliance-framework,direct-institutional-or-academic-extraction
A-RES-101-C35,A-RES-101,A,Page 9,9079 - 9328,250,CorpusA_Chunks\A-RES-101\A-RES-101-C35.txt,"M,A,A,A,A,A",supplychain_research-compliance-framework,direct-institutional-or-academic-extraction
A-RES-101-C36,A-RES-101,A,Page 9,9329 - 9578,250,CorpusA_Chunks\A-RES-101\A-RES-101-C36.txt,"M,A,A,A,A,A",supplychain_research-compliance-framework,direct-institutional-or-academic-extraction
A-RES-101-C37,A-RES-101,A,Page 9,9579 - 9846,268,CorpusA_Chunks\A-RES-101\A-RES-101-C37.txt,"M,A,A,A,A,A",supplychain_research-compliance-framework,direct-institutional-or-academic-extraction
A-RES-102-C01,A-RES-102,A,Page 1,1 - 250,250,CorpusA_Chunks\A-RES-102\A-RES-102-C01.txt,"M,A,A,A,A,A",supplychain_research-compliance-framework,direct-institutional-or-academic-extraction
A-RES-102-C02,A-RES-102,A,Page 1,251 - 500,250,CorpusA_Chunks\A-RES-102\A-RES-102-C02.txt,"M,A,A,A,A,A",supplychain_research-compliance-framework,direct-institutional-or-academic-extraction
A-RES-102-C03,A-RES-102,A,Page 1,501 - 753,253,CorpusA_Chunks\A-RES-102\A-RES-102-C03.txt,"M,A,A,A,A,A",supplychain_research-compliance-framework,direct-institutional-or-academic-extraction
A-RES-102-C04,A-RES-102,A,Page 2 to Page 3,754 - 1003,250,CorpusA_Chunks\A-RES-102\A-RES-102-C04.txt,"M,A,A,A,A,A",supplychain_research-compliance-framework,direct-institutional-or-academic-extraction
A-RES-102-C05,A-RES-102,A,Page 3,1004 - 1281,278,CorpusA_Chunks\A-RES-102\A-RES-102-C05.txt,"M,A,A,A,A,A",supplychain_research-compliance-framework,direct-institutional-or-academic-extraction
A-RES-102-C06,A-RES-102,A,Page 4,1282 - 1531,250,CorpusA_Chunks\A-RES-102\A-RES-102-C06.txt,"M,A,A,A,A,A",supplychain_research-compliance-framework,direct-institutional-or-academic-extraction
A-RES-102-C07,A-RES-102,A,Page 4,1532 - 1781,250,CorpusA_Chunks\A-RES-102\A-RES-102-C07.txt,"M,A,A,A,A,A",supplychain_research-compliance-framework,direct-institutional-or-academic-extraction
A-RES-102-C08,A-RES-102,A,Page 4,1782 - 2163,382,CorpusA_Chunks\A-RES-102\A-RES-102-C08.txt,"M,A,A,A,A,A",supplychain_research-compliance-framework,direct-institutional-or-academic-extraction
A-RES-102-C09,A-RES-102,A,Page 5,2164 - 2515,352,CorpusA_Chunks\A-RES-102\A-RES-102-C09.txt,"M,A,A,A,A,A",supplychain_research-compliance-framework,direct-institutional-or-academic-extraction
A-RES-102-C10,A-RES-102,A,Page 6,2516 - 2765,250,CorpusA_Chunks\A-RES-102\A-RES-102-C10.txt,"M,A,A,A,A,A",supplychain_research-compliance-framework,direct-institutional-or-academic-extraction
A-RES-102-C11,A-RES-102,A,Page 6,2766 - 3015,250,CorpusA_Chunks\A-RES-102\A-RES-102-C11.txt,"M,A,A,A,A,A",supplychain_research-compliance-framework,direct-institutional-or-academic-extraction
A-RES-102-C12,A-RES-102,A,Page 6,3016 - 3401,386,CorpusA_Chunks\A-RES-102\A-RES-102-C12.txt,"M,A,A,A,A,A",supplychain_research-compliance-framework,direct-institutional-or-academic-extraction
A-RES-102-C13,A-RES-102,A,Page 7,3402 - 3701,300,CorpusA_Chunks\A-RES-102\A-RES-102-C13.txt,"M,A,A,A,A,A",supplychain_research-compliance-framework,direct-institutional-or-academic-extraction
A-RES-102-C14,A-RES-102,A,Page 8,3702 - 3951,250,CorpusA_Chunks\A-RES-102\A-RES-102-C14.txt,"M,A,A,A,A,A",supplychain_research-compliance-framework,direct-institutional-or-academic-extraction
A-RES-102-C15,A-RES-102,A,Page 8,3952 - 4201,250,CorpusA_Chunks\A-RES-102\A-RES-102-C15.txt,"M,A,A,A,A,A",supplychain_research-compliance-framework,direct-institutional-or-academic-extraction
A-RES-102-C16,A-RES-102,A,Page 8,4202 - 4451,250,CorpusA_Chunks\A-RES-102\A-RES-102-C16.txt,"M,A,A,A,A,A",supplychain_research-compliance-framework,direct-institutional-or-academic-extraction
A-RES-102-C17,A-RES-102,A,Page 8 to Page 9,4452 - 4701,250,CorpusA_Chunks\A-RES-102\A-RES-102-C17.txt,"M,A,A,A,A,A",supplychain_research-compliance-framework,direct-institutional-or-academic-extraction
A-RES-102-C18,A-RES-102,A,Page 9,4702 - 4951,250,CorpusA_Chunks\A-RES-102\A-RES-102-C18.txt,"M,A,A,A,A,A",supplychain_research-compliance-framework,direct-institutional-or-academic-extraction
A-RES-102-C19,A-RES-102,A,Page 9,4952 - 5201,250,CorpusA_Chunks\A-RES-102\A-RES-102-C19.txt,"M,A,A,A,A,A",supplychain_research-compliance-framework,direct-institutional-or-academic-extraction
A-RES-102-C20,A-RES-102,A,Page 9,5202 - 5451,250,CorpusA_Chunks\A-RES-102\A-RES-102-C20.txt,"M,A,A,A,A,A",supplychain_research-compliance-framework,direct-institutional-or-academic-extraction
A-RES-102-C21,A-RES-102,A,Page 9,5452 - 5701,250,CorpusA_Chunks\A-RES-102\A-RES-102-C21.txt,"M,A,A,A,A,A",supplychain_research-compliance-framework,direct-institutional-or-academic-extraction
A-RES-102-C22,A-RES-102,A,Page 9,5702 - 6005,304,CorpusA_Chunks\A-RES-102\A-RES-102-C22.txt,"M,A,A,A,A,A",supplychain_research-compliance-framework,direct-institutional-or-academic-extraction
A-RES-102-C23,A-RES-102,A,Page 10,6006 - 6255,250,CorpusA_Chunks\A-RES-102\A-RES-102-C23.txt,"M,A,A,A,A,A",supplychain_research-compliance-framework,direct-institutional-or-academic-extraction
A-RES-102-C24,A-RES-102,A,Page 10,6256 - 6469,214,CorpusA_Chunks\A-RES-102\A-RES-102-C24.txt,"M,A,A,A,A,A",supplychain_research-compliance-framework,direct-institutional-or-academic-extraction
A-EUDR-101-C01,A-EUDR-101,A,Page 1,1 - 250,250,CorpusA_Chunks\A-EUDR-101\A-EUDR-101-C01.txt,"M,A,A,M,A,A",eudr_csddd-compliance-framework,direct-institutional-or-academic-extraction
A-EUDR-101-C02,A-EUDR-101,A,Page 1,251 - 500,250,CorpusA_Chunks\A-EUDR-101\A-EUDR-101-C02.txt,"M,A,A,M,A,A",eudr_csddd-compliance-framework,direct-institutional-or-academic-extraction
A-EUDR-101-C03,A-EUDR-101,A,Page 1 to Page 2,501 - 750,250,CorpusA_Chunks\A-EUDR-101\A-EUDR-101-C03.txt,"M,A,A,M,A,A",eudr_csddd-compliance-framework,direct-institutional-or-academic-extraction
A-EUDR-101-C04,A-EUDR-101,A,Page 2,751 - 1000,250,CorpusA_Chunks\A-EUDR-101\A-EUDR-101-C04.txt,"M,A,A,M,A,A",eudr_csddd-compliance-framework,direct-institutional-or-academic-extraction
A-EUDR-101-C05,A-EUDR-101,A,Page 2,1001 - 1250,250,CorpusA_Chunks\A-EUDR-101\A-EUDR-101-C05.txt,"M,A,A,M,A,A",eudr_csddd-compliance-framework,direct-institutional-or-academic-extraction
A-EUDR-101-C06,A-EUDR-101,A,Page 2,1251 - 1500,250,CorpusA_Chunks\A-EUDR-101\A-EUDR-101-C06.txt,"M,A,A,M,A,A",eudr_csddd-compliance-framework,direct-institutional-or-academic-extraction
A-EUDR-101-C07,A-EUDR-101,A,Page 2,1501 - 1762,262,CorpusA_Chunks\A-EUDR-101\A-EUDR-101-C07.txt,"M,A,A,M,A,A",eudr_csddd-compliance-framework,direct-institutional-or-academic-extraction
A-EUDR-101-C08,A-EUDR-101,A,Page 3,1763 - 2012,250,CorpusA_Chunks\A-EUDR-101\A-EUDR-101-C08.txt,"M,A,A,M,A,A",eudr_csddd-compliance-framework,direct-institutional-or-academic-extraction
A-EUDR-101-C09,A-EUDR-101,A,Page 3,2013 - 2262,250,CorpusA_Chunks\A-EUDR-101\A-EUDR-101-C09.txt,"M,A,A,M,A,A",eudr_csddd-compliance-framework,direct-institutional-or-academic-extraction
A-EUDR-101-C10,A-EUDR-101,A,Page 3,2263 - 2633,371,CorpusA_Chunks\A-EUDR-101\A-EUDR-101-C10.txt,"M,A,A,M,A,A",eudr_csddd-compliance-framework,direct-institutional-or-academic-extraction
A-EUDR-101-C11,A-EUDR-101,A,Page 4,2634 - 2883,250,CorpusA_Chunks\A-EUDR-101\A-EUDR-101-C11.txt,"M,A,A,M,A,A",eudr_csddd-compliance-framework,direct-institutional-or-academic-extraction
A-EUDR-101-C12,A-EUDR-101,A,Page 4,2884 - 3133,250,CorpusA_Chunks\A-EUDR-101\A-EUDR-101-C12.txt,"M,A,A,M,A,A",eudr_csddd-compliance-framework,direct-institutional-or-academic-extraction
A-EUDR-101-C13,A-EUDR-101,A,Page 4,3134 - 3383,250,CorpusA_Chunks\A-EUDR-101\A-EUDR-101-C13.txt,"M,A,A,M,A,A",eudr_csddd-compliance-framework,direct-institutional-or-academic-extraction
A-EUDR-101-C14,A-EUDR-101,A,Page 4,3384 - 3730,347,CorpusA_Chunks\A-EUDR-101\A-EUDR-101-C14.txt,"M,A,A,M,A,A",eudr_csddd-compliance-framework,direct-institutional-or-academic-extraction
A-EUDR-101-C15,A-EUDR-101,A,Page 5,3731 - 3980,250,CorpusA_Chunks\A-EUDR-101\A-EUDR-101-C15.txt,"M,A,A,M,A,A",eudr_csddd-compliance-framework,direct-institutional-or-academic-extraction
A-EUDR-101-C16,A-EUDR-101,A,Page 5,3981 - 4230,250,CorpusA_Chunks\A-EUDR-101\A-EUDR-101-C16.txt,"M,A,A,M,A,A",eudr_csddd-compliance-framework,direct-institutional-or-academic-extraction
A-EUDR-101-C17,A-EUDR-101,A,Page 5,4231 - 4480,250,CorpusA_Chunks\A-EUDR-101\A-EUDR-101-C17.txt,"M,A,A,M,A,A",eudr_csddd-compliance-framework,direct-institutional-or-academic-extraction
A-EUDR-101-C18,A-EUDR-101,A,Page 5,4481 - 4873,393,CorpusA_Chunks\A-EUDR-101\A-EUDR-101-C18.txt,"M,A,A,M,A,A",eudr_csddd-compliance-framework,direct-institutional-or-academic-extraction
A-EUDR-101-C19,A-EUDR-101,A,Page 6,4874 - 5123,250,CorpusA_Chunks\A-EUDR-101\A-EUDR-101-C19.txt,"M,A,A,M,A,A",eudr_csddd-compliance-framework,direct-institutional-or-academic-extraction
A-EUDR-101-C20,A-EUDR-101,A,Page 6,5124 - 5373,250,CorpusA_Chunks\A-EUDR-101\A-EUDR-101-C20.txt,"M,A,A,M,A,A",eudr_csddd-compliance-framework,direct-institutional-or-academic-extraction
A-EUDR-101-C21,A-EUDR-101,A,Page 6,5374 - 5623,250,CorpusA_Chunks\A-EUDR-101\A-EUDR-101-C21.txt,"M,A,A,M,A,A",eudr_csddd-compliance-framework,direct-institutional-or-academic-extraction
A-EUDR-101-C22,A-EUDR-101,A,Page 6,5624 - 5929,306,CorpusA_Chunks\A-EUDR-101\A-EUDR-101-C22.txt,"M,A,A,M,A,A",eudr_csddd-compliance-framework,direct-institutional-or-academic-extraction
A-EUDR-101-C23,A-EUDR-101,A,Page 7,5930 - 6179,250,CorpusA_Chunks\A-EUDR-101\A-EUDR-101-C23.txt,"M,A,A,M,A,A",eudr_csddd-compliance-framework,direct-institutional-or-academic-extraction
A-EUDR-101-C24,A-EUDR-101,A,Page 7,6180 - 6429,250,CorpusA_Chunks\A-EUDR-101\A-EUDR-101-C24.txt,"M,A,A,M,A,A",eudr_csddd-compliance-framework,direct-institutional-or-academic-extraction
A-EUDR-101-C25,A-EUDR-101,A,Page 7,6430 - 6679,250,CorpusA_Chunks\A-EUDR-101\A-EUDR-101-C25.txt,"M,A,A,M,A,A",eudr_csddd-compliance-framework,direct-institutional-or-academic-extraction
A-EUDR-101-C26,A-EUDR-101,A,Page 7 to Page 8,6680 - 6929,250,CorpusA_Chunks\A-EUDR-101\A-EUDR-101-C26.txt,"M,A,A,M,A,A",eudr_csddd-compliance-framework,direct-institutional-or-academic-extraction
A-EUDR-101-C27,A-EUDR-101,A,Page 8,6930 - 7179,250,CorpusA_Chunks\A-EUDR-101\A-EUDR-101-C27.txt,"M,A,A,M,A,A",eudr_csddd-compliance-framework,direct-institutional-or-academic-extraction
A-EUDR-101-C28,A-EUDR-101,A,Page 8,7180 - 7429,250,CorpusA_Chunks\A-EUDR-101\A-EUDR-101-C28.txt,"M,A,A,M,A,A",eudr_csddd-compliance-framework,direct-institutional-or-academic-extraction
A-EUDR-101-C29,A-EUDR-101,A,Page 8,7430 - 7679,250,CorpusA_Chunks\A-EUDR-101\A-EUDR-101-C29.txt,"M,A,A,M,A,A",eudr_csddd-compliance-framework,direct-institutional-or-academic-extraction
A-EUDR-101-C30,A-EUDR-101,A,Page 8,7680 - 8011,332,CorpusA_Chunks\A-EUDR-101\A-EUDR-101-C30.txt,"M,A,A,M,A,A",eudr_csddd-compliance-framework,direct-institutional-or-academic-extraction
A-EUDR-101-C31,A-EUDR-101,A,Page 9,8012 - 8261,250,CorpusA_Chunks\A-EUDR-101\A-EUDR-101-C31.txt,"M,A,A,M,A,A",eudr_csddd-compliance-framework,direct-institutional-or-academic-extraction
A-EUDR-101-C32,A-EUDR-101,A,Page 9,8262 - 8511,250,CorpusA_Chunks\A-EUDR-101\A-EUDR-101-C32.txt,"M,A,A,M,A,A",eudr_csddd-compliance-framework,direct-institutional-or-academic-extraction
A-EUDR-101-C33,A-EUDR-101,A,Page 9,8512 - 8761,250,CorpusA_Chunks\A-EUDR-101\A-EUDR-101-C33.txt,"M,A,A,M,A,A",eudr_csddd-compliance-framework,direct-institutional-or-academic-extraction
A-EUDR-101-C34,A-EUDR-101,A,Page 9,8762 - 9040,279,CorpusA_Chunks\A-EUDR-101\A-EUDR-101-C34.txt,"M,A,A,M,A,A",eudr_csddd-compliance-framework,direct-institutional-or-academic-extraction
A-EUDR-101-C35,A-EUDR-101,A,Page 10,9041 - 9290,250,CorpusA_Chunks\A-EUDR-101\A-EUDR-101-C35.txt,"M,A,A,M,A,A",eudr_csddd-compliance-framework,direct-institutional-or-academic-extraction
A-EUDR-101-C36,A-EUDR-101,A,Page 10,9291 - 9540,250,CorpusA_Chunks\A-EUDR-101\A-EUDR-101-C36.txt,"M,A,A,M,A,A",eudr_csddd-compliance-framework,direct-institutional-or-academic-extraction
A-EUDR-101-C37,A-EUDR-101,A,Page 10,9541 - 9790,250,CorpusA_Chunks\A-EUDR-101\A-EUDR-101-C37.txt,"M,A,A,M,A,A",eudr_csddd-compliance-framework,direct-institutional-or-academic-extraction
A-EUDR-101-C38,A-EUDR-101,A,Page 10,9791 - 10112,322,CorpusA_Chunks\A-EUDR-101\A-EUDR-101-C38.txt,"M,A,A,M,A,A",eudr_csddd-compliance-framework,direct-institutional-or-academic-extraction
A-EUDR-101-C39,A-EUDR-101,A,Page 11,10113 - 10362,250,CorpusA_Chunks\A-EUDR-101\A-EUDR-101-C39.txt,"M,A,A,M,A,A",eudr_csddd-compliance-framework,direct-institutional-or-academic-extraction
A-EUDR-101-C40,A-EUDR-101,A,Page 11,10363 - 10612,250,CorpusA_Chunks\A-EUDR-101\A-EUDR-101-C40.txt,"M,A,A,M,A,A",eudr_csddd-compliance-framework,direct-institutional-or-academic-extraction
A-EUDR-101-C41,A-EUDR-101,A,Page 11,10613 - 10862,250,CorpusA_Chunks\A-EUDR-101\A-EUDR-101-C41.txt,"M,A,A,M,A,A",eudr_csddd-compliance-framework,direct-institutional-or-academic-extraction
A-EUDR-101-C42,A-EUDR-101,A,Page 11 to Page 12,10863 - 11112,250,CorpusA_Chunks\A-EUDR-101\A-EUDR-101-C42.txt,"M,A,A,M,A,A",eudr_csddd-compliance-framework,direct-institutional-or-academic-extraction
A-EUDR-101-C43,A-EUDR-101,A,Page 12,11113 - 11362,250,CorpusA_Chunks\A-EUDR-101\A-EUDR-101-C43.txt,"M,A,A,M,A,A",eudr_csddd-compliance-framework,direct-institutional-or-academic-extraction
A-EUDR-101-C44,A-EUDR-101,A,Page 12,11363 - 11612,250,CorpusA_Chunks\A-EUDR-101\A-EUDR-101-C44.txt,"M,A,A,M,A,A",eudr_csddd-compliance-framework,direct-institutional-or-academic-extraction
A-EUDR-101-C45,A-EUDR-101,A,Page 12,11613 - 11862,250,CorpusA_Chunks\A-EUDR-101\A-EUDR-101-C45.txt,"M,A,A,M,A,A",eudr_csddd-compliance-framework,direct-institutional-or-academic-extraction
A-EUDR-101-C46,A-EUDR-101,A,Page 12 to Page 13,11863 - 12112,250,CorpusA_Chunks\A-EUDR-101\A-EUDR-101-C46.txt,"M,A,A,M,A,A",eudr_csddd-compliance-framework,direct-institutional-or-academic-extraction
A-EUDR-101-C47,A-EUDR-101,A,Page 13,12113 - 12362,250,CorpusA_Chunks\A-EUDR-101\A-EUDR-101-C47.txt,"M,A,A,M,A,A",eudr_csddd-compliance-framework,direct-institutional-or-academic-extraction
A-EUDR-101-C48,A-EUDR-101,A,Page 13,12363 - 12612,250,CorpusA_Chunks\A-EUDR-101\A-EUDR-101-C48.txt,"M,A,A,M,A,A",eudr_csddd-compliance-framework,direct-institutional-or-academic-extraction
A-EUDR-101-C49,A-EUDR-101,A,Page 13,12613 - 12862,250,CorpusA_Chunks\A-EUDR-101\A-EUDR-101-C49.txt,"M,A,A,M,A,A",eudr_csddd-compliance-framework,direct-institutional-or-academic-extraction
A-EUDR-101-C50,A-EUDR-101,A,Page 13 to Page 14,12863 - 13112,250,CorpusA_Chunks\A-EUDR-101\A-EUDR-101-C50.txt,"M,A,A,M,A,A",eudr_csddd-compliance-framework,direct-institutional-or-academic-extraction
A-EUDR-101-C51,A-EUDR-101,A,Page 14,13113 - 13362,250,CorpusA_Chunks\A-EUDR-101\A-EUDR-101-C51.txt,"M,A,A,M,A,A",eudr_csddd-compliance-framework,direct-institutional-or-academic-extraction
A-EUDR-101-C52,A-EUDR-101,A,Page 14,13363 - 13612,250,CorpusA_Chunks\A-EUDR-101\A-EUDR-101-C52.txt,"M,A,A,M,A,A",eudr_csddd-compliance-framework,direct-institutional-or-academic-extraction
A-EUDR-101-C53,A-EUDR-101,A,Page 14,13613 - 13862,250,CorpusA_Chunks\A-EUDR-101\A-EUDR-101-C53.txt,"M,A,A,M,A,A",eudr_csddd-compliance-framework,direct-institutional-or-academic-extraction
A-EUDR-101-C54,A-EUDR-101,A,Page 14 to Page 15,13863 - 14112,250,CorpusA_Chunks\A-EUDR-101\A-EUDR-101-C54.txt,"M,A,A,M,A,A",eudr_csddd-compliance-framework,direct-institutional-or-academic-extraction
A-EUDR-101-C55,A-EUDR-101,A,Page 15,14113 - 14362,250,CorpusA_Chunks\A-EUDR-101\A-EUDR-101-C55.txt,"M,A,A,M,A,A",eudr_csddd-compliance-framework,direct-institutional-or-academic-extraction
A-EUDR-101-C56,A-EUDR-101,A,Page 15,14363 - 14612,250,CorpusA_Chunks\A-EUDR-101\A-EUDR-101-C56.txt,"M,A,A,M,A,A",eudr_csddd-compliance-framework,direct-institutional-or-academic-extraction
A-EUDR-101-C57,A-EUDR-101,A,Page 15,14613 - 14961,349,CorpusA_Chunks\A-EUDR-101\A-EUDR-101-C57.txt,"M,A,A,M,A,A",eudr_csddd-compliance-framework,direct-institutional-or-academic-extraction
A-EUDR-101-C58,A-EUDR-101,A,Page 16,14962 - 15211,250,CorpusA_Chunks\A-EUDR-101\A-EUDR-101-C58.txt,"M,A,A,M,A,A",eudr_csddd-compliance-framework,direct-institutional-or-academic-extraction
A-EUDR-101-C59,A-EUDR-101,A,Page 16,15212 - 15461,250,CorpusA_Chunks\A-EUDR-101\A-EUDR-101-C59.txt,"M,A,A,M,A,A",eudr_csddd-compliance-framework,direct-institutional-or-academic-extraction
A-EUDR-101-C60,A-EUDR-101,A,Page 16,15462 - 15711,250,CorpusA_Chunks\A-EUDR-101\A-EUDR-101-C60.txt,"M,A,A,M,A,A",eudr_csddd-compliance-framework,direct-institutional-or-academic-extraction
A-EUDR-101-C61,A-EUDR-101,A,Page 16,15712 - 16000,289,CorpusA_Chunks\A-EUDR-101\A-EUDR-101-C61.txt,"M,A,A,M,A,A",eudr_csddd-compliance-framework,direct-institutional-or-academic-extraction
A-EUDR-101-C62,A-EUDR-101,A,Page 17,16001 - 16250,250,CorpusA_Chunks\A-EUDR-101\A-EUDR-101-C62.txt,"M,A,A,M,A,A",eudr_csddd-compliance-framework,direct-institutional-or-academic-extraction
A-EUDR-101-C63,A-EUDR-101,A,Page 17,16251 - 16500,250,CorpusA_Chunks\A-EUDR-101\A-EUDR-101-C63.txt,"M,A,A,M,A,A",eudr_csddd-compliance-framework,direct-institutional-or-academic-extraction
A-EUDR-101-C64,A-EUDR-101,A,Page 17,16501 - 16750,250,CorpusA_Chunks\A-EUDR-101\A-EUDR-101-C64.txt,"M,A,A,M,A,A",eudr_csddd-compliance-framework,direct-institutional-or-academic-extraction
A-EUDR-101-C65,A-EUDR-101,A,Page 17 to Page 18,16751 - 17000,250,CorpusA_Chunks\A-EUDR-101\A-EUDR-101-C65.txt,"M,A,A,M,A,A",eudr_csddd-compliance-framework,direct-institutional-or-academic-extraction
A-EUDR-101-C66,A-EUDR-101,A,Page 18,17001 - 17250,250,CorpusA_Chunks\A-EUDR-101\A-EUDR-101-C66.txt,"M,A,A,M,A,A",eudr_csddd-compliance-framework,direct-institutional-or-academic-extraction
A-EUDR-101-C67,A-EUDR-101,A,Page 18,17251 - 17500,250,CorpusA_Chunks\A-EUDR-101\A-EUDR-101-C67.txt,"M,A,A,M,A,A",eudr_csddd-compliance-framework,direct-institutional-or-academic-extraction
A-EUDR-101-C68,A-EUDR-101,A,Page 18,17501 - 17750,250,CorpusA_Chunks\A-EUDR-101\A-EUDR-101-C68.txt,"M,A,A,M,A,A",eudr_csddd-compliance-framework,direct-institutional-or-academic-extraction
A-EUDR-101-C69,A-EUDR-101,A,Page 18,17751 - 18029,279,CorpusA_Chunks\A-EUDR-101\A-EUDR-101-C69.txt,"M,A,A,M,A,A",eudr_csddd-compliance-framework,direct-institutional-or-academic-extraction
A-EUDR-101-C70,A-EUDR-101,A,Page 19,18030 - 18279,250,CorpusA_Chunks\A-EUDR-101\A-EUDR-101-C70.txt,"M,A,A,M,A,A",eudr_csddd-compliance-framework,direct-institutional-or-academic-extraction
A-EUDR-101-C71,A-EUDR-101,A,Page 19,18280 - 18529,250,CorpusA_Chunks\A-EUDR-101\A-EUDR-101-C71.txt,"M,A,A,M,A,A",eudr_csddd-compliance-framework,direct-institutional-or-academic-extraction
A-EUDR-101-C72,A-EUDR-101,A,Page 19,18530 - 18779,250,CorpusA_Chunks\A-EUDR-101\A-EUDR-101-C72.txt,"M,A,A,M,A,A",eudr_csddd-compliance-framework,direct-institutional-or-academic-extraction
A-EUDR-101-C73,A-EUDR-101,A,Page 19,18780 - 19148,369,CorpusA_Chunks\A-EUDR-101\A-EUDR-101-C73.txt,"M,A,A,M,A,A",eudr_csddd-compliance-framework,direct-institutional-or-academic-extraction
A-EUDR-101-C74,A-EUDR-101,A,Page 20,19149 - 19398,250,CorpusA_Chunks\A-EUDR-101\A-EUDR-101-C74.txt,"M,A,A,M,A,A",eudr_csddd-compliance-framework,direct-institutional-or-academic-extraction
A-EUDR-101-C75,A-EUDR-101,A,Page 20,19399 - 19648,250,CorpusA_Chunks\A-EUDR-101\A-EUDR-101-C75.txt,"M,A,A,M,A,A",eudr_csddd-compliance-framework,direct-institutional-or-academic-extraction
A-EUDR-101-C76,A-EUDR-101,A,Page 20,19649 - 19898,250,CorpusA_Chunks\A-EUDR-101\A-EUDR-101-C76.txt,"M,A,A,M,A,A",eudr_csddd-compliance-framework,direct-institutional-or-academic-extraction
A-EUDR-101-C77,A-EUDR-101,A,Page 20,19899 - 20165,267,CorpusA_Chunks\A-EUDR-101\A-EUDR-101-C77.txt,"M,A,A,M,A,A",eudr_csddd-compliance-framework,direct-institutional-or-academic-extraction
A-EUDR-101-C78,A-EUDR-101,A,Page 21,20166 - 20415,250,CorpusA_Chunks\A-EUDR-101\A-EUDR-101-C78.txt,"M,A,A,M,A,A",eudr_csddd-compliance-framework,direct-institutional-or-academic-extraction
A-EUDR-101-C79,A-EUDR-101,A,Page 21,20416 - 20665,250,CorpusA_Chunks\A-EUDR-101\A-EUDR-101-C79.txt,"M,A,A,M,A,A",eudr_csddd-compliance-framework,direct-institutional-or-academic-extraction
A-EUDR-101-C80,A-EUDR-101,A,Page 21,20666 - 21064,399,CorpusA_Chunks\A-EUDR-101\A-EUDR-101-C80.txt,"M,A,A,M,A,A",eudr_csddd-compliance-framework,direct-institutional-or-academic-extraction
A-EUDR-101-C81,A-EUDR-101,A,Page 22,21065 - 21314,250,CorpusA_Chunks\A-EUDR-101\A-EUDR-101-C81.txt,"M,A,A,M,A,A",eudr_csddd-compliance-framework,direct-institutional-or-academic-extraction
A-EUDR-101-C82,A-EUDR-101,A,Page 22,21315 - 21564,250,CorpusA_Chunks\A-EUDR-101\A-EUDR-101-C82.txt,"M,A,A,M,A,A",eudr_csddd-compliance-framework,direct-institutional-or-academic-extraction
A-EUDR-101-C83,A-EUDR-101,A,Page 22,21565 - 21814,250,CorpusA_Chunks\A-EUDR-101\A-EUDR-101-C83.txt,"M,A,A,M,A,A",eudr_csddd-compliance-framework,direct-institutional-or-academic-extraction
A-EUDR-101-C84,A-EUDR-101,A,Page 22 to Page 23,21815 - 22064,250,CorpusA_Chunks\A-EUDR-101\A-EUDR-101-C84.txt,"M,A,A,M,A,A",eudr_csddd-compliance-framework,direct-institutional-or-academic-extraction
A-EUDR-101-C85,A-EUDR-101,A,Page 23,22065 - 22314,250,CorpusA_Chunks\A-EUDR-101\A-EUDR-101-C85.txt,"M,A,A,M,A,A",eudr_csddd-compliance-framework,direct-institutional-or-academic-extraction
A-EUDR-101-C86,A-EUDR-101,A,Page 23,22315 - 22564,250,CorpusA_Chunks\A-EUDR-101\A-EUDR-101-C86.txt,"M,A,A,M,A,A",eudr_csddd-compliance-framework,direct-institutional-or-academic-extraction
A-EUDR-101-C87,A-EUDR-101,A,Page 23,22565 - 22814,250,CorpusA_Chunks\A-EUDR-101\A-EUDR-101-C87.txt,"M,A,A,M,A,A",eudr_csddd-compliance-framework,direct-institutional-or-academic-extraction
A-EUDR-101-C88,A-EUDR-101,A,Page 23 to Page 24,22815 - 23064,250,CorpusA_Chunks\A-EUDR-101\A-EUDR-101-C88.txt,"M,A,A,M,A,A",eudr_csddd-compliance-framework,direct-institutional-or-academic-extraction
A-EUDR-101-C89,A-EUDR-101,A,Page 24,23065 - 23314,250,CorpusA_Chunks\A-EUDR-101\A-EUDR-101-C89.txt,"M,A,A,M,A,A",eudr_csddd-compliance-framework,direct-institutional-or-academic-extraction
A-EUDR-101-C90,A-EUDR-101,A,Page 24,23315 - 23564,250,CorpusA_Chunks\A-EUDR-101\A-EUDR-101-C90.txt,"M,A,A,M,A,A",eudr_csddd-compliance-framework,direct-institutional-or-academic-extraction
A-EUDR-101-C91,A-EUDR-101,A,Page 24,23565 - 23814,250,CorpusA_Chunks\A-EUDR-101\A-EUDR-101-C91.txt,"M,A,A,M,A,A",eudr_csddd-compliance-framework,direct-institutional-or-academic-extraction
A-EUDR-101-C92,A-EUDR-101,A,Page 24,23815 - 24088,274,CorpusA_Chunks\A-EUDR-101\A-EUDR-101-C92.txt,"M,A,A,M,A,A",eudr_csddd-compliance-framework,direct-institutional-or-academic-extraction
A-EUDR-101-C93,A-EUDR-101,A,Page 25,24089 - 24338,250,CorpusA_Chunks\A-EUDR-101\A-EUDR-101-C93.txt,"M,A,A,M,A,A",eudr_csddd-compliance-framework,direct-institutional-or-academic-extraction
A-EUDR-101-C94,A-EUDR-101,A,Page 25,24339 - 24588,250,CorpusA_Chunks\A-EUDR-101\A-EUDR-101-C94.txt,"M,A,A,M,A,A",eudr_csddd-compliance-framework,direct-institutional-or-academic-extraction
A-EUDR-101-C95,A-EUDR-101,A,Page 25,24589 - 24838,250,CorpusA_Chunks\A-EUDR-101\A-EUDR-101-C95.txt,"M,A,A,M,A,A",eudr_csddd-compliance-framework,direct-institutional-or-academic-extraction
A-EUDR-101-C96,A-EUDR-101,A,Page 25 to Page 26,24839 - 25088,250,CorpusA_Chunks\A-EUDR-101\A-EUDR-101-C96.txt,"M,A,A,M,A,A",eudr_csddd-compliance-framework,direct-institutional-or-academic-extraction
A-EUDR-101-C97,A-EUDR-101,A,Page 26,25089 - 25338,250,CorpusA_Chunks\A-EUDR-101\A-EUDR-101-C97.txt,"M,A,A,M,A,A",eudr_csddd-compliance-framework,direct-institutional-or-academic-extraction
A-EUDR-101-C98,A-EUDR-101,A,Page 26,25339 - 25588,250,CorpusA_Chunks\A-EUDR-101\A-EUDR-101-C98.txt,"M,A,A,M,A,A",eudr_csddd-compliance-framework,direct-institutional-or-academic-extraction
A-EUDR-101-C99,A-EUDR-101,A,Page 26,25589 - 25838,250,CorpusA_Chunks\A-EUDR-101\A-EUDR-101-C99.txt,"M,A,A,M,A,A",eudr_csddd-compliance-framework,direct-institutional-or-academic-extraction
A-EUDR-101-C100,A-EUDR-101,A,Page 26 to Page 27,25839 - 26088,250,CorpusA_Chunks\A-EUDR-101\A-EUDR-101-C100.txt,"M,A,A,M,A,A",eudr_csddd-compliance-framework,direct-institutional-or-academic-extraction
A-EUDR-101-C101,A-EUDR-101,A,Page 27,26089 - 26338,250,CorpusA_Chunks\A-EUDR-101\A-EUDR-101-C101.txt,"M,A,A,M,A,A",eudr_csddd-compliance-framework,direct-institutional-or-academic-extraction
A-EUDR-101-C102,A-EUDR-101,A,Page 27,26339 - 26588,250,CorpusA_Chunks\A-EUDR-101\A-EUDR-101-C102.txt,"M,A,A,M,A,A",eudr_csddd-compliance-framework,direct-institutional-or-academic-extraction
A-EUDR-101-C103,A-EUDR-101,A,Page 27 to Page 28,26589 - 26838,250,CorpusA_Chunks\A-EUDR-101\A-EUDR-101-C103.txt,"M,A,A,M,A,A",eudr_csddd-compliance-framework,direct-institutional-or-academic-extraction
A-EUDR-101-C104,A-EUDR-101,A,Page 28,26839 - 27088,250,CorpusA_Chunks\A-EUDR-101\A-EUDR-101-C104.txt,"M,A,A,M,A,A",eudr_csddd-compliance-framework,direct-institutional-or-academic-extraction
A-EUDR-101-C105,A-EUDR-101,A,Page 28,27089 - 27338,250,CorpusA_Chunks\A-EUDR-101\A-EUDR-101-C105.txt,"M,A,A,M,A,A",eudr_csddd-compliance-framework,direct-institutional-or-academic-extraction
A-EUDR-101-C106,A-EUDR-101,A,Page 28 to Page 29,27339 - 27588,250,CorpusA_Chunks\A-EUDR-101\A-EUDR-101-C106.txt,"M,A,A,M,A,A",eudr_csddd-compliance-framework,direct-institutional-or-academic-extraction
A-EUDR-101-C107,A-EUDR-101,A,Page 29,27589 - 27838,250,CorpusA_Chunks\A-EUDR-101\A-EUDR-101-C107.txt,"M,A,A,M,A,A",eudr_csddd-compliance-framework,direct-institutional-or-academic-extraction
A-EUDR-101-C108,A-EUDR-101,A,Page 29,27839 - 28088,250,CorpusA_Chunks\A-EUDR-101\A-EUDR-101-C108.txt,"M,A,A,M,A,A",eudr_csddd-compliance-framework,direct-institutional-or-academic-extraction
A-EUDR-101-C109,A-EUDR-101,A,Page 29,28089 - 28386,298,CorpusA_Chunks\A-EUDR-101\A-EUDR-101-C109.txt,"M,A,A,M,A,A",eudr_csddd-compliance-framework,direct-institutional-or-academic-extraction
A-EUDR-101-C110,A-EUDR-101,A,Page 30,28387 - 28636,250,CorpusA_Chunks\A-EUDR-101\A-EUDR-101-C110.txt,"M,A,A,M,A,A",eudr_csddd-compliance-framework,direct-institutional-or-academic-extraction
A-EUDR-101-C111,A-EUDR-101,A,Page 30,28637 - 28886,250,CorpusA_Chunks\A-EUDR-101\A-EUDR-101-C111.txt,"M,A,A,M,A,A",eudr_csddd-compliance-framework,direct-institutional-or-academic-extraction
A-EUDR-101-C112,A-EUDR-101,A,Page 30,28887 - 29285,399,CorpusA_Chunks\A-EUDR-101\A-EUDR-101-C112.txt,"M,A,A,M,A,A",eudr_csddd-compliance-framework,direct-institutional-or-academic-extraction
A-EUDR-101-C113,A-EUDR-101,A,Page 31,29286 - 29535,250,CorpusA_Chunks\A-EUDR-101\A-EUDR-101-C113.txt,"M,A,A,M,A,A",eudr_csddd-compliance-framework,direct-institutional-or-academic-extraction
A-EUDR-101-C114,A-EUDR-101,A,Page 31,29536 - 29785,250,CorpusA_Chunks\A-EUDR-101\A-EUDR-101-C114.txt,"M,A,A,M,A,A",eudr_csddd-compliance-framework,direct-institutional-or-academic-extraction
A-EUDR-101-C115,A-EUDR-101,A,Page 31,29786 - 30181,396,CorpusA_Chunks\A-EUDR-101\A-EUDR-101-C115.txt,"M,A,A,M,A,A",eudr_csddd-compliance-framework,direct-institutional-or-academic-extraction
A-EUDR-101-C116,A-EUDR-101,A,Page 32,30182 - 30431,250,CorpusA_Chunks\A-EUDR-101\A-EUDR-101-C116.txt,"M,A,A,M,A,A",eudr_csddd-compliance-framework,direct-institutional-or-academic-extraction
A-EUDR-101-C117,A-EUDR-101,A,Page 32,30432 - 30681,250,CorpusA_Chunks\A-EUDR-101\A-EUDR-101-C117.txt,"M,A,A,M,A,A",eudr_csddd-compliance-framework,direct-institutional-or-academic-extraction
A-EUDR-101-C118,A-EUDR-101,A,Page 32,30682 - 30949,268,CorpusA_Chunks\A-EUDR-101\A-EUDR-101-C118.txt,"M,A,A,M,A,A",eudr_csddd-compliance-framework,direct-institutional-or-academic-extraction
A-EUDR-101-C119,A-EUDR-101,A,Page 33,30950 - 31199,250,CorpusA_Chunks\A-EUDR-101\A-EUDR-101-C119.txt,"M,A,A,M,A,A",eudr_csddd-compliance-framework,direct-institutional-or-academic-extraction
A-EUDR-101-C120,A-EUDR-101,A,Page 33,31200 - 31449,250,CorpusA_Chunks\A-EUDR-101\A-EUDR-101-C120.txt,"M,A,A,M,A,A",eudr_csddd-compliance-framework,direct-institutional-or-academic-extraction
A-EUDR-101-C121,A-EUDR-101,A,Page 33 to Page 34,31450 - 31699,250,CorpusA_Chunks\A-EUDR-101\A-EUDR-101-C121.txt,"M,A,A,M,A,A",eudr_csddd-compliance-framework,direct-institutional-or-academic-extraction
A-EUDR-101-C122,A-EUDR-101,A,Page 34,31700 - 31949,250,CorpusA_Chunks\A-EUDR-101\A-EUDR-101-C122.txt,"M,A,A,M,A,A",eudr_csddd-compliance-framework,direct-institutional-or-academic-extraction
A-EUDR-101-C123,A-EUDR-101,A,Page 34,31950 - 32199,250,CorpusA_Chunks\A-EUDR-101\A-EUDR-101-C123.txt,"M,A,A,M,A,A",eudr_csddd-compliance-framework,direct-institutional-or-academic-extraction
A-EUDR-101-C124,A-EUDR-101,A,Page 34,32200 - 32482,283,CorpusA_Chunks\A-EUDR-101\A-EUDR-101-C124.txt,"M,A,A,M,A,A",eudr_csddd-compliance-framework,direct-institutional-or-academic-extraction
A-EUDR-101-C125,A-EUDR-101,A,Page 35,32483 - 32732,250,CorpusA_Chunks\A-EUDR-101\A-EUDR-101-C125.txt,"M,A,A,M,A,A",eudr_csddd-compliance-framework,direct-institutional-or-academic-extraction
A-EUDR-101-C126,A-EUDR-101,A,Page 35,32733 - 32982,250,CorpusA_Chunks\A-EUDR-101\A-EUDR-101-C126.txt,"M,A,A,M,A,A",eudr_csddd-compliance-framework,direct-institutional-or-academic-extraction
A-EUDR-101-C127,A-EUDR-101,A,Page 35,32983 - 33299,317,CorpusA_Chunks\A-EUDR-101\A-EUDR-101-C127.txt,"M,A,A,M,A,A",eudr_csddd-compliance-framework,direct-institutional-or-academic-extraction
A-EUDR-101-C128,A-EUDR-101,A,Page 36,33300 - 33549,250,CorpusA_Chunks\A-EUDR-101\A-EUDR-101-C128.txt,"M,A,A,M,A,A",eudr_csddd-compliance-framework,direct-institutional-or-academic-extraction
A-EUDR-101-C129,A-EUDR-101,A,Page 36,33550 - 33799,250,CorpusA_Chunks\A-EUDR-101\A-EUDR-101-C129.txt,"M,A,A,M,A,A",eudr_csddd-compliance-framework,direct-institutional-or-academic-extraction
A-EUDR-101-C130,A-EUDR-101,A,Page 36,33800 - 34075,276,CorpusA_Chunks\A-EUDR-101\A-EUDR-101-C130.txt,"M,A,A,M,A,A",eudr_csddd-compliance-framework,direct-institutional-or-academic-extraction
A-EUDR-101-C131,A-EUDR-101,A,Page 37,34076 - 34325,250,CorpusA_Chunks\A-EUDR-101\A-EUDR-101-C131.txt,"M,A,A,M,A,A",eudr_csddd-compliance-framework,direct-institutional-or-academic-extraction
A-EUDR-101-C132,A-EUDR-101,A,Page 37,34326 - 34678,353,CorpusA_Chunks\A-EUDR-101\A-EUDR-101-C132.txt,"M,A,A,M,A,A",eudr_csddd-compliance-framework,direct-institutional-or-academic-extraction
A-EUDR-101-C133,A-EUDR-101,A,Page 38,34679 - 34928,250,CorpusA_Chunks\A-EUDR-101\A-EUDR-101-C133.txt,"M,A,A,M,A,A",eudr_csddd-compliance-framework,direct-institutional-or-academic-extraction
A-EUDR-101-C134,A-EUDR-101,A,Page 38,34929 - 35178,250,CorpusA_Chunks\A-EUDR-101\A-EUDR-101-C134.txt,"M,A,A,M,A,A",eudr_csddd-compliance-framework,direct-institutional-or-academic-extraction
A-EUDR-101-C135,A-EUDR-101,A,Page 38 to Page 39,35179 - 35428,250,CorpusA_Chunks\A-EUDR-101\A-EUDR-101-C135.txt,"M,A,A,M,A,A",eudr_csddd-compliance-framework,direct-institutional-or-academic-extraction
A-EUDR-101-C136,A-EUDR-101,A,Page 39,35429 - 35678,250,CorpusA_Chunks\A-EUDR-101\A-EUDR-101-C136.txt,"M,A,A,M,A,A",eudr_csddd-compliance-framework,direct-institutional-or-academic-extraction
A-EUDR-101-C137,A-EUDR-101,A,Page 39,35679 - 35958,280,CorpusA_Chunks\A-EUDR-101\A-EUDR-101-C137.txt,"M,A,A,M,A,A",eudr_csddd-compliance-framework,direct-institutional-or-academic-extraction
A-EUDR-101-C138,A-EUDR-101,A,Page 40,35959 - 36208,250,CorpusA_Chunks\A-EUDR-101\A-EUDR-101-C138.txt,"M,A,A,M,A,A",eudr_csddd-compliance-framework,direct-institutional-or-academic-extraction
A-EUDR-101-C139,A-EUDR-101,A,Page 40,36209 - 36458,250,CorpusA_Chunks\A-EUDR-101\A-EUDR-101-C139.txt,"M,A,A,M,A,A",eudr_csddd-compliance-framework,direct-institutional-or-academic-extraction
A-EUDR-101-C140,A-EUDR-101,A,Page 40 to Page 41,36459 - 36708,250,CorpusA_Chunks\A-EUDR-101\A-EUDR-101-C140.txt,"M,A,A,M,A,A",eudr_csddd-compliance-framework,direct-institutional-or-academic-extraction
A-EUDR-101-C141,A-EUDR-101,A,Page 41,36709 - 36958,250,CorpusA_Chunks\A-EUDR-101\A-EUDR-101-C141.txt,"M,A,A,M,A,A",eudr_csddd-compliance-framework,direct-institutional-or-academic-extraction
A-EUDR-101-C142,A-EUDR-101,A,Page 41,36959 - 37208,250,CorpusA_Chunks\A-EUDR-101\A-EUDR-101-C142.txt,"M,A,A,M,A,A",eudr_csddd-compliance-framework,direct-institutional-or-academic-extraction
A-EUDR-101-C143,A-EUDR-101,A,Page 41 to Page 42,37209 - 37458,250,CorpusA_Chunks\A-EUDR-101\A-EUDR-101-C143.txt,"M,A,A,M,A,A",eudr_csddd-compliance-framework,direct-institutional-or-academic-extraction
A-EUDR-101-C144,A-EUDR-101,A,Page 42,37459 - 37708,250,CorpusA_Chunks\A-EUDR-101\A-EUDR-101-C144.txt,"M,A,A,M,A,A",eudr_csddd-compliance-framework,direct-institutional-or-academic-extraction
A-EUDR-101-C145,A-EUDR-101,A,Page 42,37709 - 37958,250,CorpusA_Chunks\A-EUDR-101\A-EUDR-101-C145.txt,"M,A,A,M,A,A",eudr_csddd-compliance-framework,direct-institutional-or-academic-extraction
A-EUDR-101-C146,A-EUDR-101,A,Page 42,37959 - 38209,251,CorpusA_Chunks\A-EUDR-101\A-EUDR-101-C146.txt,"M,A,A,M,A,A",eudr_csddd-compliance-framework,direct-institutional-or-academic-extraction
A-EUDR-101-C147,A-EUDR-101,A,Page 43,38210 - 38459,250,CorpusA_Chunks\A-EUDR-101\A-EUDR-101-C147.txt,"M,A,A,M,A,A",eudr_csddd-compliance-framework,direct-institutional-or-academic-extraction
A-EUDR-101-C148,A-EUDR-101,A,Page 43,38460 - 38856,397,CorpusA_Chunks\A-EUDR-101\A-EUDR-101-C148.txt,"M,A,A,M,A,A",eudr_csddd-compliance-framework,direct-institutional-or-academic-extraction
A-EUDR-101-C149,A-EUDR-101,A,Page 44,38857 - 39106,250,CorpusA_Chunks\A-EUDR-101\A-EUDR-101-C149.txt,"M,A,A,M,A,A",eudr_csddd-compliance-framework,direct-institutional-or-academic-extraction
A-EUDR-101-C150,A-EUDR-101,A,Page 44,39107 - 39356,250,CorpusA_Chunks\A-EUDR-101\A-EUDR-101-C150.txt,"M,A,A,M,A,A",eudr_csddd-compliance-framework,direct-institutional-or-academic-extraction
A-EUDR-101-C151,A-EUDR-101,A,Page 44,39357 - 39736,380,CorpusA_Chunks\A-EUDR-101\A-EUDR-101-C151.txt,"M,A,A,M,A,A",eudr_csddd-compliance-framework,direct-institutional-or-academic-extraction
A-EUDR-101-C152,A-EUDR-101,A,Page 45,39737 - 39986,250,CorpusA_Chunks\A-EUDR-101\A-EUDR-101-C152.txt,"M,A,A,M,A,A",eudr_csddd-compliance-framework,direct-institutional-or-academic-extraction
A-EUDR-101-C153,A-EUDR-101,A,Page 45,39987 - 40236,250,CorpusA_Chunks\A-EUDR-101\A-EUDR-101-C153.txt,"M,A,A,M,A,A",eudr_csddd-compliance-framework,direct-institutional-or-academic-extraction
A-EUDR-101-C154,A-EUDR-101,A,Page 45 to Page 46,40237 - 40486,250,CorpusA_Chunks\A-EUDR-101\A-EUDR-101-C154.txt,"M,A,A,M,A,A",eudr_csddd-compliance-framework,direct-institutional-or-academic-extraction
A-EUDR-101-C155,A-EUDR-101,A,Page 46,40487 - 40736,250,CorpusA_Chunks\A-EUDR-101\A-EUDR-101-C155.txt,"M,A,A,M,A,A",eudr_csddd-compliance-framework,direct-institutional-or-academic-extraction
A-EUDR-101-C156,A-EUDR-101,A,Page 46,40737 - 40986,250,CorpusA_Chunks\A-EUDR-101\A-EUDR-101-C156.txt,"M,A,A,M,A,A",eudr_csddd-compliance-framework,direct-institutional-or-academic-extraction
A-EUDR-101-C157,A-EUDR-101,A,Page 46,40987 - 41383,397,CorpusA_Chunks\A-EUDR-101\A-EUDR-101-C157.txt,"M,A,A,M,A,A",eudr_csddd-compliance-framework,direct-institutional-or-academic-extraction
A-EUDR-101-C158,A-EUDR-101,A,Page 47,41384 - 41633,250,CorpusA_Chunks\A-EUDR-101\A-EUDR-101-C158.txt,"M,A,A,M,A,A",eudr_csddd-compliance-framework,direct-institutional-or-academic-extraction
A-EUDR-101-C159,A-EUDR-101,A,Page 47,41634 - 41883,250,CorpusA_Chunks\A-EUDR-101\A-EUDR-101-C159.txt,"M,A,A,M,A,A",eudr_csddd-compliance-framework,direct-institutional-or-academic-extraction
A-EUDR-101-C160,A-EUDR-101,A,Page 47,41884 - 42166,283,CorpusA_Chunks\A-EUDR-101\A-EUDR-101-C160.txt,"M,A,A,M,A,A",eudr_csddd-compliance-framework,direct-institutional-or-academic-extraction
A-EUDR-101-C161,A-EUDR-101,A,Page 48,42167 - 42416,250,CorpusA_Chunks\A-EUDR-101\A-EUDR-101-C161.txt,"M,A,A,M,A,A",eudr_csddd-compliance-framework,direct-institutional-or-academic-extraction
A-EUDR-101-C162,A-EUDR-101,A,Page 48,42417 - 42666,250,CorpusA_Chunks\A-EUDR-101\A-EUDR-101-C162.txt,"M,A,A,M,A,A",eudr_csddd-compliance-framework,direct-institutional-or-academic-extraction
A-EUDR-101-C163,A-EUDR-101,A,Page 48 to Page 49,42667 - 42916,250,CorpusA_Chunks\A-EUDR-101\A-EUDR-101-C163.txt,"M,A,A,M,A,A",eudr_csddd-compliance-framework,direct-institutional-or-academic-extraction
A-EUDR-101-C164,A-EUDR-101,A,Page 49,42917 - 43166,250,CorpusA_Chunks\A-EUDR-101\A-EUDR-101-C164.txt,"M,A,A,M,A,A",eudr_csddd-compliance-framework,direct-institutional-or-academic-extraction
A-EUDR-101-C165,A-EUDR-101,A,Page 49,43167 - 43482,316,CorpusA_Chunks\A-EUDR-101\A-EUDR-101-C165.txt,"M,A,A,M,A,A",eudr_csddd-compliance-framework,direct-institutional-or-academic-extraction
A-EUDR-101-C166,A-EUDR-101,A,Page 50,43483 - 43732,250,CorpusA_Chunks\A-EUDR-101\A-EUDR-101-C166.txt,"M,A,A,M,A,A",eudr_csddd-compliance-framework,direct-institutional-or-academic-extraction
A-EUDR-101-C167,A-EUDR-101,A,Page 50,43733 - 43982,250,CorpusA_Chunks\A-EUDR-101\A-EUDR-101-C167.txt,"M,A,A,M,A,A",eudr_csddd-compliance-framework,direct-institutional-or-academic-extraction
A-EUDR-101-C168,A-EUDR-101,A,Page 50 to Page 51,43983 - 44232,250,CorpusA_Chunks\A-EUDR-101\A-EUDR-101-C168.txt,"M,A,A,M,A,A",eudr_csddd-compliance-framework,direct-institutional-or-academic-extraction
A-EUDR-101-C169,A-EUDR-101,A,Page 51,44233 - 44482,250,CorpusA_Chunks\A-EUDR-101\A-EUDR-101-C169.txt,"M,A,A,M,A,A",eudr_csddd-compliance-framework,direct-institutional-or-academic-extraction
A-EUDR-101-C170,A-EUDR-101,A,Page 51,44483 - 44850,368,CorpusA_Chunks\A-EUDR-101\A-EUDR-101-C170.txt,"M,A,A,M,A,A",eudr_csddd-compliance-framework,direct-institutional-or-academic-extraction
A-EUDR-101-C171,A-EUDR-101,A,Page 52,44851 - 45100,250,CorpusA_Chunks\A-EUDR-101\A-EUDR-101-C171.txt,"M,A,A,M,A,A",eudr_csddd-compliance-framework,direct-institutional-or-academic-extraction
A-EUDR-101-C172,A-EUDR-101,A,Page 52,45101 - 45350,250,CorpusA_Chunks\A-EUDR-101\A-EUDR-101-C172.txt,"M,A,A,M,A,A",eudr_csddd-compliance-framework,direct-institutional-or-academic-extraction
A-EUDR-101-C173,A-EUDR-101,A,Page 52 to Page 53,45351 - 45600,250,CorpusA_Chunks\A-EUDR-101\A-EUDR-101-C173.txt,"M,A,A,M,A,A",eudr_csddd-compliance-framework,direct-institutional-or-academic-extraction
A-EUDR-101-C174,A-EUDR-101,A,Page 53,45601 - 45850,250,CorpusA_Chunks\A-EUDR-101\A-EUDR-101-C174.txt,"M,A,A,M,A,A",eudr_csddd-compliance-framework,direct-institutional-or-academic-extraction
A-EUDR-101-C175,A-EUDR-101,A,Page 53,45851 - 46100,250,CorpusA_Chunks\A-EUDR-101\A-EUDR-101-C175.txt,"M,A,A,M,A,A",eudr_csddd-compliance-framework,direct-institutional-or-academic-extraction
A-EUDR-101-C176,A-EUDR-101,A,Page 53 to Page 54,46101 - 46350,250,CorpusA_Chunks\A-EUDR-101\A-EUDR-101-C176.txt,"M,A,A,M,A,A",eudr_csddd-compliance-framework,direct-institutional-or-academic-extraction
A-EUDR-101-C177,A-EUDR-101,A,Page 54,46351 - 46600,250,CorpusA_Chunks\A-EUDR-101\A-EUDR-101-C177.txt,"M,A,A,M,A,A",eudr_csddd-compliance-framework,direct-institutional-or-academic-extraction
A-EUDR-101-C178,A-EUDR-101,A,Page 54,46601 - 46850,250,CorpusA_Chunks\A-EUDR-101\A-EUDR-101-C178.txt,"M,A,A,M,A,A",eudr_csddd-compliance-framework,direct-institutional-or-academic-extraction
A-EUDR-101-C179,A-EUDR-101,A,Page 54 to Page 55,46851 - 47100,250,CorpusA_Chunks\A-EUDR-101\A-EUDR-101-C179.txt,"M,A,A,M,A,A",eudr_csddd-compliance-framework,direct-institutional-or-academic-extraction
A-EUDR-101-C180,A-EUDR-101,A,Page 55,47101 - 47350,250,CorpusA_Chunks\A-EUDR-101\A-EUDR-101-C180.txt,"M,A,A,M,A,A",eudr_csddd-compliance-framework,direct-institutional-or-academic-extraction
A-EUDR-101-C181,A-EUDR-101,A,Page 55,47351 - 47600,250,CorpusA_Chunks\A-EUDR-101\A-EUDR-101-C181.txt,"M,A,A,M,A,A",eudr_csddd-compliance-framework,direct-institutional-or-academic-extraction
A-EUDR-101-C182,A-EUDR-101,A,Page 55,47601 - 47888,288,CorpusA_Chunks\A-EUDR-101\A-EUDR-101-C182.txt,"M,A,A,M,A,A",eudr_csddd-compliance-framework,direct-institutional-or-academic-extraction
A-EUDR-101-C183,A-EUDR-101,A,Page 56,47889 - 48138,250,CorpusA_Chunks\A-EUDR-101\A-EUDR-101-C183.txt,"M,A,A,M,A,A",eudr_csddd-compliance-framework,direct-institutional-or-academic-extraction
A-EUDR-101-C184,A-EUDR-101,A,Page 56,48139 - 48388,250,CorpusA_Chunks\A-EUDR-101\A-EUDR-101-C184.txt,"M,A,A,M,A,A",eudr_csddd-compliance-framework,direct-institutional-or-academic-extraction
A-EUDR-101-C185,A-EUDR-101,A,Page 56 to Page 57,48389 - 48638,250,CorpusA_Chunks\A-EUDR-101\A-EUDR-101-C185.txt,"M,A,A,M,A,A",eudr_csddd-compliance-framework,direct-institutional-or-academic-extraction
A-EUDR-101-C186,A-EUDR-101,A,Page 57,48639 - 48888,250,CorpusA_Chunks\A-EUDR-101\A-EUDR-101-C186.txt,"M,A,A,M,A,A",eudr_csddd-compliance-framework,direct-institutional-or-academic-extraction
A-EUDR-101-C187,A-EUDR-101,A,Page 57,48889 - 49138,250,CorpusA_Chunks\A-EUDR-101\A-EUDR-101-C187.txt,"M,A,A,M,A,A",eudr_csddd-compliance-framework,direct-institutional-or-academic-extraction
A-EUDR-101-C188,A-EUDR-101,A,Page 57,49139 - 49388,250,CorpusA_Chunks\A-EUDR-101\A-EUDR-101-C188.txt,"M,A,A,M,A,A",eudr_csddd-compliance-framework,direct-institutional-or-academic-extraction
A-EUDR-101-C189,A-EUDR-101,A,Page 57 to Page 58,49389 - 49638,250,CorpusA_Chunks\A-EUDR-101\A-EUDR-101-C189.txt,"M,A,A,M,A,A",eudr_csddd-compliance-framework,direct-institutional-or-academic-extraction
A-EUDR-101-C190,A-EUDR-101,A,Page 58,49639 - 49888,250,CorpusA_Chunks\A-EUDR-101\A-EUDR-101-C190.txt,"M,A,A,M,A,A",eudr_csddd-compliance-framework,direct-institutional-or-academic-extraction
A-EUDR-101-C191,A-EUDR-101,A,Page 58,49889 - 50138,250,CorpusA_Chunks\A-EUDR-101\A-EUDR-101-C191.txt,"M,A,A,M,A,A",eudr_csddd-compliance-framework,direct-institutional-or-academic-extraction
A-EUDR-101-C192,A-EUDR-101,A,Page 58,50139 - 50394,256,CorpusA_Chunks\A-EUDR-101\A-EUDR-101-C192.txt,"M,A,A,M,A,A",eudr_csddd-compliance-framework,direct-institutional-or-academic-extraction
A-EUDR-101-C193,A-EUDR-101,A,Page 59,50395 - 50644,250,CorpusA_Chunks\A-EUDR-101\A-EUDR-101-C193.txt,"M,A,A,M,A,A",eudr_csddd-compliance-framework,direct-institutional-or-academic-extraction
A-EUDR-101-C194,A-EUDR-101,A,Page 59,50645 - 50894,250,CorpusA_Chunks\A-EUDR-101\A-EUDR-101-C194.txt,"M,A,A,M,A,A",eudr_csddd-compliance-framework,direct-institutional-or-academic-extraction
A-EUDR-101-C195,A-EUDR-101,A,Page 59 to Page 60,50895 - 51144,250,CorpusA_Chunks\A-EUDR-101\A-EUDR-101-C195.txt,"M,A,A,M,A,A",eudr_csddd-compliance-framework,direct-institutional-or-academic-extraction
A-EUDR-101-C196,A-EUDR-101,A,Page 60,51145 - 51394,250,CorpusA_Chunks\A-EUDR-101\A-EUDR-101-C196.txt,"M,A,A,M,A,A",eudr_csddd-compliance-framework,direct-institutional-or-academic-extraction
A-EUDR-101-C197,A-EUDR-101,A,Page 60,51395 - 51644,250,CorpusA_Chunks\A-EUDR-101\A-EUDR-101-C197.txt,"M,A,A,M,A,A",eudr_csddd-compliance-framework,direct-institutional-or-academic-extraction
A-EUDR-101-C198,A-EUDR-101,A,Page 60,51645 - 51981,337,CorpusA_Chunks\A-EUDR-101\A-EUDR-101-C198.txt,"M,A,A,M,A,A",eudr_csddd-compliance-framework,direct-institutional-or-academic-extraction
A-EUDR-101-C199,A-EUDR-101,A,Page 61,51982 - 52231,250,CorpusA_Chunks\A-EUDR-101\A-EUDR-101-C199.txt,"M,A,A,M,A,A",eudr_csddd-compliance-framework,direct-institutional-or-academic-extraction
A-EUDR-101-C200,A-EUDR-101,A,Page 61,52232 - 52481,250,CorpusA_Chunks\A-EUDR-101\A-EUDR-101-C200.txt,"M,A,A,M,A,A",eudr_csddd-compliance-framework,direct-institutional-or-academic-extraction
A-EUDR-101-C201,A-EUDR-101,A,Page 61,52482 - 52775,294,CorpusA_Chunks\A-EUDR-101\A-EUDR-101-C201.txt,"M,A,A,M,A,A",eudr_csddd-compliance-framework,direct-institutional-or-academic-extraction
A-EUDR-101-C202,A-EUDR-101,A,Page 62,52776 - 53025,250,CorpusA_Chunks\A-EUDR-101\A-EUDR-101-C202.txt,"M,A,A,M,A,A",eudr_csddd-compliance-framework,direct-institutional-or-academic-extraction
A-EUDR-101-C203,A-EUDR-101,A,Page 62,53026 - 53275,250,CorpusA_Chunks\A-EUDR-101\A-EUDR-101-C203.txt,"M,A,A,M,A,A",eudr_csddd-compliance-framework,direct-institutional-or-academic-extraction
A-EUDR-101-C204,A-EUDR-101,A,Page 62,53276 - 53608,333,CorpusA_Chunks\A-EUDR-101\A-EUDR-101-C204.txt,"M,A,A,M,A,A",eudr_csddd-compliance-framework,direct-institutional-or-academic-extraction
A-EUDR-101-C205,A-EUDR-101,A,Page 63,53609 - 53858,250,CorpusA_Chunks\A-EUDR-101\A-EUDR-101-C205.txt,"M,A,A,M,A,A",eudr_csddd-compliance-framework,direct-institutional-or-academic-extraction
A-EUDR-101-C206,A-EUDR-101,A,Page 63,53859 - 54210,352,CorpusA_Chunks\A-EUDR-101\A-EUDR-101-C206.txt,"M,A,A,M,A,A",eudr_csddd-compliance-framework,direct-institutional-or-academic-extraction
A-EUDR-101-C207,A-EUDR-101,A,Page 64,54211 - 54460,250,CorpusA_Chunks\A-EUDR-101\A-EUDR-101-C207.txt,"M,A,A,M,A,A",eudr_csddd-compliance-framework,direct-institutional-or-academic-extraction
A-EUDR-101-C208,A-EUDR-101,A,Page 64,54461 - 54710,250,CorpusA_Chunks\A-EUDR-101\A-EUDR-101-C208.txt,"M,A,A,M,A,A",eudr_csddd-compliance-framework,direct-institutional-or-academic-extraction
A-EUDR-101-C209,A-EUDR-101,A,Page 64,54711 - 55025,315,CorpusA_Chunks\A-EUDR-101\A-EUDR-101-C209.txt,"M,A,A,M,A,A",eudr_csddd-compliance-framework,direct-institutional-or-academic-extraction
A-EUDR-101-C210,A-EUDR-101,A,Page 65,55026 - 55275,250,CorpusA_Chunks\A-EUDR-101\A-EUDR-101-C210.txt,"M,A,A,M,A,A",eudr_csddd-compliance-framework,direct-institutional-or-academic-extraction
A-EUDR-101-C211,A-EUDR-101,A,Page 65,55276 - 55525,250,CorpusA_Chunks\A-EUDR-101\A-EUDR-101-C211.txt,"M,A,A,M,A,A",eudr_csddd-compliance-framework,direct-institutional-or-academic-extraction
A-EUDR-101-C212,A-EUDR-101,A,Page 65 to Page 66,55526 - 55809,284,CorpusA_Chunks\A-EUDR-101\A-EUDR-101-C212.txt,"M,A,A,M,A,A",eudr_csddd-compliance-framework,direct-institutional-or-academic-extraction
A-MSME-102-C01,A-MSME-102,A,Page 1 to Page 13,1 - 250,250,CorpusA_Chunks\A-MSME-102\A-MSME-102-C01.txt,"M,A,A,A,A,A",niti_msme-compliance-framework,direct-institutional-or-academic-extraction
A-MSME-102-C02,A-MSME-102,A,Page 13,251 - 500,250,CorpusA_Chunks\A-MSME-102\A-MSME-102-C02.txt,"M,A,A,A,A,A",niti_msme-compliance-framework,direct-institutional-or-academic-extraction
A-MSME-102-C03,A-MSME-102,A,Page 13 to Page 15,501 - 858,358,CorpusA_Chunks\A-MSME-102\A-MSME-102-C03.txt,"M,A,A,A,A,A",niti_msme-compliance-framework,direct-institutional-or-academic-extraction
A-MSME-102-C04,A-MSME-102,A,Page 16 to Page 17,859 - 1108,250,CorpusA_Chunks\A-MSME-102\A-MSME-102-C04.txt,"M,A,A,A,A,A",niti_msme-compliance-framework,direct-institutional-or-academic-extraction
A-MSME-102-C05,A-MSME-102,A,Page 17 to Page 18,1109 - 1358,250,CorpusA_Chunks\A-MSME-102\A-MSME-102-C05.txt,"M,A,A,A,A,A",niti_msme-compliance-framework,direct-institutional-or-academic-extraction
A-MSME-102-C06,A-MSME-102,A,Page 18,1359 - 1608,250,CorpusA_Chunks\A-MSME-102\A-MSME-102-C06.txt,"M,A,A,A,A,A",niti_msme-compliance-framework,direct-institutional-or-academic-extraction
A-MSME-102-C07,A-MSME-102,A,Page 18,1609 - 1876,268,CorpusA_Chunks\A-MSME-102\A-MSME-102-C07.txt,"M,A,A,A,A,A",niti_msme-compliance-framework,direct-institutional-or-academic-extraction
A-MSME-102-C08,A-MSME-102,A,Page 19,1877 - 2126,250,CorpusA_Chunks\A-MSME-102\A-MSME-102-C08.txt,"M,A,A,A,A,A",niti_msme-compliance-framework,direct-institutional-or-academic-extraction
A-MSME-102-C09,A-MSME-102,A,Page 19,2127 - 2387,261,CorpusA_Chunks\A-MSME-102\A-MSME-102-C09.txt,"M,A,A,A,A,A",niti_msme-compliance-framework,direct-institutional-or-academic-extraction
A-MSME-102-C10,A-MSME-102,A,Page 20,2388 - 2637,250,CorpusA_Chunks\A-MSME-102\A-MSME-102-C10.txt,"M,A,A,A,A,A",niti_msme-compliance-framework,direct-institutional-or-academic-extraction
A-MSME-102-C11,A-MSME-102,A,Page 20 to Page 21,2638 - 2887,250,CorpusA_Chunks\A-MSME-102\A-MSME-102-C11.txt,"M,A,A,A,A,A",niti_msme-compliance-framework,direct-institutional-or-academic-extraction
A-MSME-102-C12,A-MSME-102,A,Page 21,2888 - 3235,348,CorpusA_Chunks\A-MSME-102\A-MSME-102-C12.txt,"M,A,A,A,A,A",niti_msme-compliance-framework,direct-institutional-or-academic-extraction
A-MSME-102-C13,A-MSME-102,A,Page 22 to Page 24,3236 - 3485,250,CorpusA_Chunks\A-MSME-102\A-MSME-102-C13.txt,"M,A,A,A,A,A",niti_msme-compliance-framework,direct-institutional-or-academic-extraction
A-MSME-102-C14,A-MSME-102,A,Page 25 to Page 27,3486 - 3777,292,CorpusA_Chunks\A-MSME-102\A-MSME-102-C14.txt,"M,A,A,A,A,A",niti_msme-compliance-framework,direct-institutional-or-academic-extraction
A-MSME-102-C15,A-MSME-102,A,Page 28,3778 - 4171,394,CorpusA_Chunks\A-MSME-102\A-MSME-102-C15.txt,"M,A,A,A,A,A",niti_msme-compliance-framework,direct-institutional-or-academic-extraction
A-MSME-102-C16,A-MSME-102,A,Page 29 to Page 30,4172 - 4421,250,CorpusA_Chunks\A-MSME-102\A-MSME-102-C16.txt,"M,A,A,A,A,A",niti_msme-compliance-framework,direct-institutional-or-academic-extraction
A-MSME-102-C17,A-MSME-102,A,Page 30 to Page 31,4422 - 4671,250,CorpusA_Chunks\A-MSME-102\A-MSME-102-C17.txt,"M,A,A,A,A,A",niti_msme-compliance-framework,direct-institutional-or-academic-extraction
A-MSME-102-C18,A-MSME-102,A,Page 31,4672 - 4948,277,CorpusA_Chunks\A-MSME-102\A-MSME-102-C18.txt,"M,A,A,A,A,A",niti_msme-compliance-framework,direct-institutional-or-academic-extraction
A-MSME-102-C19,A-MSME-102,A,Page 32,4949 - 5320,372,CorpusA_Chunks\A-MSME-102\A-MSME-102-C19.txt,"M,A,A,A,A,A",niti_msme-compliance-framework,direct-institutional-or-academic-extraction
A-MSME-102-C20,A-MSME-102,A,Page 33,5321 - 5572,252,CorpusA_Chunks\A-MSME-102\A-MSME-102-C20.txt,"M,A,A,A,A,A",niti_msme-compliance-framework,direct-institutional-or-academic-extraction
A-MSME-102-C21,A-MSME-102,A,Page 34 to Page 35,5573 - 5871,299,CorpusA_Chunks\A-MSME-102\A-MSME-102-C21.txt,"M,A,A,A,A,A",niti_msme-compliance-framework,direct-institutional-or-academic-extraction
A-MSME-102-C22,A-MSME-102,A,Page 36 to Page 37,5872 - 6143,272,CorpusA_Chunks\A-MSME-102\A-MSME-102-C22.txt,"M,A,A,A,A,A",niti_msme-compliance-framework,direct-institutional-or-academic-extraction
A-MSME-102-C23,A-MSME-102,A,Page 38,6144 - 6424,281,CorpusA_Chunks\A-MSME-102\A-MSME-102-C23.txt,"M,A,A,A,A,A",niti_msme-compliance-framework,direct-institutional-or-academic-extraction
A-MSME-102-C24,A-MSME-102,A,Page 39,6425 - 6674,250,CorpusA_Chunks\A-MSME-102\A-MSME-102-C24.txt,"M,A,A,A,A,A",niti_msme-compliance-framework,direct-institutional-or-academic-extraction
A-MSME-102-C25,A-MSME-102,A,Page 39 to Page 40,6675 - 6924,250,CorpusA_Chunks\A-MSME-102\A-MSME-102-C25.txt,"M,A,A,A,A,A",niti_msme-compliance-framework,direct-institutional-or-academic-extraction
A-MSME-102-C26,A-MSME-102,A,Page 40 to Page 41,6925 - 7174,250,CorpusA_Chunks\A-MSME-102\A-MSME-102-C26.txt,"M,A,A,A,A,A",niti_msme-compliance-framework,direct-institutional-or-academic-extraction
A-MSME-102-C27,A-MSME-102,A,Page 41,7175 - 7428,254,CorpusA_Chunks\A-MSME-102\A-MSME-102-C27.txt,"M,A,A,A,A,A",niti_msme-compliance-framework,direct-institutional-or-academic-extraction
A-MSME-102-C28,A-MSME-102,A,Page 42,7429 - 7678,250,CorpusA_Chunks\A-MSME-102\A-MSME-102-C28.txt,"M,A,A,A,A,A",niti_msme-compliance-framework,direct-institutional-or-academic-extraction
A-MSME-102-C29,A-MSME-102,A,Page 42 to Page 43,7679 - 7928,250,CorpusA_Chunks\A-MSME-102\A-MSME-102-C29.txt,"M,A,A,A,A,A",niti_msme-compliance-framework,direct-institutional-or-academic-extraction
A-MSME-102-C30,A-MSME-102,A,Page 43,7929 - 8210,282,CorpusA_Chunks\A-MSME-102\A-MSME-102-C30.txt,"M,A,A,A,A,A",niti_msme-compliance-framework,direct-institutional-or-academic-extraction
A-MSME-102-C31,A-MSME-102,A,Page 44,8211 - 8460,250,CorpusA_Chunks\A-MSME-102\A-MSME-102-C31.txt,"M,A,A,A,A,A",niti_msme-compliance-framework,direct-institutional-or-academic-extraction
A-MSME-102-C32,A-MSME-102,A,Page 44,8461 - 8728,268,CorpusA_Chunks\A-MSME-102\A-MSME-102-C32.txt,"M,A,A,A,A,A",niti_msme-compliance-framework,direct-institutional-or-academic-extraction
A-MSME-102-C33,A-MSME-102,A,Page 45,8729 - 9126,398,CorpusA_Chunks\A-MSME-102\A-MSME-102-C33.txt,"M,A,A,A,A,A",niti_msme-compliance-framework,direct-institutional-or-academic-extraction
A-MSME-102-C34,A-MSME-102,A,Page 46,9127 - 9484,358,CorpusA_Chunks\A-MSME-102\A-MSME-102-C34.txt,"M,A,A,A,A,A",niti_msme-compliance-framework,direct-institutional-or-academic-extraction
A-MSME-102-C35,A-MSME-102,A,Page 47,9485 - 9734,250,CorpusA_Chunks\A-MSME-102\A-MSME-102-C35.txt,"M,A,A,A,A,A",niti_msme-compliance-framework,direct-institutional-or-academic-extraction
A-MSME-102-C36,A-MSME-102,A,Page 47,9735 - 9987,253,CorpusA_Chunks\A-MSME-102\A-MSME-102-C36.txt,"M,A,A,A,A,A",niti_msme-compliance-framework,direct-institutional-or-academic-extraction
A-MSME-102-C37,A-MSME-102,A,Page 48,9988 - 10298,311,CorpusA_Chunks\A-MSME-102\A-MSME-102-C37.txt,"M,A,A,A,A,A",niti_msme-compliance-framework,direct-institutional-or-academic-extraction
A-MSME-102-C38,A-MSME-102,A,Page 49,10299 - 10548,250,CorpusA_Chunks\A-MSME-102\A-MSME-102-C38.txt,"M,A,A,A,A,A",niti_msme-compliance-framework,direct-institutional-or-academic-extraction
A-MSME-102-C39,A-MSME-102,A,Page 49 to Page 50,10549 - 10798,250,CorpusA_Chunks\A-MSME-102\A-MSME-102-C39.txt,"M,A,A,A,A,A",niti_msme-compliance-framework,direct-institutional-or-academic-extraction
A-MSME-102-C40,A-MSME-102,A,Page 50 to Page 51,10799 - 11048,250,CorpusA_Chunks\A-MSME-102\A-MSME-102-C40.txt,"M,A,A,A,A,A",niti_msme-compliance-framework,direct-institutional-or-academic-extraction
A-MSME-102-C41,A-MSME-102,A,Page 51,11049 - 11331,283,CorpusA_Chunks\A-MSME-102\A-MSME-102-C41.txt,"M,A,A,A,A,A",niti_msme-compliance-framework,direct-institutional-or-academic-extraction
A-MSME-102-C42,A-MSME-102,A,Page 52 to Page 53,11332 - 11706,375,CorpusA_Chunks\A-MSME-102\A-MSME-102-C42.txt,"M,A,A,A,A,A",niti_msme-compliance-framework,direct-institutional-or-academic-extraction
A-MSME-102-C43,A-MSME-102,A,Page 54,11707 - 11966,260,CorpusA_Chunks\A-MSME-102\A-MSME-102-C43.txt,"M,A,A,A,A,A",niti_msme-compliance-framework,direct-institutional-or-academic-extraction
A-MSME-102-C44,A-MSME-102,A,Page 55,11967 - 12256,290,CorpusA_Chunks\A-MSME-102\A-MSME-102-C44.txt,"M,A,A,A,A,A",niti_msme-compliance-framework,direct-institutional-or-academic-extraction
A-MSME-102-C45,A-MSME-102,A,Page 56,12257 - 12578,322,CorpusA_Chunks\A-MSME-102\A-MSME-102-C45.txt,"M,A,A,A,A,A",niti_msme-compliance-framework,direct-institutional-or-academic-extraction
A-MSME-102-C46,A-MSME-102,A,Page 57,12579 - 12909,331,CorpusA_Chunks\A-MSME-102\A-MSME-102-C46.txt,"M,A,A,A,A,A",niti_msme-compliance-framework,direct-institutional-or-academic-extraction
A-MSME-102-C47,A-MSME-102,A,Page 58,12910 - 13246,337,CorpusA_Chunks\A-MSME-102\A-MSME-102-C47.txt,"M,A,A,A,A,A",niti_msme-compliance-framework,direct-institutional-or-academic-extraction
A-MSME-102-C48,A-MSME-102,A,Page 59,13247 - 13496,250,CorpusA_Chunks\A-MSME-102\A-MSME-102-C48.txt,"M,A,A,A,A,A",niti_msme-compliance-framework,direct-institutional-or-academic-extraction
A-MSME-102-C49,A-MSME-102,A,Page 59,13497 - 13885,389,CorpusA_Chunks\A-MSME-102\A-MSME-102-C49.txt,"M,A,A,A,A,A",niti_msme-compliance-framework,direct-institutional-or-academic-extraction
A-MSME-102-C50,A-MSME-102,A,Page 60 to Page 61,13886 - 14158,273,CorpusA_Chunks\A-MSME-102\A-MSME-102-C50.txt,"M,A,A,A,A,A",niti_msme-compliance-framework,direct-institutional-or-academic-extraction
A-MSME-102-C51,A-MSME-102,A,Page 62,14159 - 14505,347,CorpusA_Chunks\A-MSME-102\A-MSME-102-C51.txt,"M,A,A,A,A,A",niti_msme-compliance-framework,direct-institutional-or-academic-extraction
A-MSME-102-C52,A-MSME-102,A,Page 63,14506 - 14797,292,CorpusA_Chunks\A-MSME-102\A-MSME-102-C52.txt,"M,A,A,A,A,A",niti_msme-compliance-framework,direct-institutional-or-academic-extraction
A-MSME-102-C53,A-MSME-102,A,Page 64 to Page 65,14798 - 15047,250,CorpusA_Chunks\A-MSME-102\A-MSME-102-C53.txt,"M,A,A,A,A,A",niti_msme-compliance-framework,direct-institutional-or-academic-extraction
A-MSME-102-C54,A-MSME-102,A,Page 65,15048 - 15360,313,CorpusA_Chunks\A-MSME-102\A-MSME-102-C54.txt,"M,A,A,A,A,A",niti_msme-compliance-framework,direct-institutional-or-academic-extraction
A-MSME-102-C55,A-MSME-102,A,Page 66 to Page 68,15361 - 15610,250,CorpusA_Chunks\A-MSME-102\A-MSME-102-C55.txt,"M,A,A,A,A,A",niti_msme-compliance-framework,direct-institutional-or-academic-extraction
A-MSME-102-C56,A-MSME-102,A,Page 68,15611 - 15918,308,CorpusA_Chunks\A-MSME-102\A-MSME-102-C56.txt,"M,A,A,A,A,A",niti_msme-compliance-framework,direct-institutional-or-academic-extraction
A-MSME-102-C57,A-MSME-102,A,Page 69,15919 - 16200,282,CorpusA_Chunks\A-MSME-102\A-MSME-102-C57.txt,"M,A,A,A,A,A",niti_msme-compliance-framework,direct-institutional-or-academic-extraction
A-MSME-102-C58,A-MSME-102,A,Page 70,16201 - 16512,312,CorpusA_Chunks\A-MSME-102\A-MSME-102-C58.txt,"M,A,A,A,A,A",niti_msme-compliance-framework,direct-institutional-or-academic-extraction
A-MSME-102-C59,A-MSME-102,A,Page 71,16513 - 16877,365,CorpusA_Chunks\A-MSME-102\A-MSME-102-C59.txt,"M,A,A,A,A,A",niti_msme-compliance-framework,direct-institutional-or-academic-extraction
A-MSME-102-C60,A-MSME-102,A,Page 72,16878 - 17223,346,CorpusA_Chunks\A-MSME-102\A-MSME-102-C60.txt,"M,A,A,A,A,A",niti_msme-compliance-framework,direct-institutional-or-academic-extraction
A-MSME-102-C61,A-MSME-102,A,Page 73,17224 - 17510,287,CorpusA_Chunks\A-MSME-102\A-MSME-102-C61.txt,"M,A,A,A,A,A",niti_msme-compliance-framework,direct-institutional-or-academic-extraction
A-MSME-102-C62,A-MSME-102,A,Page 74,17511 - 17836,326,CorpusA_Chunks\A-MSME-102\A-MSME-102-C62.txt,"M,A,A,A,A,A",niti_msme-compliance-framework,direct-institutional-or-academic-extraction
A-MSME-102-C63,A-MSME-102,A,Page 75,17837 - 18218,382,CorpusA_Chunks\A-MSME-102\A-MSME-102-C63.txt,"M,A,A,A,A,A",niti_msme-compliance-framework,direct-institutional-or-academic-extraction
A-MSME-102-C64,A-MSME-102,A,Page 76 to Page 77,18219 - 18593,375,CorpusA_Chunks\A-MSME-102\A-MSME-102-C64.txt,"M,A,A,A,A,A",niti_msme-compliance-framework,direct-institutional-or-academic-extraction
A-MSME-102-C65,A-MSME-102,A,Page 78 to Page 79,18594 - 18967,374,CorpusA_Chunks\A-MSME-102\A-MSME-102-C65.txt,"M,A,A,A,A,A",niti_msme-compliance-framework,direct-institutional-or-academic-extraction
A-MSME-102-C66,A-MSME-102,A,Page 80,18968 - 19217,250,CorpusA_Chunks\A-MSME-102\A-MSME-102-C66.txt,"M,A,A,A,A,A",niti_msme-compliance-framework,direct-institutional-or-academic-extraction
A-MSME-102-C67,A-MSME-102,A,Page 80,19218 - 19467,250,CorpusA_Chunks\A-MSME-102\A-MSME-102-C67.txt,"M,A,A,A,A,A",niti_msme-compliance-framework,direct-institutional-or-academic-extraction
A-MSME-102-C68,A-MSME-102,A,Page 80 to Page 81,19468 - 19717,250,CorpusA_Chunks\A-MSME-102\A-MSME-102-C68.txt,"M,A,A,A,A,A",niti_msme-compliance-framework,direct-institutional-or-academic-extraction
A-MSME-102-C69,A-MSME-102,A,Page 81,19718 - 20093,376,CorpusA_Chunks\A-MSME-102\A-MSME-102-C69.txt,"M,A,A,A,A,A",niti_msme-compliance-framework,direct-institutional-or-academic-extraction
A-MSME-102-C70,A-MSME-102,A,Page 82 to Page 83,20094 - 20343,250,CorpusA_Chunks\A-MSME-102\A-MSME-102-C70.txt,"M,A,A,A,A,A",niti_msme-compliance-framework,direct-institutional-or-academic-extraction
A-MSME-102-C71,A-MSME-102,A,Page 83 to Page 84,20344 - 20593,250,CorpusA_Chunks\A-MSME-102\A-MSME-102-C71.txt,"M,A,A,A,A,A",niti_msme-compliance-framework,direct-institutional-or-academic-extraction
A-MSME-102-C72,A-MSME-102,A,Page 84,20594 - 20843,250,CorpusA_Chunks\A-MSME-102\A-MSME-102-C72.txt,"M,A,A,A,A,A",niti_msme-compliance-framework,direct-institutional-or-academic-extraction
A-MSME-102-C73,A-MSME-102,A,Page 84 to Page 85,20844 - 21093,250,CorpusA_Chunks\A-MSME-102\A-MSME-102-C73.txt,"M,A,A,A,A,A",niti_msme-compliance-framework,direct-institutional-or-academic-extraction
A-MSME-102-C74,A-MSME-102,A,Page 85,21094 - 21447,354,CorpusA_Chunks\A-MSME-102\A-MSME-102-C74.txt,"M,A,A,A,A,A",niti_msme-compliance-framework,direct-institutional-or-academic-extraction
A-MSME-102-C75,A-MSME-102,A,Page 86,21448 - 21697,250,CorpusA_Chunks\A-MSME-102\A-MSME-102-C75.txt,"M,A,A,A,A,A",niti_msme-compliance-framework,direct-institutional-or-academic-extraction
A-MSME-102-C76,A-MSME-102,A,Page 86 to Page 87,21698 - 21947,250,CorpusA_Chunks\A-MSME-102\A-MSME-102-C76.txt,"M,A,A,A,A,A",niti_msme-compliance-framework,direct-institutional-or-academic-extraction
A-MSME-102-C77,A-MSME-102,A,Page 87,21948 - 22197,250,CorpusA_Chunks\A-MSME-102\A-MSME-102-C77.txt,"M,A,A,A,A,A",niti_msme-compliance-framework,direct-institutional-or-academic-extraction
A-MSME-102-C78,A-MSME-102,A,Page 87 to Page 88,22198 - 22447,250,CorpusA_Chunks\A-MSME-102\A-MSME-102-C78.txt,"M,A,A,A,A,A",niti_msme-compliance-framework,direct-institutional-or-academic-extraction
A-MSME-102-C79,A-MSME-102,A,Page 88,22448 - 22697,250,CorpusA_Chunks\A-MSME-102\A-MSME-102-C79.txt,"M,A,A,A,A,A",niti_msme-compliance-framework,direct-institutional-or-academic-extraction
A-MSME-102-C80,A-MSME-102,A,Page 88,22698 - 23041,344,CorpusA_Chunks\A-MSME-102\A-MSME-102-C80.txt,"M,A,A,A,A,A",niti_msme-compliance-framework,direct-institutional-or-academic-extraction
A-MSME-102-C81,A-MSME-102,A,Page 89,23042 - 23303,262,CorpusA_Chunks\A-MSME-102\A-MSME-102-C81.txt,"M,A,A,A,A,A",niti_msme-compliance-framework,direct-institutional-or-academic-extraction
A-MSME-102-C82,A-MSME-102,A,Page 90 to Page 91,23304 - 23553,250,CorpusA_Chunks\A-MSME-102\A-MSME-102-C82.txt,"M,A,A,A,A,A",niti_msme-compliance-framework,direct-institutional-or-academic-extraction
A-MSME-102-C83,A-MSME-102,A,Page 91,23554 - 23868,315,CorpusA_Chunks\A-MSME-102\A-MSME-102-C83.txt,"M,A,A,A,A,A",niti_msme-compliance-framework,direct-institutional-or-academic-extraction
A-MSME-102-C84,A-MSME-102,A,Page 92 to Page 93,23869 - 24127,259,CorpusA_Chunks\A-MSME-102\A-MSME-102-C84.txt,"M,A,A,A,A,A",niti_msme-compliance-framework,direct-institutional-or-academic-extraction
A-MSME-102-C85,A-MSME-102,A,Page 94 to Page 95,24128 - 24377,250,CorpusA_Chunks\A-MSME-102\A-MSME-102-C85.txt,"M,A,A,A,A,A",niti_msme-compliance-framework,direct-institutional-or-academic-extraction
A-MSME-102-C86,A-MSME-102,A,Page 95,24378 - 24635,258,CorpusA_Chunks\A-MSME-102\A-MSME-102-C86.txt,"M,A,A,A,A,A",niti_msme-compliance-framework,direct-institutional-or-academic-extraction
A-MSME-102-C87,A-MSME-102,A,Page 96,24636 - 24885,250,CorpusA_Chunks\A-MSME-102\A-MSME-102-C87.txt,"M,A,A,A,A,A",niti_msme-compliance-framework,direct-institutional-or-academic-extraction
A-MSME-102-C88,A-MSME-102,A,Page 96 to Page 97,24886 - 25135,250,CorpusA_Chunks\A-MSME-102\A-MSME-102-C88.txt,"M,A,A,A,A,A",niti_msme-compliance-framework,direct-institutional-or-academic-extraction
A-MSME-102-C89,A-MSME-102,A,Page 97,25136 - 25385,250,CorpusA_Chunks\A-MSME-102\A-MSME-102-C89.txt,"M,A,A,A,A,A",niti_msme-compliance-framework,direct-institutional-or-academic-extraction
A-MSME-102-C90,A-MSME-102,A,Page 97 to Page 98,25386 - 25635,250,CorpusA_Chunks\A-MSME-102\A-MSME-102-C90.txt,"M,A,A,A,A,A",niti_msme-compliance-framework,direct-institutional-or-academic-extraction
A-MSME-102-C91,A-MSME-102,A,Page 98,25636 - 25969,334,CorpusA_Chunks\A-MSME-102\A-MSME-102-C91.txt,"M,A,A,A,A,A",niti_msme-compliance-framework,direct-institutional-or-academic-extraction
A-MSME-102-C92,A-MSME-102,A,Page 99,25970 - 26219,250,CorpusA_Chunks\A-MSME-102\A-MSME-102-C92.txt,"M,A,A,A,A,A",niti_msme-compliance-framework,direct-institutional-or-academic-extraction
A-MSME-102-C93,A-MSME-102,A,Page 99,26220 - 26489,270,CorpusA_Chunks\A-MSME-102\A-MSME-102-C93.txt,"M,A,A,A,A,A",niti_msme-compliance-framework,direct-institutional-or-academic-extraction
A-MSME-102-C94,A-MSME-102,A,Page 100,26490 - 26739,250,CorpusA_Chunks\A-MSME-102\A-MSME-102-C94.txt,"M,A,A,A,A,A",niti_msme-compliance-framework,direct-institutional-or-academic-extraction
A-MSME-102-C95,A-MSME-102,A,Page 100 to Page 101,26740 - 26989,250,CorpusA_Chunks\A-MSME-102\A-MSME-102-C95.txt,"M,A,A,A,A,A",niti_msme-compliance-framework,direct-institutional-or-academic-extraction
A-MSME-102-C96,A-MSME-102,A,Page 101,26990 - 27239,250,CorpusA_Chunks\A-MSME-102\A-MSME-102-C96.txt,"M,A,A,A,A,A",niti_msme-compliance-framework,direct-institutional-or-academic-extraction
A-MSME-102-C97,A-MSME-102,A,Page 101 to Page 102,27240 - 27489,250,CorpusA_Chunks\A-MSME-102\A-MSME-102-C97.txt,"M,A,A,A,A,A",niti_msme-compliance-framework,direct-institutional-or-academic-extraction
A-MSME-102-C98,A-MSME-102,A,Page 102,27490 - 27871,382,CorpusA_Chunks\A-MSME-102\A-MSME-102-C98.txt,"M,A,A,A,A,A",niti_msme-compliance-framework,direct-institutional-or-academic-extraction
A-MSME-102-C99,A-MSME-102,A,Page 103 to Page 104,27872 - 28121,250,CorpusA_Chunks\A-MSME-102\A-MSME-102-C99.txt,"M,A,A,A,A,A",niti_msme-compliance-framework,direct-institutional-or-academic-extraction
A-MSME-102-C100,A-MSME-102,A,Page 104,28122 - 28506,385,CorpusA_Chunks\A-MSME-102\A-MSME-102-C100.txt,"M,A,A,A,A,A",niti_msme-compliance-framework,direct-institutional-or-academic-extraction
A-MSME-102-C101,A-MSME-102,A,Page 105,28507 - 28756,250,CorpusA_Chunks\A-MSME-102\A-MSME-102-C101.txt,"M,A,A,A,A,A",niti_msme-compliance-framework,direct-institutional-or-academic-extraction
A-MSME-102-C102,A-MSME-102,A,Page 105 to Page 106,28757 - 29006,250,CorpusA_Chunks\A-MSME-102\A-MSME-102-C102.txt,"M,A,A,A,A,A",niti_msme-compliance-framework,direct-institutional-or-academic-extraction
A-MSME-102-C103,A-MSME-102,A,Page 106,29007 - 29256,250,CorpusA_Chunks\A-MSME-102\A-MSME-102-C103.txt,"M,A,A,A,A,A",niti_msme-compliance-framework,direct-institutional-or-academic-extraction
A-MSME-102-C104,A-MSME-102,A,Page 106 to Page 107,29257 - 29506,250,CorpusA_Chunks\A-MSME-102\A-MSME-102-C104.txt,"M,A,A,A,A,A",niti_msme-compliance-framework,direct-institutional-or-academic-extraction
A-MSME-102-C105,A-MSME-102,A,Page 107,29507 - 29837,331,CorpusA_Chunks\A-MSME-102\A-MSME-102-C105.txt,"M,A,A,A,A,A",niti_msme-compliance-framework,direct-institutional-or-academic-extraction
A-MSME-102-C106,A-MSME-102,A,Page 108,29838 - 30087,250,CorpusA_Chunks\A-MSME-102\A-MSME-102-C106.txt,"M,A,A,A,A,A",niti_msme-compliance-framework,direct-institutional-or-academic-extraction
A-MSME-102-C107,A-MSME-102,A,Page 108 to Page 109,30088 - 30337,250,CorpusA_Chunks\A-MSME-102\A-MSME-102-C107.txt,"M,A,A,A,A,A",niti_msme-compliance-framework,direct-institutional-or-academic-extraction
A-MSME-102-C108,A-MSME-102,A,Page 109,30338 - 30587,250,CorpusA_Chunks\A-MSME-102\A-MSME-102-C108.txt,"M,A,A,A,A,A",niti_msme-compliance-framework,direct-institutional-or-academic-extraction
A-MSME-102-C109,A-MSME-102,A,Page 109 to Page 110,30588 - 30837,250,CorpusA_Chunks\A-MSME-102\A-MSME-102-C109.txt,"M,A,A,A,A,A",niti_msme-compliance-framework,direct-institutional-or-academic-extraction
A-MSME-102-C110,A-MSME-102,A,Page 110 to Page 111,30838 - 31087,250,CorpusA_Chunks\A-MSME-102\A-MSME-102-C110.txt,"M,A,A,A,A,A",niti_msme-compliance-framework,direct-institutional-or-academic-extraction
A-MSME-102-C111,A-MSME-102,A,Page 111,31088 - 31374,287,CorpusA_Chunks\A-MSME-102\A-MSME-102-C111.txt,"M,A,A,A,A,A",niti_msme-compliance-framework,direct-institutional-or-academic-extraction
A-MSME-102-C112,A-MSME-102,A,Page 112,31375 - 31695,321,CorpusA_Chunks\A-MSME-102\A-MSME-102-C112.txt,"M,A,A,A,A,A",niti_msme-compliance-framework,direct-institutional-or-academic-extraction
A-MSME-102-C113,A-MSME-102,A,Page 113,31696 - 32012,317,CorpusA_Chunks\A-MSME-102\A-MSME-102-C113.txt,"M,A,A,A,A,A",niti_msme-compliance-framework,direct-institutional-or-academic-extraction
A-MSME-102-C114,A-MSME-102,A,Page 114,32013 - 32262,250,CorpusA_Chunks\A-MSME-102\A-MSME-102-C114.txt,"M,A,A,A,A,A",niti_msme-compliance-framework,direct-institutional-or-academic-extraction
A-MSME-102-C115,A-MSME-102,A,Page 114 to Page 115,32263 - 32512,250,CorpusA_Chunks\A-MSME-102\A-MSME-102-C115.txt,"M,A,A,A,A,A",niti_msme-compliance-framework,direct-institutional-or-academic-extraction
A-MSME-102-C116,A-MSME-102,A,Page 115,32513 - 32807,295,CorpusA_Chunks\A-MSME-102\A-MSME-102-C116.txt,"M,A,A,A,A,A",niti_msme-compliance-framework,direct-institutional-or-academic-extraction
A-MSME-102-C117,A-MSME-102,A,Page 116,32808 - 33057,250,CorpusA_Chunks\A-MSME-102\A-MSME-102-C117.txt,"M,A,A,A,A,A",niti_msme-compliance-framework,direct-institutional-or-academic-extraction
A-MSME-102-C118,A-MSME-102,A,Page 116,33058 - 33343,286,CorpusA_Chunks\A-MSME-102\A-MSME-102-C118.txt,"M,A,A,A,A,A",niti_msme-compliance-framework,direct-institutional-or-academic-extraction
A-MSME-102-C119,A-MSME-102,A,Page 117,33344 - 33593,250,CorpusA_Chunks\A-MSME-102\A-MSME-102-C119.txt,"M,A,A,A,A,A",niti_msme-compliance-framework,direct-institutional-or-academic-extraction
A-MSME-102-C120,A-MSME-102,A,Page 117 to Page 118,33594 - 33843,250,CorpusA_Chunks\A-MSME-102\A-MSME-102-C120.txt,"M,A,A,A,A,A",niti_msme-compliance-framework,direct-institutional-or-academic-extraction
A-MSME-102-C121,A-MSME-102,A,Page 118,33844 - 34093,250,CorpusA_Chunks\A-MSME-102\A-MSME-102-C121.txt,"M,A,A,A,A,A",niti_msme-compliance-framework,direct-institutional-or-academic-extraction
A-MSME-102-C122,A-MSME-102,A,Page 118 to Page 119,34094 - 34343,250,CorpusA_Chunks\A-MSME-102\A-MSME-102-C122.txt,"M,A,A,A,A,A",niti_msme-compliance-framework,direct-institutional-or-academic-extraction
A-MSME-102-C123,A-MSME-102,A,Page 119,34344 - 34593,250,CorpusA_Chunks\A-MSME-102\A-MSME-102-C123.txt,"M,A,A,A,A,A",niti_msme-compliance-framework,direct-institutional-or-academic-extraction
A-MSME-102-C124,A-MSME-102,A,Page 119,34594 - 34886,293,CorpusA_Chunks\A-MSME-102\A-MSME-102-C124.txt,"M,A,A,A,A,A",niti_msme-compliance-framework,direct-institutional-or-academic-extraction
A-MSME-102-C125,A-MSME-102,A,Page 120,34887 - 35136,250,CorpusA_Chunks\A-MSME-102\A-MSME-102-C125.txt,"M,A,A,A,A,A",niti_msme-compliance-framework,direct-institutional-or-academic-extraction
A-MSME-102-C126,A-MSME-102,A,Page 120,35137 - 35425,289,CorpusA_Chunks\A-MSME-102\A-MSME-102-C126.txt,"M,A,A,A,A,A",niti_msme-compliance-framework,direct-institutional-or-academic-extraction
A-MSME-102-C127,A-MSME-102,A,Page 121,35426 - 35726,301,CorpusA_Chunks\A-MSME-102\A-MSME-102-C127.txt,"M,A,A,A,A,A",niti_msme-compliance-framework,direct-institutional-or-academic-extraction
A-MSME-102-C128,A-MSME-102,A,Page 123 to Page 124,35727 - 35862,136,CorpusA_Chunks\A-MSME-102\A-MSME-102-C128.txt,"M,A,A,A,A,A",niti_msme-compliance-framework,direct-institutional-or-academic-extraction
A-MOFPI-101-C01,A-MOFPI-101,A,Page 1,1 - 259,259,CorpusA_Chunks\A-MOFPI-101\A-MOFPI-101-C01.txt,"A,A,A,A,A,A",mofpi_pib-compliance-framework,direct-institutional-or-academic-extraction
A-MOFPI-101-C02,A-MOFPI-101,A,Page 2,260 - 600,341,CorpusA_Chunks\A-MOFPI-101\A-MOFPI-101-C02.txt,"A,A,A,A,A,A",mofpi_pib-compliance-framework,direct-institutional-or-academic-extraction
A-MOFPI-101-C03,A-MOFPI-101,A,Page 3,601 - 966,366,CorpusA_Chunks\A-MOFPI-101\A-MOFPI-101-C03.txt,"A,A,A,A,A,A",mofpi_pib-compliance-framework,direct-institutional-or-academic-extraction
A-MOFPI-101-C04,A-MOFPI-101,A,Page 4,967 - 1313,347,CorpusA_Chunks\A-MOFPI-101\A-MOFPI-101-C04.txt,"A,A,A,A,A,A",mofpi_pib-compliance-framework,direct-institutional-or-academic-extraction
A-MOFPI-101-C05,A-MOFPI-101,A,Page 5,1314 - 1603,290,CorpusA_Chunks\A-MOFPI-101\A-MOFPI-101-C05.txt,"A,A,A,A,A,A",mofpi_pib-compliance-framework,direct-institutional-or-academic-extraction
A-MOFPI-101-C06,A-MOFPI-101,A,Page 6,1604 - 1887,284,CorpusA_Chunks\A-MOFPI-101\A-MOFPI-101-C06.txt,"A,A,A,A,A,A",mofpi_pib-compliance-framework,direct-institutional-or-academic-extraction
A-MOFPI-101-C07,A-MOFPI-101,A,Page 7 to Page 8,1888 - 2077,190,CorpusA_Chunks\A-MOFPI-101\A-MOFPI-101-C07.txt,"A,A,A,A,A,A",mofpi_pib-compliance-framework,direct-institutional-or-academic-extraction
A-RES-103-C01,A-RES-103,A,Page 1 to Page 2,1 - 250,250,CorpusA_Chunks\A-RES-103\A-RES-103-C01.txt,"M,A,A,M,A,A",supplychain_research-compliance-framework,direct-institutional-or-academic-extraction
A-RES-103-C02,A-RES-103,A,Page 2,251 - 500,250,CorpusA_Chunks\A-RES-103\A-RES-103-C02.txt,"M,A,A,M,A,A",supplychain_research-compliance-framework,direct-institutional-or-academic-extraction
A-RES-103-C03,A-RES-103,A,Page 2 to Page 3,501 - 750,250,CorpusA_Chunks\A-RES-103\A-RES-103-C03.txt,"M,A,A,M,A,A",supplychain_research-compliance-framework,direct-institutional-or-academic-extraction
A-RES-103-C04,A-RES-103,A,Page 3 to Page 4,751 - 1102,352,CorpusA_Chunks\A-RES-103\A-RES-103-C04.txt,"M,A,A,M,A,A",supplychain_research-compliance-framework,direct-institutional-or-academic-extraction
A-RES-103-C05,A-RES-103,A,Page 5,1103 - 1352,250,CorpusA_Chunks\A-RES-103\A-RES-103-C05.txt,"M,A,A,M,A,A",supplychain_research-compliance-framework,direct-institutional-or-academic-extraction
A-RES-103-C06,A-RES-103,A,Page 5 to Page 6,1353 - 1602,250,CorpusA_Chunks\A-RES-103\A-RES-103-C06.txt,"M,A,A,M,A,A",supplychain_research-compliance-framework,direct-institutional-or-academic-extraction
A-RES-103-C07,A-RES-103,A,Page 6,1603 - 1973,371,CorpusA_Chunks\A-RES-103\A-RES-103-C07.txt,"M,A,A,M,A,A",supplychain_research-compliance-framework,direct-institutional-or-academic-extraction
A-RES-103-C08,A-RES-103,A,Page 7,1974 - 2223,250,CorpusA_Chunks\A-RES-103\A-RES-103-C08.txt,"M,A,A,M,A,A",supplychain_research-compliance-framework,direct-institutional-or-academic-extraction
A-RES-103-C09,A-RES-103,A,Page 7 to Page 8,2224 - 2473,250,CorpusA_Chunks\A-RES-103\A-RES-103-C09.txt,"M,A,A,M,A,A",supplychain_research-compliance-framework,direct-institutional-or-academic-extraction
A-RES-103-C10,A-RES-103,A,Page 8,2474 - 2867,394,CorpusA_Chunks\A-RES-103\A-RES-103-C10.txt,"M,A,A,M,A,A",supplychain_research-compliance-framework,direct-institutional-or-academic-extraction
A-RES-103-C11,A-RES-103,A,Page 9,2868 - 3117,250,CorpusA_Chunks\A-RES-103\A-RES-103-C11.txt,"M,A,A,M,A,A",supplychain_research-compliance-framework,direct-institutional-or-academic-extraction
A-RES-103-C12,A-RES-103,A,Page 9,3118 - 3390,273,CorpusA_Chunks\A-RES-103\A-RES-103-C12.txt,"M,A,A,M,A,A",supplychain_research-compliance-framework,direct-institutional-or-academic-extraction
A-RES-103-C13,A-RES-103,A,Page 10,3391 - 3640,250,CorpusA_Chunks\A-RES-103\A-RES-103-C13.txt,"M,A,A,M,A,A",supplychain_research-compliance-framework,direct-institutional-or-academic-extraction
A-RES-103-C14,A-RES-103,A,Page 10,3641 - 3891,251,CorpusA_Chunks\A-RES-103\A-RES-103-C14.txt,"M,A,A,M,A,A",supplychain_research-compliance-framework,direct-institutional-or-academic-extraction
A-RES-103-C15,A-RES-103,A,Page 11,3892 - 4141,250,CorpusA_Chunks\A-RES-103\A-RES-103-C15.txt,"M,A,A,M,A,A",supplychain_research-compliance-framework,direct-institutional-or-academic-extraction
A-RES-103-C16,A-RES-103,A,Page 11 to Page 12,4142 - 4391,250,CorpusA_Chunks\A-RES-103\A-RES-103-C16.txt,"M,A,A,M,A,A",supplychain_research-compliance-framework,direct-institutional-or-academic-extraction
A-RES-103-C17,A-RES-103,A,Page 12,4392 - 4641,250,CorpusA_Chunks\A-RES-103\A-RES-103-C17.txt,"M,A,A,M,A,A",supplychain_research-compliance-framework,direct-institutional-or-academic-extraction
A-RES-103-C18,A-RES-103,A,Page 12,4642 - 5007,366,CorpusA_Chunks\A-RES-103\A-RES-103-C18.txt,"M,A,A,M,A,A",supplychain_research-compliance-framework,direct-institutional-or-academic-extraction
A-RES-103-C19,A-RES-103,A,Page 13,5008 - 5257,250,CorpusA_Chunks\A-RES-103\A-RES-103-C19.txt,"M,A,A,M,A,A",supplychain_research-compliance-framework,direct-institutional-or-academic-extraction
A-RES-103-C20,A-RES-103,A,Page 13,5258 - 5508,251,CorpusA_Chunks\A-RES-103\A-RES-103-C20.txt,"M,A,A,M,A,A",supplychain_research-compliance-framework,direct-institutional-or-academic-extraction
A-RES-103-C21,A-RES-103,A,Page 14,5509 - 5758,250,CorpusA_Chunks\A-RES-103\A-RES-103-C21.txt,"M,A,A,M,A,A",supplychain_research-compliance-framework,direct-institutional-or-academic-extraction
A-RES-103-C22,A-RES-103,A,Page 14 to Page 15,5759 - 6008,250,CorpusA_Chunks\A-RES-103\A-RES-103-C22.txt,"M,A,A,M,A,A",supplychain_research-compliance-framework,direct-institutional-or-academic-extraction
A-RES-103-C23,A-RES-103,A,Page 15,6009 - 6258,250,CorpusA_Chunks\A-RES-103\A-RES-103-C23.txt,"M,A,A,M,A,A",supplychain_research-compliance-framework,direct-institutional-or-academic-extraction
A-RES-103-C24,A-RES-103,A,Page 15 to Page 16,6259 - 6508,250,CorpusA_Chunks\A-RES-103\A-RES-103-C24.txt,"M,A,A,M,A,A",supplychain_research-compliance-framework,direct-institutional-or-academic-extraction
A-RES-103-C25,A-RES-103,A,Page 16,6509 - 6758,250,CorpusA_Chunks\A-RES-103\A-RES-103-C25.txt,"M,A,A,M,A,A",supplychain_research-compliance-framework,direct-institutional-or-academic-extraction
A-RES-103-C26,A-RES-103,A,Page 16 to Page 17,6759 - 7008,250,CorpusA_Chunks\A-RES-103\A-RES-103-C26.txt,"M,A,A,M,A,A",supplychain_research-compliance-framework,direct-institutional-or-academic-extraction
A-RES-103-C27,A-RES-103,A,Page 17,7009 - 7258,250,CorpusA_Chunks\A-RES-103\A-RES-103-C27.txt,"M,A,A,M,A,A",supplychain_research-compliance-framework,direct-institutional-or-academic-extraction
A-RES-103-C28,A-RES-103,A,Page 17,7259 - 7545,287,CorpusA_Chunks\A-RES-103\A-RES-103-C28.txt,"M,A,A,M,A,A",supplychain_research-compliance-framework,direct-institutional-or-academic-extraction
A-RES-103-C29,A-RES-103,A,Page 18,7546 - 7795,250,CorpusA_Chunks\A-RES-103\A-RES-103-C29.txt,"M,A,A,M,A,A",supplychain_research-compliance-framework,direct-institutional-or-academic-extraction
A-RES-103-C30,A-RES-103,A,Page 18,7796 - 8130,335,CorpusA_Chunks\A-RES-103\A-RES-103-C30.txt,"M,A,A,M,A,A",supplychain_research-compliance-framework,direct-institutional-or-academic-extraction
A-RES-103-C31,A-RES-103,A,Page 19,8131 - 8380,250,CorpusA_Chunks\A-RES-103\A-RES-103-C31.txt,"M,A,A,M,A,A",supplychain_research-compliance-framework,direct-institutional-or-academic-extraction
A-RES-103-C32,A-RES-103,A,Page 19,8381 - 8671,291,CorpusA_Chunks\A-RES-103\A-RES-103-C32.txt,"M,A,A,M,A,A",supplychain_research-compliance-framework,direct-institutional-or-academic-extraction
A-RES-103-C33,A-RES-103,A,Page 20,8672 - 9021,350,CorpusA_Chunks\A-RES-103\A-RES-103-C33.txt,"M,A,A,M,A,A",supplychain_research-compliance-framework,direct-institutional-or-academic-extraction
A-RES-103-C34,A-RES-103,A,Page 21,9022 - 9271,250,CorpusA_Chunks\A-RES-103\A-RES-103-C34.txt,"M,A,A,M,A,A",supplychain_research-compliance-framework,direct-institutional-or-academic-extraction
A-RES-103-C35,A-RES-103,A,Page 21 to Page 22,9272 - 9521,250,CorpusA_Chunks\A-RES-103\A-RES-103-C35.txt,"M,A,A,M,A,A",supplychain_research-compliance-framework,direct-institutional-or-academic-extraction
A-RES-103-C36,A-RES-103,A,Page 22,9522 - 9920,399,CorpusA_Chunks\A-RES-103\A-RES-103-C36.txt,"M,A,A,M,A,A",supplychain_research-compliance-framework,direct-institutional-or-academic-extraction
A-RES-103-C37,A-RES-103,A,Page 23,9921 - 10170,250,CorpusA_Chunks\A-RES-103\A-RES-103-C37.txt,"M,A,A,M,A,A",supplychain_research-compliance-framework,direct-institutional-or-academic-extraction
A-RES-103-C38,A-RES-103,A,Page 23,10171 - 10465,295,CorpusA_Chunks\A-RES-103\A-RES-103-C38.txt,"M,A,A,M,A,A",supplychain_research-compliance-framework,direct-institutional-or-academic-extraction
A-RES-103-C39,A-RES-103,A,Page 24,10466 - 10715,250,CorpusA_Chunks\A-RES-103\A-RES-103-C39.txt,"M,A,A,M,A,A",supplychain_research-compliance-framework,direct-institutional-or-academic-extraction
A-RES-103-C40,A-RES-103,A,Page 24,10716 - 10995,280,CorpusA_Chunks\A-RES-103\A-RES-103-C40.txt,"M,A,A,M,A,A",supplychain_research-compliance-framework,direct-institutional-or-academic-extraction
A-RES-103-C41,A-RES-103,A,Page 25,10996 - 11386,391,CorpusA_Chunks\A-RES-103\A-RES-103-C41.txt,"M,A,A,M,A,A",supplychain_research-compliance-framework,direct-institutional-or-academic-extraction
A-RES-103-C42,A-RES-103,A,Page 26,11387 - 11636,250,CorpusA_Chunks\A-RES-103\A-RES-103-C42.txt,"M,A,A,M,A,A",supplychain_research-compliance-framework,direct-institutional-or-academic-extraction
A-RES-103-C43,A-RES-103,A,Page 26 to Page 27,11637 - 11886,250,CorpusA_Chunks\A-RES-103\A-RES-103-C43.txt,"M,A,A,M,A,A",supplychain_research-compliance-framework,direct-institutional-or-academic-extraction
A-RES-103-C44,A-RES-103,A,Page 27,11887 - 12136,250,CorpusA_Chunks\A-RES-103\A-RES-103-C44.txt,"M,A,A,M,A,A",supplychain_research-compliance-framework,direct-institutional-or-academic-extraction
A-RES-103-C45,A-RES-103,A,Page 27,12137 - 12386,250,CorpusA_Chunks\A-RES-103\A-RES-103-C45.txt,"M,A,A,M,A,A",supplychain_research-compliance-framework,direct-institutional-or-academic-extraction
A-RES-103-C46,A-RES-103,A,Page 28,12387 - 12636,250,CorpusA_Chunks\A-RES-103\A-RES-103-C46.txt,"M,A,A,M,A,A",supplychain_research-compliance-framework,direct-institutional-or-academic-extraction
A-RES-103-C47,A-RES-103,A,Page 28,12637 - 12986,350,CorpusA_Chunks\A-RES-103\A-RES-103-C47.txt,"M,A,A,M,A,A",supplychain_research-compliance-framework,direct-institutional-or-academic-extraction
A-RES-103-C48,A-RES-103,A,Page 29,12987 - 13236,250,CorpusA_Chunks\A-RES-103\A-RES-103-C48.txt,"M,A,A,M,A,A",supplychain_research-compliance-framework,direct-institutional-or-academic-extraction
A-RES-103-C49,A-RES-103,A,Page 29,13237 - 13549,313,CorpusA_Chunks\A-RES-103\A-RES-103-C49.txt,"M,A,A,M,A,A",supplychain_research-compliance-framework,direct-institutional-or-academic-extraction
A-RES-103-C50,A-RES-103,A,Page 30,13550 - 13799,250,CorpusA_Chunks\A-RES-103\A-RES-103-C50.txt,"M,A,A,M,A,A",supplychain_research-compliance-framework,direct-institutional-or-academic-extraction
A-RES-103-C51,A-RES-103,A,Page 30,13800 - 14149,350,CorpusA_Chunks\A-RES-103\A-RES-103-C51.txt,"M,A,A,M,A,A",supplychain_research-compliance-framework,direct-institutional-or-academic-extraction
A-RES-103-C52,A-RES-103,A,Page 31,14150 - 14399,250,CorpusA_Chunks\A-RES-103\A-RES-103-C52.txt,"M,A,A,M,A,A",supplychain_research-compliance-framework,direct-institutional-or-academic-extraction
A-RES-103-C53,A-RES-103,A,Page 31 to Page 32,14400 - 14649,250,CorpusA_Chunks\A-RES-103\A-RES-103-C53.txt,"M,A,A,M,A,A",supplychain_research-compliance-framework,direct-institutional-or-academic-extraction
A-RES-103-C54,A-RES-103,A,Page 32,14650 - 14899,250,CorpusA_Chunks\A-RES-103\A-RES-103-C54.txt,"M,A,A,M,A,A",supplychain_research-compliance-framework,direct-institutional-or-academic-extraction
A-RES-103-C55,A-RES-103,A,Page 32,14900 - 15259,360,CorpusA_Chunks\A-RES-103\A-RES-103-C55.txt,"M,A,A,M,A,A",supplychain_research-compliance-framework,direct-institutional-or-academic-extraction
A-RES-103-C56,A-RES-103,A,Page 33,15260 - 15509,250,CorpusA_Chunks\A-RES-103\A-RES-103-C56.txt,"M,A,A,M,A,A",supplychain_research-compliance-framework,direct-institutional-or-academic-extraction
A-RES-103-C57,A-RES-103,A,Page 33,15510 - 15786,277,CorpusA_Chunks\A-RES-103\A-RES-103-C57.txt,"M,A,A,M,A,A",supplychain_research-compliance-framework,direct-institutional-or-academic-extraction
A-RES-103-C58,A-RES-103,A,Page 34,15787 - 16117,331,CorpusA_Chunks\A-RES-103\A-RES-103-C58.txt,"M,A,A,M,A,A",supplychain_research-compliance-framework,direct-institutional-or-academic-extraction
A-RES-103-C59,A-RES-103,A,Page 35 to Page 36,16118 - 16412,295,CorpusA_Chunks\A-RES-103\A-RES-103-C59.txt,"M,A,A,M,A,A",supplychain_research-compliance-framework,direct-institutional-or-academic-extraction
A-RES-103-C60,A-RES-103,A,Page 37 to Page 38,16413 - 16662,250,CorpusA_Chunks\A-RES-103\A-RES-103-C60.txt,"M,A,A,M,A,A",supplychain_research-compliance-framework,direct-institutional-or-academic-extraction
A-RES-103-C61,A-RES-103,A,Page 38,16663 - 16954,292,CorpusA_Chunks\A-RES-103\A-RES-103-C61.txt,"M,A,A,M,A,A",supplychain_research-compliance-framework,direct-institutional-or-academic-extraction
A-RES-103-C62,A-RES-103,A,Page 39,16955 - 17122,168,CorpusA_Chunks\A-RES-103\A-RES-103-C62.txt,"M,A,A,M,A,A",supplychain_research-compliance-framework,direct-institutional-or-academic-extraction
A-RES-105-C01,A-RES-105,A,Page 1,1 - 392,392,CorpusA_Chunks\A-RES-105\A-RES-105-C01.txt,"M,A,A,A,A,A",supplychain_research-compliance-framework,direct-institutional-or-academic-extraction
A-RES-105-C02,A-RES-105,A,Page 2,393 - 642,250,CorpusA_Chunks\A-RES-105\A-RES-105-C02.txt,"M,A,A,A,A,A",supplychain_research-compliance-framework,direct-institutional-or-academic-extraction
A-RES-105-C03,A-RES-105,A,Page 2,643 - 912,270,CorpusA_Chunks\A-RES-105\A-RES-105-C03.txt,"M,A,A,A,A,A",supplychain_research-compliance-framework,direct-institutional-or-academic-extraction
A-RES-105-C04,A-RES-105,A,Page 3,913 - 1207,295,CorpusA_Chunks\A-RES-105\A-RES-105-C04.txt,"M,A,A,A,A,A",supplychain_research-compliance-framework,direct-institutional-or-academic-extraction
A-RES-105-C05,A-RES-105,A,Page 4,1208 - 1515,308,CorpusA_Chunks\A-RES-105\A-RES-105-C05.txt,"M,A,A,A,A,A",supplychain_research-compliance-framework,direct-institutional-or-academic-extraction
A-RES-105-C06,A-RES-105,A,Page 5,1516 - 1903,388,CorpusA_Chunks\A-RES-105\A-RES-105-C06.txt,"M,A,A,A,A,A",supplychain_research-compliance-framework,direct-institutional-or-academic-extraction
A-RES-105-C07,A-RES-105,A,Page 6,1904 - 2153,250,CorpusA_Chunks\A-RES-105\A-RES-105-C07.txt,"M,A,A,A,A,A",supplychain_research-compliance-framework,direct-institutional-or-academic-extraction
A-RES-105-C08,A-RES-105,A,Page 6 to Page 7,2154 - 2403,250,CorpusA_Chunks\A-RES-105\A-RES-105-C08.txt,"M,A,A,A,A,A",supplychain_research-compliance-framework,direct-institutional-or-academic-extraction
A-RES-105-C09,A-RES-105,A,Page 7,2404 - 2773,370,CorpusA_Chunks\A-RES-105\A-RES-105-C09.txt,"M,A,A,A,A,A",supplychain_research-compliance-framework,direct-institutional-or-academic-extraction
A-RES-105-C10,A-RES-105,A,Page 8,2774 - 3172,399,CorpusA_Chunks\A-RES-105\A-RES-105-C10.txt,"M,A,A,A,A,A",supplychain_research-compliance-framework,direct-institutional-or-academic-extraction
A-RES-105-C11,A-RES-105,A,Page 9,3173 - 3422,250,CorpusA_Chunks\A-RES-105\A-RES-105-C11.txt,"M,A,A,A,A,A",supplychain_research-compliance-framework,direct-institutional-or-academic-extraction
A-RES-105-C12,A-RES-105,A,Page 9 to Page 10,3423 - 3672,250,CorpusA_Chunks\A-RES-105\A-RES-105-C12.txt,"M,A,A,A,A,A",supplychain_research-compliance-framework,direct-institutional-or-academic-extraction
A-RES-105-C13,A-RES-105,A,Page 10,3673 - 3922,250,CorpusA_Chunks\A-RES-105\A-RES-105-C13.txt,"M,A,A,A,A,A",supplychain_research-compliance-framework,direct-institutional-or-academic-extraction
A-RES-105-C14,A-RES-105,A,Page 10,3923 - 4176,254,CorpusA_Chunks\A-RES-105\A-RES-105-C14.txt,"M,A,A,A,A,A",supplychain_research-compliance-framework,direct-institutional-or-academic-extraction
A-RES-105-C15,A-RES-105,A,Page 11,4177 - 4426,250,CorpusA_Chunks\A-RES-105\A-RES-105-C15.txt,"M,A,A,A,A,A",supplychain_research-compliance-framework,direct-institutional-or-academic-extraction
A-RES-105-C16,A-RES-105,A,Page 11,4427 - 4784,358,CorpusA_Chunks\A-RES-105\A-RES-105-C16.txt,"M,A,A,A,A,A",supplychain_research-compliance-framework,direct-institutional-or-academic-extraction
A-RES-105-C17,A-RES-105,A,Page 12,4785 - 5034,250,CorpusA_Chunks\A-RES-105\A-RES-105-C17.txt,"M,A,A,A,A,A",supplychain_research-compliance-framework,direct-institutional-or-academic-extraction
A-RES-105-C18,A-RES-105,A,Page 12,5035 - 5418,384,CorpusA_Chunks\A-RES-105\A-RES-105-C18.txt,"M,A,A,A,A,A",supplychain_research-compliance-framework,direct-institutional-or-academic-extraction
A-RES-105-C19,A-RES-105,A,Page 13,5419 - 5668,250,CorpusA_Chunks\A-RES-105\A-RES-105-C19.txt,"M,A,A,A,A,A",supplychain_research-compliance-framework,direct-institutional-or-academic-extraction
A-RES-105-C20,A-RES-105,A,Page 13,5669 - 6025,357,CorpusA_Chunks\A-RES-105\A-RES-105-C20.txt,"M,A,A,A,A,A",supplychain_research-compliance-framework,direct-institutional-or-academic-extraction
A-RES-105-C21,A-RES-105,A,Page 14,6026 - 6275,250,CorpusA_Chunks\A-RES-105\A-RES-105-C21.txt,"M,A,A,A,A,A",supplychain_research-compliance-framework,direct-institutional-or-academic-extraction
A-RES-105-C22,A-RES-105,A,Page 14,6276 - 6638,363,CorpusA_Chunks\A-RES-105\A-RES-105-C22.txt,"M,A,A,A,A,A",supplychain_research-compliance-framework,direct-institutional-or-academic-extraction
A-RES-105-C23,A-RES-105,A,Page 15,6639 - 6888,250,CorpusA_Chunks\A-RES-105\A-RES-105-C23.txt,"M,A,A,A,A,A",supplychain_research-compliance-framework,direct-institutional-or-academic-extraction
A-RES-105-C24,A-RES-105,A,Page 15,6889 - 7231,343,CorpusA_Chunks\A-RES-105\A-RES-105-C24.txt,"M,A,A,A,A,A",supplychain_research-compliance-framework,direct-institutional-or-academic-extraction
A-RES-105-C25,A-RES-105,A,Page 16,7232 - 7481,250,CorpusA_Chunks\A-RES-105\A-RES-105-C25.txt,"M,A,A,A,A,A",supplychain_research-compliance-framework,direct-institutional-or-academic-extraction
A-RES-105-C26,A-RES-105,A,Page 16,7482 - 7829,348,CorpusA_Chunks\A-RES-105\A-RES-105-C26.txt,"M,A,A,A,A,A",supplychain_research-compliance-framework,direct-institutional-or-academic-extraction
A-RES-105-C27,A-RES-105,A,Page 17,7830 - 8054,225,CorpusA_Chunks\A-RES-105\A-RES-105-C27.txt,"M,A,A,A,A,A",supplychain_research-compliance-framework,direct-institutional-or-academic-extraction
A-RES-106-C01,A-RES-106,A,Page 1 to Page 2,1 - 250,250,CorpusA_Chunks\A-RES-106\A-RES-106-C01.txt,"M,A,A,A,A,A",supplychain_research-compliance-framework,direct-institutional-or-academic-extraction
A-RES-106-C02,A-RES-106,A,Page 2,251 - 500,250,CorpusA_Chunks\A-RES-106\A-RES-106-C02.txt,"M,A,A,A,A,A",supplychain_research-compliance-framework,direct-institutional-or-academic-extraction
A-RES-106-C03,A-RES-106,A,Page 2,501 - 868,368,CorpusA_Chunks\A-RES-106\A-RES-106-C03.txt,"M,A,A,A,A,A",supplychain_research-compliance-framework,direct-institutional-or-academic-extraction
A-RES-106-C04,A-RES-106,A,Page 3,869 - 1118,250,CorpusA_Chunks\A-RES-106\A-RES-106-C04.txt,"M,A,A,A,A,A",supplychain_research-compliance-framework,direct-institutional-or-academic-extraction
A-RES-106-C05,A-RES-106,A,Page 3,1119 - 1368,250,CorpusA_Chunks\A-RES-106\A-RES-106-C05.txt,"M,A,A,A,A,A",supplychain_research-compliance-framework,direct-institutional-or-academic-extraction
A-RES-106-C06,A-RES-106,A,Page 3,1369 - 1646,278,CorpusA_Chunks\A-RES-106\A-RES-106-C06.txt,"M,A,A,A,A,A",supplychain_research-compliance-framework,direct-institutional-or-academic-extraction
A-RES-106-C07,A-RES-106,A,Page 4,1647 - 1896,250,CorpusA_Chunks\A-RES-106\A-RES-106-C07.txt,"M,A,A,A,A,A",supplychain_research-compliance-framework,direct-institutional-or-academic-extraction
A-RES-106-C08,A-RES-106,A,Page 4,1897 - 2146,250,CorpusA_Chunks\A-RES-106\A-RES-106-C08.txt,"M,A,A,A,A,A",supplychain_research-compliance-framework,direct-institutional-or-academic-extraction
A-RES-106-C09,A-RES-106,A,Page 4 to Page 5,2147 - 2396,250,CorpusA_Chunks\A-RES-106\A-RES-106-C09.txt,"M,A,A,A,A,A",supplychain_research-compliance-framework,direct-institutional-or-academic-extraction
A-RES-106-C10,A-RES-106,A,Page 5,2397 - 2646,250,CorpusA_Chunks\A-RES-106\A-RES-106-C10.txt,"M,A,A,A,A,A",supplychain_research-compliance-framework,direct-institutional-or-academic-extraction
A-RES-106-C11,A-RES-106,A,Page 5,2647 - 2896,250,CorpusA_Chunks\A-RES-106\A-RES-106-C11.txt,"M,A,A,A,A,A",supplychain_research-compliance-framework,direct-institutional-or-academic-extraction
A-RES-106-C12,A-RES-106,A,Page 5,2897 - 3147,251,CorpusA_Chunks\A-RES-106\A-RES-106-C12.txt,"M,A,A,A,A,A",supplychain_research-compliance-framework,direct-institutional-or-academic-extraction
A-RES-106-C13,A-RES-106,A,Page 6,3148 - 3528,381,CorpusA_Chunks\A-RES-106\A-RES-106-C13.txt,"M,A,A,A,A,A",supplychain_research-compliance-framework,direct-institutional-or-academic-extraction
A-RES-106-C14,A-RES-106,A,Page 7,3529 - 3793,265,CorpusA_Chunks\A-RES-106\A-RES-106-C14.txt,"M,A,A,A,A,A",supplychain_research-compliance-framework,direct-institutional-or-academic-extraction
A-RES-106-C15,A-RES-106,A,Page 8,3794 - 4112,319,CorpusA_Chunks\A-RES-106\A-RES-106-C15.txt,"M,A,A,A,A,A",supplychain_research-compliance-framework,direct-institutional-or-academic-extraction
A-RES-106-C16,A-RES-106,A,Page 9 to Page 10,4113 - 4362,250,CorpusA_Chunks\A-RES-106\A-RES-106-C16.txt,"M,A,A,A,A,A",supplychain_research-compliance-framework,direct-institutional-or-academic-extraction
A-RES-106-C17,A-RES-106,A,Page 10,4363 - 4720,358,CorpusA_Chunks\A-RES-106\A-RES-106-C17.txt,"M,A,A,A,A,A",supplychain_research-compliance-framework,direct-institutional-or-academic-extraction
A-RES-106-C18,A-RES-106,A,Page 11,4721 - 4970,250,CorpusA_Chunks\A-RES-106\A-RES-106-C18.txt,"M,A,A,A,A,A",supplychain_research-compliance-framework,direct-institutional-or-academic-extraction
A-RES-106-C19,A-RES-106,A,Page 11 to Page 12,4971 - 5220,250,CorpusA_Chunks\A-RES-106\A-RES-106-C19.txt,"M,A,A,A,A,A",supplychain_research-compliance-framework,direct-institutional-or-academic-extraction
A-RES-106-C20,A-RES-106,A,Page 12,5221 - 5581,361,CorpusA_Chunks\A-RES-106\A-RES-106-C20.txt,"M,A,A,A,A,A",supplychain_research-compliance-framework,direct-institutional-or-academic-extraction
A-RES-106-C21,A-RES-106,A,Page 13,5582 - 5831,250,CorpusA_Chunks\A-RES-106\A-RES-106-C21.txt,"M,A,A,A,A,A",supplychain_research-compliance-framework,direct-institutional-or-academic-extraction
A-RES-106-C22,A-RES-106,A,Page 13,5832 - 6081,250,CorpusA_Chunks\A-RES-106\A-RES-106-C22.txt,"M,A,A,A,A,A",supplychain_research-compliance-framework,direct-institutional-or-academic-extraction
A-RES-106-C23,A-RES-106,A,Page 13 to Page 14,6082 - 6331,250,CorpusA_Chunks\A-RES-106\A-RES-106-C23.txt,"M,A,A,A,A,A",supplychain_research-compliance-framework,direct-institutional-or-academic-extraction
A-RES-106-C24,A-RES-106,A,Page 14,6332 - 6581,250,CorpusA_Chunks\A-RES-106\A-RES-106-C24.txt,"M,A,A,A,A,A",supplychain_research-compliance-framework,direct-institutional-or-academic-extraction
A-RES-106-C25,A-RES-106,A,Page 14,6582 - 6831,250,CorpusA_Chunks\A-RES-106\A-RES-106-C25.txt,"M,A,A,A,A,A",supplychain_research-compliance-framework,direct-institutional-or-academic-extraction
A-RES-106-C26,A-RES-106,A,Page 14,6832 - 7112,281,CorpusA_Chunks\A-RES-106\A-RES-106-C26.txt,"M,A,A,A,A,A",supplychain_research-compliance-framework,direct-institutional-or-academic-extraction
A-RES-106-C27,A-RES-106,A,Page 15,7113 - 7362,250,CorpusA_Chunks\A-RES-106\A-RES-106-C27.txt,"M,A,A,A,A,A",supplychain_research-compliance-framework,direct-institutional-or-academic-extraction
A-RES-106-C28,A-RES-106,A,Page 15,7363 - 7612,250,CorpusA_Chunks\A-RES-106\A-RES-106-C28.txt,"M,A,A,A,A,A",supplychain_research-compliance-framework,direct-institutional-or-academic-extraction
A-RES-106-C29,A-RES-106,A,Page 15,7613 - 7947,335,CorpusA_Chunks\A-RES-106\A-RES-106-C29.txt,"M,A,A,A,A,A",supplychain_research-compliance-framework,direct-institutional-or-academic-extraction
A-RES-106-C30,A-RES-106,A,Page 16,7948 - 8197,250,CorpusA_Chunks\A-RES-106\A-RES-106-C30.txt,"M,A,A,A,A,A",supplychain_research-compliance-framework,direct-institutional-or-academic-extraction
A-RES-106-C31,A-RES-106,A,Page 16,8198 - 8447,250,CorpusA_Chunks\A-RES-106\A-RES-106-C31.txt,"M,A,A,A,A,A",supplychain_research-compliance-framework,direct-institutional-or-academic-extraction
A-RES-106-C32,A-RES-106,A,Page 16,8448 - 8723,276,CorpusA_Chunks\A-RES-106\A-RES-106-C32.txt,"M,A,A,A,A,A",supplychain_research-compliance-framework,direct-institutional-or-academic-extraction
A-RES-106-C33,A-RES-106,A,Page 17,8724 - 8973,250,CorpusA_Chunks\A-RES-106\A-RES-106-C33.txt,"M,A,A,A,A,A",supplychain_research-compliance-framework,direct-institutional-or-academic-extraction
A-RES-106-C34,A-RES-106,A,Page 17,8974 - 9223,250,CorpusA_Chunks\A-RES-106\A-RES-106-C34.txt,"M,A,A,A,A,A",supplychain_research-compliance-framework,direct-institutional-or-academic-extraction
A-RES-106-C35,A-RES-106,A,Page 17,9224 - 9496,273,CorpusA_Chunks\A-RES-106\A-RES-106-C35.txt,"M,A,A,A,A,A",supplychain_research-compliance-framework,direct-institutional-or-academic-extraction
A-RES-106-C36,A-RES-106,A,Page 18,9497 - 9746,250,CorpusA_Chunks\A-RES-106\A-RES-106-C36.txt,"M,A,A,A,A,A",supplychain_research-compliance-framework,direct-institutional-or-academic-extraction
A-RES-106-C37,A-RES-106,A,Page 18,9747 - 9996,250,CorpusA_Chunks\A-RES-106\A-RES-106-C37.txt,"M,A,A,A,A,A",supplychain_research-compliance-framework,direct-institutional-or-academic-extraction
A-RES-106-C38,A-RES-106,A,Page 18,9997 - 10278,282,CorpusA_Chunks\A-RES-106\A-RES-106-C38.txt,"M,A,A,A,A,A",supplychain_research-compliance-framework,direct-institutional-or-academic-extraction
A-RES-106-C39,A-RES-106,A,Page 19,10279 - 10528,250,CorpusA_Chunks\A-RES-106\A-RES-106-C39.txt,"M,A,A,A,A,A",supplychain_research-compliance-framework,direct-institutional-or-academic-extraction
A-RES-106-C40,A-RES-106,A,Page 19,10529 - 10778,250,CorpusA_Chunks\A-RES-106\A-RES-106-C40.txt,"M,A,A,A,A,A",supplychain_research-compliance-framework,direct-institutional-or-academic-extraction
A-RES-106-C41,A-RES-106,A,Page 19,10779 - 11079,301,CorpusA_Chunks\A-RES-106\A-RES-106-C41.txt,"M,A,A,A,A,A",supplychain_research-compliance-framework,direct-institutional-or-academic-extraction
A-RES-106-C42,A-RES-106,A,Page 20,11080 - 11329,250,CorpusA_Chunks\A-RES-106\A-RES-106-C42.txt,"M,A,A,A,A,A",supplychain_research-compliance-framework,direct-institutional-or-academic-extraction
A-RES-106-C43,A-RES-106,A,Page 20,11330 - 11579,250,CorpusA_Chunks\A-RES-106\A-RES-106-C43.txt,"M,A,A,A,A,A",supplychain_research-compliance-framework,direct-institutional-or-academic-extraction
A-RES-106-C44,A-RES-106,A,Page 20 to Page 21,11580 - 11829,250,CorpusA_Chunks\A-RES-106\A-RES-106-C44.txt,"M,A,A,A,A,A",supplychain_research-compliance-framework,direct-institutional-or-academic-extraction
A-RES-106-C45,A-RES-106,A,Page 21,11830 - 12079,250,CorpusA_Chunks\A-RES-106\A-RES-106-C45.txt,"M,A,A,A,A,A",supplychain_research-compliance-framework,direct-institutional-or-academic-extraction
A-RES-106-C46,A-RES-106,A,Page 21,12080 - 12473,394,CorpusA_Chunks\A-RES-106\A-RES-106-C46.txt,"M,A,A,A,A,A",supplychain_research-compliance-framework,direct-institutional-or-academic-extraction
A-RES-106-C47,A-RES-106,A,Page 22,12474 - 12723,250,CorpusA_Chunks\A-RES-106\A-RES-106-C47.txt,"M,A,A,A,A,A",supplychain_research-compliance-framework,direct-institutional-or-academic-extraction
A-RES-106-C48,A-RES-106,A,Page 22,12724 - 13038,315,CorpusA_Chunks\A-RES-106\A-RES-106-C48.txt,"M,A,A,A,A,A",supplychain_research-compliance-framework,direct-institutional-or-academic-extraction
A-RES-106-C49,A-RES-106,A,Page 23,13039 - 13288,250,CorpusA_Chunks\A-RES-106\A-RES-106-C49.txt,"M,A,A,A,A,A",supplychain_research-compliance-framework,direct-institutional-or-academic-extraction
A-RES-106-C50,A-RES-106,A,Page 23,13289 - 13538,250,CorpusA_Chunks\A-RES-106\A-RES-106-C50.txt,"M,A,A,A,A,A",supplychain_research-compliance-framework,direct-institutional-or-academic-extraction
A-RES-106-C51,A-RES-106,A,Page 23,13539 - 13906,368,CorpusA_Chunks\A-RES-106\A-RES-106-C51.txt,"M,A,A,A,A,A",supplychain_research-compliance-framework,direct-institutional-or-academic-extraction
A-RES-106-C52,A-RES-106,A,Page 24,13907 - 14156,250,CorpusA_Chunks\A-RES-106\A-RES-106-C52.txt,"M,A,A,A,A,A",supplychain_research-compliance-framework,direct-institutional-or-academic-extraction
A-RES-106-C53,A-RES-106,A,Page 24,14157 - 14406,250,CorpusA_Chunks\A-RES-106\A-RES-106-C53.txt,"M,A,A,A,A,A",supplychain_research-compliance-framework,direct-institutional-or-academic-extraction
A-RES-106-C54,A-RES-106,A,Page 24,14407 - 14750,344,CorpusA_Chunks\A-RES-106\A-RES-106-C54.txt,"M,A,A,A,A,A",supplychain_research-compliance-framework,direct-institutional-or-academic-extraction
A-RES-106-C55,A-RES-106,A,Page 25,14751 - 15000,250,CorpusA_Chunks\A-RES-106\A-RES-106-C55.txt,"M,A,A,A,A,A",supplychain_research-compliance-framework,direct-institutional-or-academic-extraction
A-RES-106-C56,A-RES-106,A,Page 25,15001 - 15250,250,CorpusA_Chunks\A-RES-106\A-RES-106-C56.txt,"M,A,A,A,A,A",supplychain_research-compliance-framework,direct-institutional-or-academic-extraction
A-RES-106-C57,A-RES-106,A,Page 25,15251 - 15643,393,CorpusA_Chunks\A-RES-106\A-RES-106-C57.txt,"M,A,A,A,A,A",supplychain_research-compliance-framework,direct-institutional-or-academic-extraction
A-RES-106-C58,A-RES-106,A,Page 26,15644 - 15782,139,CorpusA_Chunks\A-RES-106\A-RES-106-C58.txt,"M,A,A,A,A,A",supplychain_research-compliance-framework,direct-institutional-or-academic-extraction
A-EUDR-102-C01,A-EUDR-102,A,Page 1,1 - 250,250,CorpusA_Chunks\A-EUDR-102\A-EUDR-102-C01.txt,"M,A,A,A,A,A",eudr_csddd-compliance-framework,direct-institutional-or-academic-extraction
A-EUDR-102-C02,A-EUDR-102,A,Page 1,251 - 555,305,CorpusA_Chunks\A-EUDR-102\A-EUDR-102-C02.txt,"M,A,A,A,A,A",eudr_csddd-compliance-framework,direct-institutional-or-academic-extraction
A-EUDR-102-C03,A-EUDR-102,A,Page 2,556 - 805,250,CorpusA_Chunks\A-EUDR-102\A-EUDR-102-C03.txt,"M,A,A,A,A,A",eudr_csddd-compliance-framework,direct-institutional-or-academic-extraction
A-EUDR-102-C04,A-EUDR-102,A,Page 2,806 - 1196,391,CorpusA_Chunks\A-EUDR-102\A-EUDR-102-C04.txt,"M,A,A,A,A,A",eudr_csddd-compliance-framework,direct-institutional-or-academic-extraction
A-EUDR-102-C05,A-EUDR-102,A,Page 3,1197 - 1446,250,CorpusA_Chunks\A-EUDR-102\A-EUDR-102-C05.txt,"M,A,A,A,A,A",eudr_csddd-compliance-framework,direct-institutional-or-academic-extraction
A-EUDR-102-C06,A-EUDR-102,A,Page 3,1447 - 1795,349,CorpusA_Chunks\A-EUDR-102\A-EUDR-102-C06.txt,"M,A,A,A,A,A",eudr_csddd-compliance-framework,direct-institutional-or-academic-extraction
A-EUDR-102-C07,A-EUDR-102,A,Page 4,1796 - 2045,250,CorpusA_Chunks\A-EUDR-102\A-EUDR-102-C07.txt,"M,A,A,A,A,A",eudr_csddd-compliance-framework,direct-institutional-or-academic-extraction
A-EUDR-102-C08,A-EUDR-102,A,Page 4,2046 - 2390,345,CorpusA_Chunks\A-EUDR-102\A-EUDR-102-C08.txt,"M,A,A,A,A,A",eudr_csddd-compliance-framework,direct-institutional-or-academic-extraction
A-EUDR-102-C09,A-EUDR-102,A,Page 5,2391 - 2640,250,CorpusA_Chunks\A-EUDR-102\A-EUDR-102-C09.txt,"M,A,A,A,A,A",eudr_csddd-compliance-framework,direct-institutional-or-academic-extraction
A-EUDR-102-C10,A-EUDR-102,A,Page 5,2641 - 2958,318,CorpusA_Chunks\A-EUDR-102\A-EUDR-102-C10.txt,"M,A,A,A,A,A",eudr_csddd-compliance-framework,direct-institutional-or-academic-extraction
A-EUDR-102-C11,A-EUDR-102,A,Page 6,2959 - 3208,250,CorpusA_Chunks\A-EUDR-102\A-EUDR-102-C11.txt,"M,A,A,A,A,A",eudr_csddd-compliance-framework,direct-institutional-or-academic-extraction
A-EUDR-102-C12,A-EUDR-102,A,Page 6,3209 - 3532,324,CorpusA_Chunks\A-EUDR-102\A-EUDR-102-C12.txt,"M,A,A,A,A,A",eudr_csddd-compliance-framework,direct-institutional-or-academic-extraction
A-EUDR-102-C13,A-EUDR-102,A,Page 7,3533 - 3782,250,CorpusA_Chunks\A-EUDR-102\A-EUDR-102-C13.txt,"M,A,A,A,A,A",eudr_csddd-compliance-framework,direct-institutional-or-academic-extraction
A-EUDR-102-C14,A-EUDR-102,A,Page 7,3783 - 4032,250,CorpusA_Chunks\A-EUDR-102\A-EUDR-102-C14.txt,"M,A,A,A,A,A",eudr_csddd-compliance-framework,direct-institutional-or-academic-extraction
A-EUDR-102-C15,A-EUDR-102,A,Page 7 to Page 8,4033 - 4282,250,CorpusA_Chunks\A-EUDR-102\A-EUDR-102-C15.txt,"M,A,A,A,A,A",eudr_csddd-compliance-framework,direct-institutional-or-academic-extraction
A-EUDR-102-C16,A-EUDR-102,A,Page 8,4283 - 4532,250,CorpusA_Chunks\A-EUDR-102\A-EUDR-102-C16.txt,"M,A,A,A,A,A",eudr_csddd-compliance-framework,direct-institutional-or-academic-extraction
A-EUDR-102-C17,A-EUDR-102,A,Page 8,4533 - 4843,311,CorpusA_Chunks\A-EUDR-102\A-EUDR-102-C17.txt,"M,A,A,A,A,A",eudr_csddd-compliance-framework,direct-institutional-or-academic-extraction
A-EUDR-102-C18,A-EUDR-102,A,Page 9,4844 - 5093,250,CorpusA_Chunks\A-EUDR-102\A-EUDR-102-C18.txt,"M,A,A,A,A,A",eudr_csddd-compliance-framework,direct-institutional-or-academic-extraction
A-EUDR-102-C19,A-EUDR-102,A,Page 9,5094 - 5343,250,CorpusA_Chunks\A-EUDR-102\A-EUDR-102-C19.txt,"M,A,A,A,A,A",eudr_csddd-compliance-framework,direct-institutional-or-academic-extraction
A-EUDR-102-C20,A-EUDR-102,A,Page 9,5344 - 5611,268,CorpusA_Chunks\A-EUDR-102\A-EUDR-102-C20.txt,"M,A,A,A,A,A",eudr_csddd-compliance-framework,direct-institutional-or-academic-extraction
A-EUDR-102-C21,A-EUDR-102,A,Page 10,5612 - 5861,250,CorpusA_Chunks\A-EUDR-102\A-EUDR-102-C21.txt,"M,A,A,A,A,A",eudr_csddd-compliance-framework,direct-institutional-or-academic-extraction
A-EUDR-102-C22,A-EUDR-102,A,Page 10,5862 - 6111,250,CorpusA_Chunks\A-EUDR-102\A-EUDR-102-C22.txt,"M,A,A,A,A,A",eudr_csddd-compliance-framework,direct-institutional-or-academic-extraction
A-EUDR-102-C23,A-EUDR-102,A,Page 10,6112 - 6426,315,CorpusA_Chunks\A-EUDR-102\A-EUDR-102-C23.txt,"M,A,A,A,A,A",eudr_csddd-compliance-framework,direct-institutional-or-academic-extraction
A-EUDR-102-C24,A-EUDR-102,A,Page 11,6427 - 6676,250,CorpusA_Chunks\A-EUDR-102\A-EUDR-102-C24.txt,"M,A,A,A,A,A",eudr_csddd-compliance-framework,direct-institutional-or-academic-extraction
A-EUDR-102-C25,A-EUDR-102,A,Page 11,6677 - 6926,250,CorpusA_Chunks\A-EUDR-102\A-EUDR-102-C25.txt,"M,A,A,A,A,A",eudr_csddd-compliance-framework,direct-institutional-or-academic-extraction
A-EUDR-102-C26,A-EUDR-102,A,Page 11,6927 - 7256,330,CorpusA_Chunks\A-EUDR-102\A-EUDR-102-C26.txt,"M,A,A,A,A,A",eudr_csddd-compliance-framework,direct-institutional-or-academic-extraction
A-EUDR-102-C27,A-EUDR-102,A,Page 12,7257 - 7619,363,CorpusA_Chunks\A-EUDR-102\A-EUDR-102-C27.txt,"M,A,A,A,A,A",eudr_csddd-compliance-framework,direct-institutional-or-academic-extraction
A-MOFPI-102-C01,A-MOFPI-102,A,Page 2 to Page 4,1 - 313,313,CorpusA_Chunks\A-MOFPI-102\A-MOFPI-102-C01.txt,"A,A,A,A,A,A",mofpi_pib-compliance-framework,direct-institutional-or-academic-extraction
A-MOFPI-102-C02,A-MOFPI-102,A,Page 6,314 - 609,296,CorpusA_Chunks\A-MOFPI-102\A-MOFPI-102-C02.txt,"A,A,A,A,A,A",mofpi_pib-compliance-framework,direct-institutional-or-academic-extraction
A-MOFPI-102-C03,A-MOFPI-102,A,Page 7,610 - 859,250,CorpusA_Chunks\A-MOFPI-102\A-MOFPI-102-C03.txt,"A,A,A,A,A,A",mofpi_pib-compliance-framework,direct-institutional-or-academic-extraction
A-MOFPI-102-C04,A-MOFPI-102,A,Page 7,860 - 1242,383,CorpusA_Chunks\A-MOFPI-102\A-MOFPI-102-C04.txt,"A,A,A,A,A,A",mofpi_pib-compliance-framework,direct-institutional-or-academic-extraction
A-MOFPI-102-C05,A-MOFPI-102,A,Page 8 to Page 9,1243 - 1492,250,CorpusA_Chunks\A-MOFPI-102\A-MOFPI-102-C05.txt,"A,A,A,A,A,A",mofpi_pib-compliance-framework,direct-institutional-or-academic-extraction
A-MOFPI-102-C06,A-MOFPI-102,A,Page 9,1493 - 1872,380,CorpusA_Chunks\A-MOFPI-102\A-MOFPI-102-C06.txt,"A,A,A,A,A,A",mofpi_pib-compliance-framework,direct-institutional-or-academic-extraction
A-MOFPI-102-C07,A-MOFPI-102,A,Page 10 to Page 11,1873 - 2122,250,CorpusA_Chunks\A-MOFPI-102\A-MOFPI-102-C07.txt,"A,A,A,A,A,A",mofpi_pib-compliance-framework,direct-institutional-or-academic-extraction
A-MOFPI-102-C08,A-MOFPI-102,A,Page 11,2123 - 2507,385,CorpusA_Chunks\A-MOFPI-102\A-MOFPI-102-C08.txt,"A,A,A,A,A,A",mofpi_pib-compliance-framework,direct-institutional-or-academic-extraction
A-MOFPI-102-C09,A-MOFPI-102,A,Page 12,2508 - 2834,327,CorpusA_Chunks\A-MOFPI-102\A-MOFPI-102-C09.txt,"A,A,A,A,A,A",mofpi_pib-compliance-framework,direct-institutional-or-academic-extraction
A-MOFPI-102-C10,A-MOFPI-102,A,Page 13,2835 - 3084,250,CorpusA_Chunks\A-MOFPI-102\A-MOFPI-102-C10.txt,"A,A,A,A,A,A",mofpi_pib-compliance-framework,direct-institutional-or-academic-extraction
A-MOFPI-102-C11,A-MOFPI-102,A,Page 13,3085 - 3425,341,CorpusA_Chunks\A-MOFPI-102\A-MOFPI-102-C11.txt,"A,A,A,A,A,A",mofpi_pib-compliance-framework,direct-institutional-or-academic-extraction
A-MOFPI-102-C12,A-MOFPI-102,A,Page 14 to Page 15,3426 - 3675,250,CorpusA_Chunks\A-MOFPI-102\A-MOFPI-102-C12.txt,"A,A,A,A,A,A",mofpi_pib-compliance-framework,direct-institutional-or-academic-extraction
A-MOFPI-102-C13,A-MOFPI-102,A,Page 15,3676 - 3985,310,CorpusA_Chunks\A-MOFPI-102\A-MOFPI-102-C13.txt,"A,A,A,A,A,A",mofpi_pib-compliance-framework,direct-institutional-or-academic-extraction
A-MOFPI-102-C14,A-MOFPI-102,A,Page 16,3986 - 4355,370,CorpusA_Chunks\A-MOFPI-102\A-MOFPI-102-C14.txt,"A,A,A,A,A,A",mofpi_pib-compliance-framework,direct-institutional-or-academic-extraction
A-MOFPI-102-C15,A-MOFPI-102,A,Page 17,4356 - 4605,250,CorpusA_Chunks\A-MOFPI-102\A-MOFPI-102-C15.txt,"A,A,A,A,A,A",mofpi_pib-compliance-framework,direct-institutional-or-academic-extraction
A-MOFPI-102-C16,A-MOFPI-102,A,Page 17,4606 - 4988,383,CorpusA_Chunks\A-MOFPI-102\A-MOFPI-102-C16.txt,"A,A,A,A,A,A",mofpi_pib-compliance-framework,direct-institutional-or-academic-extraction
A-MOFPI-102-C17,A-MOFPI-102,A,Page 18,4989 - 5258,270,CorpusA_Chunks\A-MOFPI-102\A-MOFPI-102-C17.txt,"A,A,A,A,A,A",mofpi_pib-compliance-framework,direct-institutional-or-academic-extraction
A-MOFPI-102-C18,A-MOFPI-102,A,Page 19,5259 - 5508,250,CorpusA_Chunks\A-MOFPI-102\A-MOFPI-102-C18.txt,"A,A,A,A,A,A",mofpi_pib-compliance-framework,direct-institutional-or-academic-extraction
A-MOFPI-102-C19,A-MOFPI-102,A,Page 19,5509 - 5871,363,CorpusA_Chunks\A-MOFPI-102\A-MOFPI-102-C19.txt,"A,A,A,A,A,A",mofpi_pib-compliance-framework,direct-institutional-or-academic-extraction
A-MOFPI-102-C20,A-MOFPI-102,A,Page 20 to Page 21,5872 - 6121,250,CorpusA_Chunks\A-MOFPI-102\A-MOFPI-102-C20.txt,"A,A,A,A,A,A",mofpi_pib-compliance-framework,direct-institutional-or-academic-extraction
A-MOFPI-102-C21,A-MOFPI-102,A,Page 21,6122 - 6371,250,CorpusA_Chunks\A-MOFPI-102\A-MOFPI-102-C21.txt,"A,A,A,A,A,A",mofpi_pib-compliance-framework,direct-institutional-or-academic-extraction
A-MOFPI-102-C22,A-MOFPI-102,A,Page 21,6372 - 6756,385,CorpusA_Chunks\A-MOFPI-102\A-MOFPI-102-C22.txt,"A,A,A,A,A,A",mofpi_pib-compliance-framework,direct-institutional-or-academic-extraction
A-MOFPI-102-C23,A-MOFPI-102,A,Page 22,6757 - 7119,363,CorpusA_Chunks\A-MOFPI-102\A-MOFPI-102-C23.txt,"A,A,A,A,A,A",mofpi_pib-compliance-framework,direct-institutional-or-academic-extraction
A-MOFPI-102-C24,A-MOFPI-102,A,Page 23,7120 - 7369,250,CorpusA_Chunks\A-MOFPI-102\A-MOFPI-102-C24.txt,"A,A,A,A,A,A",mofpi_pib-compliance-framework,direct-institutional-or-academic-extraction
A-MOFPI-102-C25,A-MOFPI-102,A,Page 23,7370 - 7619,250,CorpusA_Chunks\A-MOFPI-102\A-MOFPI-102-C25.txt,"A,A,A,A,A,A",mofpi_pib-compliance-framework,direct-institutional-or-academic-extraction
A-MOFPI-102-C26,A-MOFPI-102,A,Page 23 to Page 24,7620 - 7869,250,CorpusA_Chunks\A-MOFPI-102\A-MOFPI-102-C26.txt,"A,A,A,A,A,A",mofpi_pib-compliance-framework,direct-institutional-or-academic-extraction
A-MOFPI-102-C27,A-MOFPI-102,A,Page 24,7870 - 8174,305,CorpusA_Chunks\A-MOFPI-102\A-MOFPI-102-C27.txt,"A,A,A,A,A,A",mofpi_pib-compliance-framework,direct-institutional-or-academic-extraction
A-MOFPI-102-C28,A-MOFPI-102,A,Page 25,8175 - 8424,250,CorpusA_Chunks\A-MOFPI-102\A-MOFPI-102-C28.txt,"A,A,A,A,A,A",mofpi_pib-compliance-framework,direct-institutional-or-academic-extraction
A-MOFPI-102-C29,A-MOFPI-102,A,Page 25,8425 - 8674,250,CorpusA_Chunks\A-MOFPI-102\A-MOFPI-102-C29.txt,"A,A,A,A,A,A",mofpi_pib-compliance-framework,direct-institutional-or-academic-extraction
A-MOFPI-102-C30,A-MOFPI-102,A,Page 25,8675 - 8934,260,CorpusA_Chunks\A-MOFPI-102\A-MOFPI-102-C30.txt,"A,A,A,A,A,A",mofpi_pib-compliance-framework,direct-institutional-or-academic-extraction
A-MOFPI-102-C31,A-MOFPI-102,A,Page 26,8935 - 9254,320,CorpusA_Chunks\A-MOFPI-102\A-MOFPI-102-C31.txt,"A,A,A,A,A,A",mofpi_pib-compliance-framework,direct-institutional-or-academic-extraction
A-MOFPI-102-C32,A-MOFPI-102,A,Page 27,9255 - 9504,250,CorpusA_Chunks\A-MOFPI-102\A-MOFPI-102-C32.txt,"A,A,A,A,A,A",mofpi_pib-compliance-framework,direct-institutional-or-academic-extraction
A-MOFPI-102-C33,A-MOFPI-102,A,Page 27,9505 - 9754,250,CorpusA_Chunks\A-MOFPI-102\A-MOFPI-102-C33.txt,"A,A,A,A,A,A",mofpi_pib-compliance-framework,direct-institutional-or-academic-extraction
A-MOFPI-102-C34,A-MOFPI-102,A,Page 27 to Page 28,9755 - 10004,250,CorpusA_Chunks\A-MOFPI-102\A-MOFPI-102-C34.txt,"A,A,A,A,A,A",mofpi_pib-compliance-framework,direct-institutional-or-academic-extraction
A-MOFPI-102-C35,A-MOFPI-102,A,Page 28,10005 - 10361,357,CorpusA_Chunks\A-MOFPI-102\A-MOFPI-102-C35.txt,"A,A,A,A,A,A",mofpi_pib-compliance-framework,direct-institutional-or-academic-extraction
A-MOFPI-102-C36,A-MOFPI-102,A,Page 29,10362 - 10611,250,CorpusA_Chunks\A-MOFPI-102\A-MOFPI-102-C36.txt,"A,A,A,A,A,A",mofpi_pib-compliance-framework,direct-institutional-or-academic-extraction
A-MOFPI-102-C37,A-MOFPI-102,A,Page 29,10612 - 10861,250,CorpusA_Chunks\A-MOFPI-102\A-MOFPI-102-C37.txt,"A,A,A,A,A,A",mofpi_pib-compliance-framework,direct-institutional-or-academic-extraction
A-MOFPI-102-C38,A-MOFPI-102,A,Page 29 to Page 30,10862 - 11111,250,CorpusA_Chunks\A-MOFPI-102\A-MOFPI-102-C38.txt,"A,A,A,A,A,A",mofpi_pib-compliance-framework,direct-institutional-or-academic-extraction
A-MOFPI-102-C39,A-MOFPI-102,A,Page 30,11112 - 11394,283,CorpusA_Chunks\A-MOFPI-102\A-MOFPI-102-C39.txt,"A,A,A,A,A,A",mofpi_pib-compliance-framework,direct-institutional-or-academic-extraction
A-MOFPI-102-C40,A-MOFPI-102,A,Page 31,11395 - 11644,250,CorpusA_Chunks\A-MOFPI-102\A-MOFPI-102-C40.txt,"A,A,A,A,A,A",mofpi_pib-compliance-framework,direct-institutional-or-academic-extraction
A-MOFPI-102-C41,A-MOFPI-102,A,Page 31,11645 - 11894,250,CorpusA_Chunks\A-MOFPI-102\A-MOFPI-102-C41.txt,"A,A,A,A,A,A",mofpi_pib-compliance-framework,direct-institutional-or-academic-extraction
A-MOFPI-102-C42,A-MOFPI-102,A,Page 31 to Page 32,11895 - 12144,250,CorpusA_Chunks\A-MOFPI-102\A-MOFPI-102-C42.txt,"A,A,A,A,A,A",mofpi_pib-compliance-framework,direct-institutional-or-academic-extraction
A-MOFPI-102-C43,A-MOFPI-102,A,Page 32,12145 - 12394,250,CorpusA_Chunks\A-MOFPI-102\A-MOFPI-102-C43.txt,"A,A,A,A,A,A",mofpi_pib-compliance-framework,direct-institutional-or-academic-extraction
A-MOFPI-102-C44,A-MOFPI-102,A,Page 32 to Page 33,12395 - 12644,250,CorpusA_Chunks\A-MOFPI-102\A-MOFPI-102-C44.txt,"A,A,A,A,A,A",mofpi_pib-compliance-framework,direct-institutional-or-academic-extraction
A-MOFPI-102-C45,A-MOFPI-102,A,Page 33,12645 - 12894,250,CorpusA_Chunks\A-MOFPI-102\A-MOFPI-102-C45.txt,"A,A,A,A,A,A",mofpi_pib-compliance-framework,direct-institutional-or-academic-extraction
A-MOFPI-102-C46,A-MOFPI-102,A,Page 33,12895 - 13232,338,CorpusA_Chunks\A-MOFPI-102\A-MOFPI-102-C46.txt,"A,A,A,A,A,A",mofpi_pib-compliance-framework,direct-institutional-or-academic-extraction
A-MOFPI-102-C47,A-MOFPI-102,A,Page 34,13233 - 13598,366,CorpusA_Chunks\A-MOFPI-102\A-MOFPI-102-C47.txt,"A,A,A,A,A,A",mofpi_pib-compliance-framework,direct-institutional-or-academic-extraction
A-MOFPI-102-C48,A-MOFPI-102,A,Page 35,13599 - 13848,250,CorpusA_Chunks\A-MOFPI-102\A-MOFPI-102-C48.txt,"A,A,A,A,A,A",mofpi_pib-compliance-framework,direct-institutional-or-academic-extraction
A-MOFPI-102-C49,A-MOFPI-102,A,Page 35,13849 - 14105,257,CorpusA_Chunks\A-MOFPI-102\A-MOFPI-102-C49.txt,"A,A,A,A,A,A",mofpi_pib-compliance-framework,direct-institutional-or-academic-extraction
A-MOFPI-102-C50,A-MOFPI-102,A,Page 36,14106 - 14452,347,CorpusA_Chunks\A-MOFPI-102\A-MOFPI-102-C50.txt,"A,A,A,A,A,A",mofpi_pib-compliance-framework,direct-institutional-or-academic-extraction
A-MOFPI-102-C51,A-MOFPI-102,A,Page 37,14453 - 14702,250,CorpusA_Chunks\A-MOFPI-102\A-MOFPI-102-C51.txt,"A,A,A,A,A,A",mofpi_pib-compliance-framework,direct-institutional-or-academic-extraction
A-MOFPI-102-C52,A-MOFPI-102,A,Page 37,14703 - 14952,250,CorpusA_Chunks\A-MOFPI-102\A-MOFPI-102-C52.txt,"A,A,A,A,A,A",mofpi_pib-compliance-framework,direct-institutional-or-academic-extraction
A-MOFPI-102-C53,A-MOFPI-102,A,Page 37 to Page 38,14953 - 15202,250,CorpusA_Chunks\A-MOFPI-102\A-MOFPI-102-C53.txt,"A,A,A,A,A,A",mofpi_pib-compliance-framework,direct-institutional-or-academic-extraction
A-MOFPI-102-C54,A-MOFPI-102,A,Page 38 to Page 39,15203 - 15452,250,CorpusA_Chunks\A-MOFPI-102\A-MOFPI-102-C54.txt,"A,A,A,A,A,A",mofpi_pib-compliance-framework,direct-institutional-or-academic-extraction
A-MOFPI-102-C55,A-MOFPI-102,A,Page 39,15453 - 15702,250,CorpusA_Chunks\A-MOFPI-102\A-MOFPI-102-C55.txt,"A,A,A,A,A,A",mofpi_pib-compliance-framework,direct-institutional-or-academic-extraction
A-MOFPI-102-C56,A-MOFPI-102,A,Page 39 to Page 40,15703 - 16002,300,CorpusA_Chunks\A-MOFPI-102\A-MOFPI-102-C56.txt,"A,A,A,A,A,A",mofpi_pib-compliance-framework,direct-institutional-or-academic-extraction
A-MOFPI-102-C57,A-MOFPI-102,A,Page 41 to Page 42,16003 - 16252,250,CorpusA_Chunks\A-MOFPI-102\A-MOFPI-102-C57.txt,"A,A,A,A,A,A",mofpi_pib-compliance-framework,direct-institutional-or-academic-extraction
A-MOFPI-102-C58,A-MOFPI-102,A,Page 42,16253 - 16514,262,CorpusA_Chunks\A-MOFPI-102\A-MOFPI-102-C58.txt,"A,A,A,A,A,A",mofpi_pib-compliance-framework,direct-institutional-or-academic-extraction
A-MOFPI-102-C59,A-MOFPI-102,A,Page 43,16515 - 16764,250,CorpusA_Chunks\A-MOFPI-102\A-MOFPI-102-C59.txt,"A,A,A,A,A,A",mofpi_pib-compliance-framework,direct-institutional-or-academic-extraction
A-MOFPI-102-C60,A-MOFPI-102,A,Page 43 to Page 44,16765 - 17014,250,CorpusA_Chunks\A-MOFPI-102\A-MOFPI-102-C60.txt,"A,A,A,A,A,A",mofpi_pib-compliance-framework,direct-institutional-or-academic-extraction
A-MOFPI-102-C61,A-MOFPI-102,A,Page 44 to Page 45,17015 - 17264,250,CorpusA_Chunks\A-MOFPI-102\A-MOFPI-102-C61.txt,"A,A,A,A,A,A",mofpi_pib-compliance-framework,direct-institutional-or-academic-extraction
A-MOFPI-102-C62,A-MOFPI-102,A,Page 45,17265 - 17582,318,CorpusA_Chunks\A-MOFPI-102\A-MOFPI-102-C62.txt,"A,A,A,A,A,A",mofpi_pib-compliance-framework,direct-institutional-or-academic-extraction
A-MOFPI-102-C63,A-MOFPI-102,A,Page 46 to Page 47,17583 - 17839,257,CorpusA_Chunks\A-MOFPI-102\A-MOFPI-102-C63.txt,"A,A,A,A,A,A",mofpi_pib-compliance-framework,direct-institutional-or-academic-extraction
A-CSR-101-C01,A-CSR-101,A,Page 1,1 - 250,250,CorpusA_Chunks\A-CSR-101\A-CSR-101-C01.txt,"M,A,A,A,A,A",csr-compliance-framework,direct-institutional-or-academic-extraction
A-CSR-101-C02,A-CSR-101,A,Page 1,251 - 500,250,CorpusA_Chunks\A-CSR-101\A-CSR-101-C02.txt,"M,A,A,A,A,A",csr-compliance-framework,direct-institutional-or-academic-extraction
A-CSR-101-C03,A-CSR-101,A,Page 1 to Page 2,501 - 750,250,CorpusA_Chunks\A-CSR-101\A-CSR-101-C03.txt,"M,A,A,A,A,A",csr-compliance-framework,direct-institutional-or-academic-extraction
A-CSR-101-C04,A-CSR-101,A,Page 2,751 - 1000,250,CorpusA_Chunks\A-CSR-101\A-CSR-101-C04.txt,"M,A,A,A,A,A",csr-compliance-framework,direct-institutional-or-academic-extraction
A-CSR-101-C05,A-CSR-101,A,Page 2,1001 - 1250,250,CorpusA_Chunks\A-CSR-101\A-CSR-101-C05.txt,"M,A,A,A,A,A",csr-compliance-framework,direct-institutional-or-academic-extraction
A-CSR-101-C06,A-CSR-101,A,Page 2,1251 - 1500,250,CorpusA_Chunks\A-CSR-101\A-CSR-101-C06.txt,"M,A,A,A,A,A",csr-compliance-framework,direct-institutional-or-academic-extraction
A-CSR-101-C07,A-CSR-101,A,Page 2,1501 - 1750,250,CorpusA_Chunks\A-CSR-101\A-CSR-101-C07.txt,"M,A,A,A,A,A",csr-compliance-framework,direct-institutional-or-academic-extraction
A-CSR-101-C08,A-CSR-101,A,Page 2,1751 - 2000,250,CorpusA_Chunks\A-CSR-101\A-CSR-101-C08.txt,"M,A,A,A,A,A",csr-compliance-framework,direct-institutional-or-academic-extraction
A-CSR-101-C09,A-CSR-101,A,Page 2 to Page 3,2001 - 2250,250,CorpusA_Chunks\A-CSR-101\A-CSR-101-C09.txt,"M,A,A,A,A,A",csr-compliance-framework,direct-institutional-or-academic-extraction
A-CSR-101-C10,A-CSR-101,A,Page 3,2251 - 2500,250,CorpusA_Chunks\A-CSR-101\A-CSR-101-C10.txt,"M,A,A,A,A,A",csr-compliance-framework,direct-institutional-or-academic-extraction
A-CSR-101-C11,A-CSR-101,A,Page 3,2501 - 2750,250,CorpusA_Chunks\A-CSR-101\A-CSR-101-C11.txt,"M,A,A,A,A,A",csr-compliance-framework,direct-institutional-or-academic-extraction
A-CSR-101-C12,A-CSR-101,A,Page 3,2751 - 3000,250,CorpusA_Chunks\A-CSR-101\A-CSR-101-C12.txt,"M,A,A,A,A,A",csr-compliance-framework,direct-institutional-or-academic-extraction
A-CSR-101-C13,A-CSR-101,A,Page 3,3001 - 3250,250,CorpusA_Chunks\A-CSR-101\A-CSR-101-C13.txt,"M,A,A,A,A,A",csr-compliance-framework,direct-institutional-or-academic-extraction
A-CSR-101-C14,A-CSR-101,A,Page 3,3251 - 3500,250,CorpusA_Chunks\A-CSR-101\A-CSR-101-C14.txt,"M,A,A,A,A,A",csr-compliance-framework,direct-institutional-or-academic-extraction
A-CSR-101-C15,A-CSR-101,A,Page 3 to Page 4,3501 - 3750,250,CorpusA_Chunks\A-CSR-101\A-CSR-101-C15.txt,"M,A,A,A,A,A",csr-compliance-framework,direct-institutional-or-academic-extraction
A-CSR-101-C16,A-CSR-101,A,Page 4,3751 - 4000,250,CorpusA_Chunks\A-CSR-101\A-CSR-101-C16.txt,"M,A,A,A,A,A",csr-compliance-framework,direct-institutional-or-academic-extraction
A-CSR-101-C17,A-CSR-101,A,Page 4,4001 - 4250,250,CorpusA_Chunks\A-CSR-101\A-CSR-101-C17.txt,"M,A,A,A,A,A",csr-compliance-framework,direct-institutional-or-academic-extraction
A-CSR-101-C18,A-CSR-101,A,Page 4,4251 - 4500,250,CorpusA_Chunks\A-CSR-101\A-CSR-101-C18.txt,"M,A,A,A,A,A",csr-compliance-framework,direct-institutional-or-academic-extraction
A-CSR-101-C19,A-CSR-101,A,Page 4,4501 - 4750,250,CorpusA_Chunks\A-CSR-101\A-CSR-101-C19.txt,"M,A,A,A,A,A",csr-compliance-framework,direct-institutional-or-academic-extraction
A-CSR-101-C20,A-CSR-101,A,Page 4,4751 - 5000,250,CorpusA_Chunks\A-CSR-101\A-CSR-101-C20.txt,"M,A,A,A,A,A",csr-compliance-framework,direct-institutional-or-academic-extraction
A-CSR-101-C21,A-CSR-101,A,Page 4 to Page 5,5001 - 5250,250,CorpusA_Chunks\A-CSR-101\A-CSR-101-C21.txt,"M,A,A,A,A,A",csr-compliance-framework,direct-institutional-or-academic-extraction
A-CSR-101-C22,A-CSR-101,A,Page 5,5251 - 5500,250,CorpusA_Chunks\A-CSR-101\A-CSR-101-C22.txt,"M,A,A,A,A,A",csr-compliance-framework,direct-institutional-or-academic-extraction
A-CSR-101-C23,A-CSR-101,A,Page 5,5501 - 5750,250,CorpusA_Chunks\A-CSR-101\A-CSR-101-C23.txt,"M,A,A,A,A,A",csr-compliance-framework,direct-institutional-or-academic-extraction
A-CSR-101-C24,A-CSR-101,A,Page 5,5751 - 6000,250,CorpusA_Chunks\A-CSR-101\A-CSR-101-C24.txt,"M,A,A,A,A,A",csr-compliance-framework,direct-institutional-or-academic-extraction
A-CSR-101-C25,A-CSR-101,A,Page 5,6001 - 6250,250,CorpusA_Chunks\A-CSR-101\A-CSR-101-C25.txt,"M,A,A,A,A,A",csr-compliance-framework,direct-institutional-or-academic-extraction
A-CSR-101-C26,A-CSR-101,A,Page 5,6251 - 6521,271,CorpusA_Chunks\A-CSR-101\A-CSR-101-C26.txt,"M,A,A,A,A,A",csr-compliance-framework,direct-institutional-or-academic-extraction
A-CSR-101-C27,A-CSR-101,A,Page 6,6522 - 6771,250,CorpusA_Chunks\A-CSR-101\A-CSR-101-C27.txt,"M,A,A,A,A,A",csr-compliance-framework,direct-institutional-or-academic-extraction
A-CSR-101-C28,A-CSR-101,A,Page 6,6772 - 7021,250,CorpusA_Chunks\A-CSR-101\A-CSR-101-C28.txt,"M,A,A,A,A,A",csr-compliance-framework,direct-institutional-or-academic-extraction
A-CSR-101-C29,A-CSR-101,A,Page 6,7022 - 7393,372,CorpusA_Chunks\A-CSR-101\A-CSR-101-C29.txt,"M,A,A,A,A,A",csr-compliance-framework,direct-institutional-or-academic-extraction
A-CSR-101-C30,A-CSR-101,A,Page 7,7394 - 7643,250,CorpusA_Chunks\A-CSR-101\A-CSR-101-C30.txt,"M,A,A,A,A,A",csr-compliance-framework,direct-institutional-or-academic-extraction
A-CSR-101-C31,A-CSR-101,A,Page 7,7644 - 7893,250,CorpusA_Chunks\A-CSR-101\A-CSR-101-C31.txt,"M,A,A,A,A,A",csr-compliance-framework,direct-institutional-or-academic-extraction
A-CSR-101-C32,A-CSR-101,A,Page 7,7894 - 8143,250,CorpusA_Chunks\A-CSR-101\A-CSR-101-C32.txt,"M,A,A,A,A,A",csr-compliance-framework,direct-institutional-or-academic-extraction
A-CSR-101-C33,A-CSR-101,A,Page 7,8144 - 8532,389,CorpusA_Chunks\A-CSR-101\A-CSR-101-C33.txt,"M,A,A,A,A,A",csr-compliance-framework,direct-institutional-or-academic-extraction
A-CSR-101-C34,A-CSR-101,A,Page 8,8533 - 8782,250,CorpusA_Chunks\A-CSR-101\A-CSR-101-C34.txt,"M,A,A,A,A,A",csr-compliance-framework,direct-institutional-or-academic-extraction
A-CSR-101-C35,A-CSR-101,A,Page 8,8783 - 9032,250,CorpusA_Chunks\A-CSR-101\A-CSR-101-C35.txt,"M,A,A,A,A,A",csr-compliance-framework,direct-institutional-or-academic-extraction
A-CSR-101-C36,A-CSR-101,A,Page 8,9033 - 9282,250,CorpusA_Chunks\A-CSR-101\A-CSR-101-C36.txt,"M,A,A,A,A,A",csr-compliance-framework,direct-institutional-or-academic-extraction
A-CSR-101-C37,A-CSR-101,A,Page 8,9283 - 9532,250,CorpusA_Chunks\A-CSR-101\A-CSR-101-C37.txt,"M,A,A,A,A,A",csr-compliance-framework,direct-institutional-or-academic-extraction
A-CSR-101-C38,A-CSR-101,A,Page 8,9533 - 9782,250,CorpusA_Chunks\A-CSR-101\A-CSR-101-C38.txt,"M,A,A,A,A,A",csr-compliance-framework,direct-institutional-or-academic-extraction
A-CSR-101-C39,A-CSR-101,A,Page 8 to Page 9,9783 - 10032,250,CorpusA_Chunks\A-CSR-101\A-CSR-101-C39.txt,"M,A,A,A,A,A",csr-compliance-framework,direct-institutional-or-academic-extraction
A-CSR-101-C40,A-CSR-101,A,Page 9,10033 - 10282,250,CorpusA_Chunks\A-CSR-101\A-CSR-101-C40.txt,"M,A,A,A,A,A",csr-compliance-framework,direct-institutional-or-academic-extraction
A-CSR-101-C41,A-CSR-101,A,Page 9,10283 - 10532,250,CorpusA_Chunks\A-CSR-101\A-CSR-101-C41.txt,"M,A,A,A,A,A",csr-compliance-framework,direct-institutional-or-academic-extraction
A-CSR-101-C42,A-CSR-101,A,Page 9,10533 - 10782,250,CorpusA_Chunks\A-CSR-101\A-CSR-101-C42.txt,"M,A,A,A,A,A",csr-compliance-framework,direct-institutional-or-academic-extraction
A-CSR-101-C43,A-CSR-101,A,Page 9,10783 - 11032,250,CorpusA_Chunks\A-CSR-101\A-CSR-101-C43.txt,"M,A,A,A,A,A",csr-compliance-framework,direct-institutional-or-academic-extraction
A-CSR-101-C44,A-CSR-101,A,Page 9,11033 - 11359,327,CorpusA_Chunks\A-CSR-101\A-CSR-101-C44.txt,"M,A,A,A,A,A",csr-compliance-framework,direct-institutional-or-academic-extraction
A-CSR-101-C45,A-CSR-101,A,Page 10,11360 - 11609,250,CorpusA_Chunks\A-CSR-101\A-CSR-101-C45.txt,"M,A,A,A,A,A",csr-compliance-framework,direct-institutional-or-academic-extraction
A-CSR-101-C46,A-CSR-101,A,Page 10,11610 - 11859,250,CorpusA_Chunks\A-CSR-101\A-CSR-101-C46.txt,"M,A,A,A,A,A",csr-compliance-framework,direct-institutional-or-academic-extraction
A-CSR-101-C47,A-CSR-101,A,Page 10,11860 - 12109,250,CorpusA_Chunks\A-CSR-101\A-CSR-101-C47.txt,"M,A,A,A,A,A",csr-compliance-framework,direct-institutional-or-academic-extraction
A-CSR-101-C48,A-CSR-101,A,Page 10,12110 - 12359,250,CorpusA_Chunks\A-CSR-101\A-CSR-101-C48.txt,"M,A,A,A,A,A",csr-compliance-framework,direct-institutional-or-academic-extraction
A-CSR-101-C49,A-CSR-101,A,Page 10,12360 - 12731,372,CorpusA_Chunks\A-CSR-101\A-CSR-101-C49.txt,"M,A,A,A,A,A",csr-compliance-framework,direct-institutional-or-academic-extraction
A-CSR-101-C50,A-CSR-101,A,Page 11,12732 - 12981,250,CorpusA_Chunks\A-CSR-101\A-CSR-101-C50.txt,"M,A,A,A,A,A",csr-compliance-framework,direct-institutional-or-academic-extraction
A-CSR-101-C51,A-CSR-101,A,Page 11,12982 - 13231,250,CorpusA_Chunks\A-CSR-101\A-CSR-101-C51.txt,"M,A,A,A,A,A",csr-compliance-framework,direct-institutional-or-academic-extraction
A-CSR-101-C52,A-CSR-101,A,Page 11,13232 - 13481,250,CorpusA_Chunks\A-CSR-101\A-CSR-101-C52.txt,"M,A,A,A,A,A",csr-compliance-framework,direct-institutional-or-academic-extraction
A-CSR-101-C53,A-CSR-101,A,Page 11,13482 - 13731,250,CorpusA_Chunks\A-CSR-101\A-CSR-101-C53.txt,"M,A,A,A,A,A",csr-compliance-framework,direct-institutional-or-academic-extraction
A-CSR-101-C54,A-CSR-101,A,Page 11,13732 - 13981,250,CorpusA_Chunks\A-CSR-101\A-CSR-101-C54.txt,"M,A,A,A,A,A",csr-compliance-framework,direct-institutional-or-academic-extraction
A-CSR-101-C55,A-CSR-101,A,Page 11 to Page 12,13982 - 14231,250,CorpusA_Chunks\A-CSR-101\A-CSR-101-C55.txt,"M,A,A,A,A,A",csr-compliance-framework,direct-institutional-or-academic-extraction
A-CSR-101-C56,A-CSR-101,A,Page 12,14232 - 14481,250,CorpusA_Chunks\A-CSR-101\A-CSR-101-C56.txt,"M,A,A,A,A,A",csr-compliance-framework,direct-institutional-or-academic-extraction
A-CSR-101-C57,A-CSR-101,A,Page 12,14482 - 14731,250,CorpusA_Chunks\A-CSR-101\A-CSR-101-C57.txt,"M,A,A,A,A,A",csr-compliance-framework,direct-institutional-or-academic-extraction
A-CSR-101-C58,A-CSR-101,A,Page 12,14732 - 14981,250,CorpusA_Chunks\A-CSR-101\A-CSR-101-C58.txt,"M,A,A,A,A,A",csr-compliance-framework,direct-institutional-or-academic-extraction
A-CSR-101-C59,A-CSR-101,A,Page 12 to Page 13,14982 - 15231,250,CorpusA_Chunks\A-CSR-101\A-CSR-101-C59.txt,"M,A,A,A,A,A",csr-compliance-framework,direct-institutional-or-academic-extraction
A-CSR-101-C60,A-CSR-101,A,Page 13,15232 - 15481,250,CorpusA_Chunks\A-CSR-101\A-CSR-101-C60.txt,"M,A,A,A,A,A",csr-compliance-framework,direct-institutional-or-academic-extraction
A-CSR-101-C61,A-CSR-101,A,Page 13,15482 - 15731,250,CorpusA_Chunks\A-CSR-101\A-CSR-101-C61.txt,"M,A,A,A,A,A",csr-compliance-framework,direct-institutional-or-academic-extraction
A-CSR-101-C62,A-CSR-101,A,Page 13,15732 - 16123,392,CorpusA_Chunks\A-CSR-101\A-CSR-101-C62.txt,"M,A,A,A,A,A",csr-compliance-framework,direct-institutional-or-academic-extraction
A-CSR-101-C63,A-CSR-101,A,Page 14,16124 - 16373,250,CorpusA_Chunks\A-CSR-101\A-CSR-101-C63.txt,"M,A,A,A,A,A",csr-compliance-framework,direct-institutional-or-academic-extraction
A-CSR-101-C64,A-CSR-101,A,Page 14,16374 - 16623,250,CorpusA_Chunks\A-CSR-101\A-CSR-101-C64.txt,"M,A,A,A,A,A",csr-compliance-framework,direct-institutional-or-academic-extraction
A-CSR-101-C65,A-CSR-101,A,Page 14,16624 - 16873,250,CorpusA_Chunks\A-CSR-101\A-CSR-101-C65.txt,"M,A,A,A,A,A",csr-compliance-framework,direct-institutional-or-academic-extraction
A-CSR-101-C66,A-CSR-101,A,Page 14,16874 - 17123,250,CorpusA_Chunks\A-CSR-101\A-CSR-101-C66.txt,"M,A,A,A,A,A",csr-compliance-framework,direct-institutional-or-academic-extraction
A-CSR-101-C67,A-CSR-101,A,Page 14,17124 - 17491,368,CorpusA_Chunks\A-CSR-101\A-CSR-101-C67.txt,"M,A,A,A,A,A",csr-compliance-framework,direct-institutional-or-academic-extraction
A-CSR-101-C68,A-CSR-101,A,Page 15,17492 - 17741,250,CorpusA_Chunks\A-CSR-101\A-CSR-101-C68.txt,"M,A,A,A,A,A",csr-compliance-framework,direct-institutional-or-academic-extraction
A-CSR-101-C69,A-CSR-101,A,Page 15,17742 - 17991,250,CorpusA_Chunks\A-CSR-101\A-CSR-101-C69.txt,"M,A,A,A,A,A",csr-compliance-framework,direct-institutional-or-academic-extraction
A-CSR-101-C70,A-CSR-101,A,Page 15,17992 - 18241,250,CorpusA_Chunks\A-CSR-101\A-CSR-101-C70.txt,"M,A,A,A,A,A",csr-compliance-framework,direct-institutional-or-academic-extraction
A-CSR-101-C71,A-CSR-101,A,Page 15,18242 - 18491,250,CorpusA_Chunks\A-CSR-101\A-CSR-101-C71.txt,"M,A,A,A,A,A",csr-compliance-framework,direct-institutional-or-academic-extraction
A-CSR-101-C72,A-CSR-101,A,Page 15,18492 - 18741,250,CorpusA_Chunks\A-CSR-101\A-CSR-101-C72.txt,"M,A,A,A,A,A",csr-compliance-framework,direct-institutional-or-academic-extraction
A-CSR-101-C73,A-CSR-101,A,Page 15,18742 - 19053,312,CorpusA_Chunks\A-CSR-101\A-CSR-101-C73.txt,"M,A,A,A,A,A",csr-compliance-framework,direct-institutional-or-academic-extraction
A-CSR-101-C74,A-CSR-101,A,Page 16,19054 - 19303,250,CorpusA_Chunks\A-CSR-101\A-CSR-101-C74.txt,"M,A,A,A,A,A",csr-compliance-framework,direct-institutional-or-academic-extraction
A-CSR-101-C75,A-CSR-101,A,Page 16,19304 - 19553,250,CorpusA_Chunks\A-CSR-101\A-CSR-101-C75.txt,"M,A,A,A,A,A",csr-compliance-framework,direct-institutional-or-academic-extraction
A-CSR-101-C76,A-CSR-101,A,Page 16,19554 - 19803,250,CorpusA_Chunks\A-CSR-101\A-CSR-101-C76.txt,"M,A,A,A,A,A",csr-compliance-framework,direct-institutional-or-academic-extraction
A-CSR-101-C77,A-CSR-101,A,Page 16,19804 - 20177,374,CorpusA_Chunks\A-CSR-101\A-CSR-101-C77.txt,"M,A,A,A,A,A",csr-compliance-framework,direct-institutional-or-academic-extraction
A-MSME-103-C01,A-MSME-103,A,Page 1 to Page 4,1 - 250,250,CorpusA_Chunks\A-MSME-103\A-MSME-103-C01.txt,"M,A,A,A,A,A",niti_msme-compliance-framework,direct-institutional-or-academic-extraction
A-MSME-103-C02,A-MSME-103,A,Page 4,251 - 545,295,CorpusA_Chunks\A-MSME-103\A-MSME-103-C02.txt,"M,A,A,A,A,A",niti_msme-compliance-framework,direct-institutional-or-academic-extraction
A-MSME-103-C03,A-MSME-103,A,Page 5 to Page 6,546 - 869,324,CorpusA_Chunks\A-MSME-103\A-MSME-103-C03.txt,"M,A,A,A,A,A",niti_msme-compliance-framework,direct-institutional-or-academic-extraction
A-MSME-103-C04,A-MSME-103,A,Page 7,870 - 1252,383,CorpusA_Chunks\A-MSME-103\A-MSME-103-C04.txt,"M,A,A,A,A,A",niti_msme-compliance-framework,direct-institutional-or-academic-extraction
A-MSME-103-C05,A-MSME-103,A,Page 8,1253 - 1635,383,CorpusA_Chunks\A-MSME-103\A-MSME-103-C05.txt,"M,A,A,A,A,A",niti_msme-compliance-framework,direct-institutional-or-academic-extraction
A-MSME-103-C06,A-MSME-103,A,Page 9,1636 - 1901,266,CorpusA_Chunks\A-MSME-103\A-MSME-103-C06.txt,"M,A,A,A,A,A",niti_msme-compliance-framework,direct-institutional-or-academic-extraction
A-MSME-103-C07,A-MSME-103,A,Page 10 to Page 11,1902 - 2151,250,CorpusA_Chunks\A-MSME-103\A-MSME-103-C07.txt,"M,A,A,A,A,A",niti_msme-compliance-framework,direct-institutional-or-academic-extraction
A-MSME-103-C08,A-MSME-103,A,Page 11,2152 - 2546,395,CorpusA_Chunks\A-MSME-103\A-MSME-103-C08.txt,"M,A,A,A,A,A",niti_msme-compliance-framework,direct-institutional-or-academic-extraction
A-MSME-103-C09,A-MSME-103,A,Page 12,2547 - 2924,378,CorpusA_Chunks\A-MSME-103\A-MSME-103-C09.txt,"M,A,A,A,A,A",niti_msme-compliance-framework,direct-institutional-or-academic-extraction
A-MSME-103-C10,A-MSME-103,A,Page 13,2925 - 3174,250,CorpusA_Chunks\A-MSME-103\A-MSME-103-C10.txt,"M,A,A,A,A,A",niti_msme-compliance-framework,direct-institutional-or-academic-extraction
A-MSME-103-C11,A-MSME-103,A,Page 13,3175 - 3483,309,CorpusA_Chunks\A-MSME-103\A-MSME-103-C11.txt,"M,A,A,A,A,A",niti_msme-compliance-framework,direct-institutional-or-academic-extraction
A-MSME-103-C12,A-MSME-103,A,Page 14,3484 - 3733,250,CorpusA_Chunks\A-MSME-103\A-MSME-103-C12.txt,"M,A,A,A,A,A",niti_msme-compliance-framework,direct-institutional-or-academic-extraction
A-MSME-103-C13,A-MSME-103,A,Page 14,3734 - 4030,297,CorpusA_Chunks\A-MSME-103\A-MSME-103-C13.txt,"M,A,A,A,A,A",niti_msme-compliance-framework,direct-institutional-or-academic-extraction
A-MSME-103-C14,A-MSME-103,A,Page 15,4031 - 4413,383,CorpusA_Chunks\A-MSME-103\A-MSME-103-C14.txt,"M,A,A,A,A,A",niti_msme-compliance-framework,direct-institutional-or-academic-extraction
A-MSME-103-C15,A-MSME-103,A,Page 16,4414 - 4663,250,CorpusA_Chunks\A-MSME-103\A-MSME-103-C15.txt,"M,A,A,A,A,A",niti_msme-compliance-framework,direct-institutional-or-academic-extraction
A-MSME-103-C16,A-MSME-103,A,Page 16,4664 - 5027,364,CorpusA_Chunks\A-MSME-103\A-MSME-103-C16.txt,"M,A,A,A,A,A",niti_msme-compliance-framework,direct-institutional-or-academic-extraction
A-MSME-103-C17,A-MSME-103,A,Page 17,5028 - 5289,262,CorpusA_Chunks\A-MSME-103\A-MSME-103-C17.txt,"M,A,A,A,A,A",niti_msme-compliance-framework,direct-institutional-or-academic-extraction
A-MSME-103-C18,A-MSME-103,A,Page 18 to Page 20,5290 - 5539,250,CorpusA_Chunks\A-MSME-103\A-MSME-103-C18.txt,"M,A,A,A,A,A",niti_msme-compliance-framework,direct-institutional-or-academic-extraction
A-MSME-103-C19,A-MSME-103,A,Page 20 to Page 21,5540 - 5789,250,CorpusA_Chunks\A-MSME-103\A-MSME-103-C19.txt,"M,A,A,A,A,A",niti_msme-compliance-framework,direct-institutional-or-academic-extraction
A-MSME-103-C20,A-MSME-103,A,Page 21,5790 - 6043,254,CorpusA_Chunks\A-MSME-103\A-MSME-103-C20.txt,"M,A,A,A,A,A",niti_msme-compliance-framework,direct-institutional-or-academic-extraction
A-MSME-103-C21,A-MSME-103,A,Page 22,6044 - 6316,273,CorpusA_Chunks\A-MSME-103\A-MSME-103-C21.txt,"M,A,A,A,A,A",niti_msme-compliance-framework,direct-institutional-or-academic-extraction
A-MSME-103-C22,A-MSME-103,A,Page 23,6317 - 6566,250,CorpusA_Chunks\A-MSME-103\A-MSME-103-C22.txt,"M,A,A,A,A,A",niti_msme-compliance-framework,direct-institutional-or-academic-extraction
A-MSME-103-C23,A-MSME-103,A,Page 23,6567 - 6816,250,CorpusA_Chunks\A-MSME-103\A-MSME-103-C23.txt,"M,A,A,A,A,A",niti_msme-compliance-framework,direct-institutional-or-academic-extraction
A-MSME-103-C24,A-MSME-103,A,Page 23 to Page 24,6817 - 7066,250,CorpusA_Chunks\A-MSME-103\A-MSME-103-C24.txt,"M,A,A,A,A,A",niti_msme-compliance-framework,direct-institutional-or-academic-extraction
A-MSME-103-C25,A-MSME-103,A,Page 24,7067 - 7316,250,CorpusA_Chunks\A-MSME-103\A-MSME-103-C25.txt,"M,A,A,A,A,A",niti_msme-compliance-framework,direct-institutional-or-academic-extraction
A-MSME-103-C26,A-MSME-103,A,Page 24,7317 - 7688,372,CorpusA_Chunks\A-MSME-103\A-MSME-103-C26.txt,"M,A,A,A,A,A",niti_msme-compliance-framework,direct-institutional-or-academic-extraction
A-MSME-103-C27,A-MSME-103,A,Page 25,7689 - 7938,250,CorpusA_Chunks\A-MSME-103\A-MSME-103-C27.txt,"M,A,A,A,A,A",niti_msme-compliance-framework,direct-institutional-or-academic-extraction
A-MSME-103-C28,A-MSME-103,A,Page 25,7939 - 8296,358,CorpusA_Chunks\A-MSME-103\A-MSME-103-C28.txt,"M,A,A,A,A,A",niti_msme-compliance-framework,direct-institutional-or-academic-extraction
A-MSME-103-C29,A-MSME-103,A,Page 26,8297 - 8546,250,CorpusA_Chunks\A-MSME-103\A-MSME-103-C29.txt,"M,A,A,A,A,A",niti_msme-compliance-framework,direct-institutional-or-academic-extraction
A-MSME-103-C30,A-MSME-103,A,Page 26,8547 - 8913,367,CorpusA_Chunks\A-MSME-103\A-MSME-103-C30.txt,"M,A,A,A,A,A",niti_msme-compliance-framework,direct-institutional-or-academic-extraction
A-MSME-103-C31,A-MSME-103,A,Page 27,8914 - 9163,250,CorpusA_Chunks\A-MSME-103\A-MSME-103-C31.txt,"M,A,A,A,A,A",niti_msme-compliance-framework,direct-institutional-or-academic-extraction
A-MSME-103-C32,A-MSME-103,A,Page 27,9164 - 9496,333,CorpusA_Chunks\A-MSME-103\A-MSME-103-C32.txt,"M,A,A,A,A,A",niti_msme-compliance-framework,direct-institutional-or-academic-extraction
A-MSME-103-C33,A-MSME-103,A,Page 28,9497 - 9746,250,CorpusA_Chunks\A-MSME-103\A-MSME-103-C33.txt,"M,A,A,A,A,A",niti_msme-compliance-framework,direct-institutional-or-academic-extraction
A-MSME-103-C34,A-MSME-103,A,Page 28,9747 - 10110,364,CorpusA_Chunks\A-MSME-103\A-MSME-103-C34.txt,"M,A,A,A,A,A",niti_msme-compliance-framework,direct-institutional-or-academic-extraction
A-MSME-103-C35,A-MSME-103,A,Page 29,10111 - 10360,250,CorpusA_Chunks\A-MSME-103\A-MSME-103-C35.txt,"M,A,A,A,A,A",niti_msme-compliance-framework,direct-institutional-or-academic-extraction
A-MSME-103-C36,A-MSME-103,A,Page 29,10361 - 10732,372,CorpusA_Chunks\A-MSME-103\A-MSME-103-C36.txt,"M,A,A,A,A,A",niti_msme-compliance-framework,direct-institutional-or-academic-extraction
A-MSME-103-C37,A-MSME-103,A,Page 30 to Page 32,10733 - 11052,320,CorpusA_Chunks\A-MSME-103\A-MSME-103-C37.txt,"M,A,A,A,A,A",niti_msme-compliance-framework,direct-institutional-or-academic-extraction
A-MSME-103-C38,A-MSME-103,A,Page 33 to Page 35,11053 - 11358,306,CorpusA_Chunks\A-MSME-103\A-MSME-103-C38.txt,"M,A,A,A,A,A",niti_msme-compliance-framework,direct-institutional-or-academic-extraction
A-MSME-103-C39,A-MSME-103,A,Page 36 to Page 37,11359 - 11700,342,CorpusA_Chunks\A-MSME-103\A-MSME-103-C39.txt,"M,A,A,A,A,A",niti_msme-compliance-framework,direct-institutional-or-academic-extraction
A-MSME-103-C40,A-MSME-103,A,Page 38,11701 - 11950,250,CorpusA_Chunks\A-MSME-103\A-MSME-103-C40.txt,"M,A,A,A,A,A",niti_msme-compliance-framework,direct-institutional-or-academic-extraction
A-MSME-103-C41,A-MSME-103,A,Page 38,11951 - 12344,394,CorpusA_Chunks\A-MSME-103\A-MSME-103-C41.txt,"M,A,A,A,A,A",niti_msme-compliance-framework,direct-institutional-or-academic-extraction
A-MSME-103-C42,A-MSME-103,A,Page 39,12345 - 12670,326,CorpusA_Chunks\A-MSME-103\A-MSME-103-C42.txt,"M,A,A,A,A,A",niti_msme-compliance-framework,direct-institutional-or-academic-extraction
A-MSME-103-C43,A-MSME-103,A,Page 40 to Page 41,12671 - 12920,250,CorpusA_Chunks\A-MSME-103\A-MSME-103-C43.txt,"M,A,A,A,A,A",niti_msme-compliance-framework,direct-institutional-or-academic-extraction
A-MSME-103-C44,A-MSME-103,A,Page 41,12921 - 13297,377,CorpusA_Chunks\A-MSME-103\A-MSME-103-C44.txt,"M,A,A,A,A,A",niti_msme-compliance-framework,direct-institutional-or-academic-extraction
A-MSME-103-C45,A-MSME-103,A,Page 42 to Page 43,13298 - 13547,250,CorpusA_Chunks\A-MSME-103\A-MSME-103-C45.txt,"M,A,A,A,A,A",niti_msme-compliance-framework,direct-institutional-or-academic-extraction
A-MSME-103-C46,A-MSME-103,A,Page 43,13548 - 13863,316,CorpusA_Chunks\A-MSME-103\A-MSME-103-C46.txt,"M,A,A,A,A,A",niti_msme-compliance-framework,direct-institutional-or-academic-extraction
A-MSME-103-C47,A-MSME-103,A,Page 44 to Page 45,13864 - 14113,250,CorpusA_Chunks\A-MSME-103\A-MSME-103-C47.txt,"M,A,A,A,A,A",niti_msme-compliance-framework,direct-institutional-or-academic-extraction
A-MSME-103-C48,A-MSME-103,A,Page 45,14114 - 14370,257,CorpusA_Chunks\A-MSME-103\A-MSME-103-C48.txt,"M,A,A,A,A,A",niti_msme-compliance-framework,direct-institutional-or-academic-extraction
A-MSME-103-C49,A-MSME-103,A,Page 46 to Page 47,14371 - 14620,250,CorpusA_Chunks\A-MSME-103\A-MSME-103-C49.txt,"M,A,A,A,A,A",niti_msme-compliance-framework,direct-institutional-or-academic-extraction
A-MSME-103-C50,A-MSME-103,A,Page 47 to Page 48,14621 - 14870,250,CorpusA_Chunks\A-MSME-103\A-MSME-103-C50.txt,"M,A,A,A,A,A",niti_msme-compliance-framework,direct-institutional-or-academic-extraction
A-MSME-103-C51,A-MSME-103,A,Page 48 to Page 49,14871 - 15120,250,CorpusA_Chunks\A-MSME-103\A-MSME-103-C51.txt,"M,A,A,A,A,A",niti_msme-compliance-framework,direct-institutional-or-academic-extraction
A-MSME-103-C52,A-MSME-103,A,Page 49,15121 - 15388,268,CorpusA_Chunks\A-MSME-103\A-MSME-103-C52.txt,"M,A,A,A,A,A",niti_msme-compliance-framework,direct-institutional-or-academic-extraction
A-MSME-103-C53,A-MSME-103,A,Page 50 to Page 51,15389 - 15638,250,CorpusA_Chunks\A-MSME-103\A-MSME-103-C53.txt,"M,A,A,A,A,A",niti_msme-compliance-framework,direct-institutional-or-academic-extraction
A-MSME-103-C54,A-MSME-103,A,Page 51,15639 - 16034,396,CorpusA_Chunks\A-MSME-103\A-MSME-103-C54.txt,"M,A,A,A,A,A",niti_msme-compliance-framework,direct-institutional-or-academic-extraction
A-MSME-103-C55,A-MSME-103,A,Page 52,16035 - 16284,250,CorpusA_Chunks\A-MSME-103\A-MSME-103-C55.txt,"M,A,A,A,A,A",niti_msme-compliance-framework,direct-institutional-or-academic-extraction
A-MSME-103-C56,A-MSME-103,A,Page 52,16285 - 16601,317,CorpusA_Chunks\A-MSME-103\A-MSME-103-C56.txt,"M,A,A,A,A,A",niti_msme-compliance-framework,direct-institutional-or-academic-extraction
A-MSME-103-C57,A-MSME-103,A,Page 53,16602 - 16920,319,CorpusA_Chunks\A-MSME-103\A-MSME-103-C57.txt,"M,A,A,A,A,A",niti_msme-compliance-framework,direct-institutional-or-academic-extraction
A-MSME-103-C58,A-MSME-103,A,Page 54 to Page 55,16921 - 17170,250,CorpusA_Chunks\A-MSME-103\A-MSME-103-C58.txt,"M,A,A,A,A,A",niti_msme-compliance-framework,direct-institutional-or-academic-extraction
A-MSME-103-C59,A-MSME-103,A,Page 55,17171 - 17420,250,CorpusA_Chunks\A-MSME-103\A-MSME-103-C59.txt,"M,A,A,A,A,A",niti_msme-compliance-framework,direct-institutional-or-academic-extraction
A-MSME-103-C60,A-MSME-103,A,Page 55,17421 - 17732,312,CorpusA_Chunks\A-MSME-103\A-MSME-103-C60.txt,"M,A,A,A,A,A",niti_msme-compliance-framework,direct-institutional-or-academic-extraction
A-MSME-103-C61,A-MSME-103,A,Page 56,17733 - 17982,250,CorpusA_Chunks\A-MSME-103\A-MSME-103-C61.txt,"M,A,A,A,A,A",niti_msme-compliance-framework,direct-institutional-or-academic-extraction
A-MSME-103-C62,A-MSME-103,A,Page 56,17983 - 18313,331,CorpusA_Chunks\A-MSME-103\A-MSME-103-C62.txt,"M,A,A,A,A,A",niti_msme-compliance-framework,direct-institutional-or-academic-extraction
A-MSME-103-C63,A-MSME-103,A,Page 57,18314 - 18563,250,CorpusA_Chunks\A-MSME-103\A-MSME-103-C63.txt,"M,A,A,A,A,A",niti_msme-compliance-framework,direct-institutional-or-academic-extraction
A-MSME-103-C64,A-MSME-103,A,Page 57,18564 - 18901,338,CorpusA_Chunks\A-MSME-103\A-MSME-103-C64.txt,"M,A,A,A,A,A",niti_msme-compliance-framework,direct-institutional-or-academic-extraction
A-MSME-103-C65,A-MSME-103,A,Page 58,18902 - 19151,250,CorpusA_Chunks\A-MSME-103\A-MSME-103-C65.txt,"M,A,A,A,A,A",niti_msme-compliance-framework,direct-institutional-or-academic-extraction
A-MSME-103-C66,A-MSME-103,A,Page 58,19152 - 19477,326,CorpusA_Chunks\A-MSME-103\A-MSME-103-C66.txt,"M,A,A,A,A,A",niti_msme-compliance-framework,direct-institutional-or-academic-extraction
A-MSME-103-C67,A-MSME-103,A,Page 59,19478 - 19727,250,CorpusA_Chunks\A-MSME-103\A-MSME-103-C67.txt,"M,A,A,A,A,A",niti_msme-compliance-framework,direct-institutional-or-academic-extraction
A-MSME-103-C68,A-MSME-103,A,Page 59,19728 - 20086,359,CorpusA_Chunks\A-MSME-103\A-MSME-103-C68.txt,"M,A,A,A,A,A",niti_msme-compliance-framework,direct-institutional-or-academic-extraction
A-MSME-103-C69,A-MSME-103,A,Page 60,20087 - 20336,250,CorpusA_Chunks\A-MSME-103\A-MSME-103-C69.txt,"M,A,A,A,A,A",niti_msme-compliance-framework,direct-institutional-or-academic-extraction
A-MSME-103-C70,A-MSME-103,A,Page 60,20337 - 20662,326,CorpusA_Chunks\A-MSME-103\A-MSME-103-C70.txt,"M,A,A,A,A,A",niti_msme-compliance-framework,direct-institutional-or-academic-extraction
A-MSME-103-C71,A-MSME-103,A,Page 61,20663 - 20912,250,CorpusA_Chunks\A-MSME-103\A-MSME-103-C71.txt,"M,A,A,A,A,A",niti_msme-compliance-framework,direct-institutional-or-academic-extraction
A-MSME-103-C72,A-MSME-103,A,Page 61,20913 - 21198,286,CorpusA_Chunks\A-MSME-103\A-MSME-103-C72.txt,"M,A,A,A,A,A",niti_msme-compliance-framework,direct-institutional-or-academic-extraction
A-MSME-103-C73,A-MSME-103,A,Page 62,21199 - 21448,250,CorpusA_Chunks\A-MSME-103\A-MSME-103-C73.txt,"M,A,A,A,A,A",niti_msme-compliance-framework,direct-institutional-or-academic-extraction
A-MSME-103-C74,A-MSME-103,A,Page 62,21449 - 21718,270,CorpusA_Chunks\A-MSME-103\A-MSME-103-C74.txt,"M,A,A,A,A,A",niti_msme-compliance-framework,direct-institutional-or-academic-extraction
A-MSME-103-C75,A-MSME-103,A,Page 63,21719 - 22089,371,CorpusA_Chunks\A-MSME-103\A-MSME-103-C75.txt,"M,A,A,A,A,A",niti_msme-compliance-framework,direct-institutional-or-academic-extraction
A-MSME-103-C76,A-MSME-103,A,Page 64,22090 - 22339,250,CorpusA_Chunks\A-MSME-103\A-MSME-103-C76.txt,"M,A,A,A,A,A",niti_msme-compliance-framework,direct-institutional-or-academic-extraction
A-MSME-103-C77,A-MSME-103,A,Page 64,22340 - 22596,257,CorpusA_Chunks\A-MSME-103\A-MSME-103-C77.txt,"M,A,A,A,A,A",niti_msme-compliance-framework,direct-institutional-or-academic-extraction
A-MSME-103-C78,A-MSME-103,A,Page 65,22597 - 22846,250,CorpusA_Chunks\A-MSME-103\A-MSME-103-C78.txt,"M,A,A,A,A,A",niti_msme-compliance-framework,direct-institutional-or-academic-extraction
A-MSME-103-C79,A-MSME-103,A,Page 65 to Page 66,22847 - 23096,250,CorpusA_Chunks\A-MSME-103\A-MSME-103-C79.txt,"M,A,A,A,A,A",niti_msme-compliance-framework,direct-institutional-or-academic-extraction
A-MSME-103-C80,A-MSME-103,A,Page 66,23097 - 23346,250,CorpusA_Chunks\A-MSME-103\A-MSME-103-C80.txt,"M,A,A,A,A,A",niti_msme-compliance-framework,direct-institutional-or-academic-extraction
A-MSME-103-C81,A-MSME-103,A,Page 66,23347 - 23648,302,CorpusA_Chunks\A-MSME-103\A-MSME-103-C81.txt,"M,A,A,A,A,A",niti_msme-compliance-framework,direct-institutional-or-academic-extraction
A-MSME-103-C82,A-MSME-103,A,Page 67,23649 - 23898,250,CorpusA_Chunks\A-MSME-103\A-MSME-103-C82.txt,"M,A,A,A,A,A",niti_msme-compliance-framework,direct-institutional-or-academic-extraction
A-MSME-103-C83,A-MSME-103,A,Page 67 to Page 68,23899 - 24148,250,CorpusA_Chunks\A-MSME-103\A-MSME-103-C83.txt,"M,A,A,A,A,A",niti_msme-compliance-framework,direct-institutional-or-academic-extraction
A-MSME-103-C84,A-MSME-103,A,Page 68,24149 - 24398,250,CorpusA_Chunks\A-MSME-103\A-MSME-103-C84.txt,"M,A,A,A,A,A",niti_msme-compliance-framework,direct-institutional-or-academic-extraction
A-MSME-103-C85,A-MSME-103,A,Page 68,24399 - 24661,263,CorpusA_Chunks\A-MSME-103\A-MSME-103-C85.txt,"M,A,A,A,A,A",niti_msme-compliance-framework,direct-institutional-or-academic-extraction
A-MSME-103-C86,A-MSME-103,A,Page 69,24662 - 24911,250,CorpusA_Chunks\A-MSME-103\A-MSME-103-C86.txt,"M,A,A,A,A,A",niti_msme-compliance-framework,direct-institutional-or-academic-extraction
A-MSME-103-C87,A-MSME-103,A,Page 69,24912 - 25213,302,CorpusA_Chunks\A-MSME-103\A-MSME-103-C87.txt,"M,A,A,A,A,A",niti_msme-compliance-framework,direct-institutional-or-academic-extraction
A-MSME-103-C88,A-MSME-103,A,Page 70,25214 - 25463,250,CorpusA_Chunks\A-MSME-103\A-MSME-103-C88.txt,"M,A,A,A,A,A",niti_msme-compliance-framework,direct-institutional-or-academic-extraction
A-MSME-103-C89,A-MSME-103,A,Page 70 to Page 71,25464 - 25713,250,CorpusA_Chunks\A-MSME-103\A-MSME-103-C89.txt,"M,A,A,A,A,A",niti_msme-compliance-framework,direct-institutional-or-academic-extraction
A-MSME-103-C90,A-MSME-103,A,Page 71,25714 - 26102,389,CorpusA_Chunks\A-MSME-103\A-MSME-103-C90.txt,"M,A,A,A,A,A",niti_msme-compliance-framework,direct-institutional-or-academic-extraction
A-MSME-103-C91,A-MSME-103,A,Page 72,26103 - 26300,198,CorpusA_Chunks\A-MSME-103\A-MSME-103-C91.txt,"M,A,A,A,A,A",niti_msme-compliance-framework,direct-institutional-or-academic-extraction
A-DATA-102-C01,A-DATA-102,A,Page 1 to Page 2,1 - 250,250,CorpusA_Chunks\A-DATA-102\A-DATA-102-C01.txt,"M,A,A,A,A,A",datagov-compliance-framework,direct-institutional-or-academic-extraction
A-DATA-102-C02,A-DATA-102,A,Page 2 to Page 3,251 - 642,392,CorpusA_Chunks\A-DATA-102\A-DATA-102-C02.txt,"M,A,A,A,A,A",datagov-compliance-framework,direct-institutional-or-academic-extraction
A-RES-107-C01,A-RES-107,A,Page 1,1 - 250,250,CorpusA_Chunks\A-RES-107\A-RES-107-C01.txt,"M,A,A,A,A,M",supplychain_research-compliance-framework,direct-institutional-or-academic-extraction
A-RES-107-C02,A-RES-107,A,Page 1,251 - 631,381,CorpusA_Chunks\A-RES-107\A-RES-107-C02.txt,"M,A,A,A,A,M",supplychain_research-compliance-framework,direct-institutional-or-academic-extraction
A-RES-107-C03,A-RES-107,A,Page 2,632 - 881,250,CorpusA_Chunks\A-RES-107\A-RES-107-C03.txt,"M,A,A,A,A,M",supplychain_research-compliance-framework,direct-institutional-or-academic-extraction
A-RES-107-C04,A-RES-107,A,Page 2,882 - 1131,250,CorpusA_Chunks\A-RES-107\A-RES-107-C04.txt,"M,A,A,A,A,M",supplychain_research-compliance-framework,direct-institutional-or-academic-extraction
A-RES-107-C05,A-RES-107,A,Page 2,1132 - 1381,250,CorpusA_Chunks\A-RES-107\A-RES-107-C05.txt,"M,A,A,A,A,M",supplychain_research-compliance-framework,direct-institutional-or-academic-extraction
A-RES-107-C06,A-RES-107,A,Page 2,1382 - 1710,329,CorpusA_Chunks\A-RES-107\A-RES-107-C06.txt,"M,A,A,A,A,M",supplychain_research-compliance-framework,direct-institutional-or-academic-extraction
A-RES-107-C07,A-RES-107,A,Page 3,1711 - 1960,250,CorpusA_Chunks\A-RES-107\A-RES-107-C07.txt,"M,A,A,A,A,M",supplychain_research-compliance-framework,direct-institutional-or-academic-extraction
A-RES-107-C08,A-RES-107,A,Page 3,1961 - 2210,250,CorpusA_Chunks\A-RES-107\A-RES-107-C08.txt,"M,A,A,A,A,M",supplychain_research-compliance-framework,direct-institutional-or-academic-extraction
A-RES-107-C09,A-RES-107,A,Page 3,2211 - 2460,250,CorpusA_Chunks\A-RES-107\A-RES-107-C09.txt,"M,A,A,A,A,M",supplychain_research-compliance-framework,direct-institutional-or-academic-extraction
A-RES-107-C10,A-RES-107,A,Page 3,2461 - 2714,254,CorpusA_Chunks\A-RES-107\A-RES-107-C10.txt,"M,A,A,A,A,M",supplychain_research-compliance-framework,direct-institutional-or-academic-extraction
A-RES-107-C11,A-RES-107,A,Page 4,2715 - 2964,250,CorpusA_Chunks\A-RES-107\A-RES-107-C11.txt,"M,A,A,A,A,M",supplychain_research-compliance-framework,direct-institutional-or-academic-extraction
A-RES-107-C12,A-RES-107,A,Page 4,2965 - 3214,250,CorpusA_Chunks\A-RES-107\A-RES-107-C12.txt,"M,A,A,A,A,M",supplychain_research-compliance-framework,direct-institutional-or-academic-extraction
A-RES-107-C13,A-RES-107,A,Page 4,3215 - 3464,250,CorpusA_Chunks\A-RES-107\A-RES-107-C13.txt,"M,A,A,A,A,M",supplychain_research-compliance-framework,direct-institutional-or-academic-extraction
A-RES-107-C14,A-RES-107,A,Page 4,3465 - 3741,277,CorpusA_Chunks\A-RES-107\A-RES-107-C14.txt,"M,A,A,A,A,M",supplychain_research-compliance-framework,direct-institutional-or-academic-extraction
A-RES-107-C15,A-RES-107,A,Page 5,3742 - 3991,250,CorpusA_Chunks\A-RES-107\A-RES-107-C15.txt,"M,A,A,A,A,M",supplychain_research-compliance-framework,direct-institutional-or-academic-extraction
A-RES-107-C16,A-RES-107,A,Page 5,3992 - 4241,250,CorpusA_Chunks\A-RES-107\A-RES-107-C16.txt,"M,A,A,A,A,M",supplychain_research-compliance-framework,direct-institutional-or-academic-extraction
A-RES-107-C17,A-RES-107,A,Page 5,4242 - 4491,250,CorpusA_Chunks\A-RES-107\A-RES-107-C17.txt,"M,A,A,A,A,M",supplychain_research-compliance-framework,direct-institutional-or-academic-extraction
A-RES-107-C18,A-RES-107,A,Page 5 to Page 6,4492 - 4741,250,CorpusA_Chunks\A-RES-107\A-RES-107-C18.txt,"M,A,A,A,A,M",supplychain_research-compliance-framework,direct-institutional-or-academic-extraction
A-RES-107-C19,A-RES-107,A,Page 6,4742 - 4991,250,CorpusA_Chunks\A-RES-107\A-RES-107-C19.txt,"M,A,A,A,A,M",supplychain_research-compliance-framework,direct-institutional-or-academic-extraction
A-RES-107-C20,A-RES-107,A,Page 6,4992 - 5241,250,CorpusA_Chunks\A-RES-107\A-RES-107-C20.txt,"M,A,A,A,A,M",supplychain_research-compliance-framework,direct-institutional-or-academic-extraction
A-RES-107-C21,A-RES-107,A,Page 6,5242 - 5491,250,CorpusA_Chunks\A-RES-107\A-RES-107-C21.txt,"M,A,A,A,A,M",supplychain_research-compliance-framework,direct-institutional-or-academic-extraction
A-RES-107-C22,A-RES-107,A,Page 6,5492 - 5826,335,CorpusA_Chunks\A-RES-107\A-RES-107-C22.txt,"M,A,A,A,A,M",supplychain_research-compliance-framework,direct-institutional-or-academic-extraction
A-RES-107-C23,A-RES-107,A,Page 7,5827 - 6076,250,CorpusA_Chunks\A-RES-107\A-RES-107-C23.txt,"M,A,A,A,A,M",supplychain_research-compliance-framework,direct-institutional-or-academic-extraction
A-RES-107-C24,A-RES-107,A,Page 7,6077 - 6326,250,CorpusA_Chunks\A-RES-107\A-RES-107-C24.txt,"M,A,A,A,A,M",supplychain_research-compliance-framework,direct-institutional-or-academic-extraction
A-RES-107-C25,A-RES-107,A,Page 7,6327 - 6576,250,CorpusA_Chunks\A-RES-107\A-RES-107-C25.txt,"M,A,A,A,A,M",supplychain_research-compliance-framework,direct-institutional-or-academic-extraction
A-RES-107-C26,A-RES-107,A,Page 7,6577 - 6888,312,CorpusA_Chunks\A-RES-107\A-RES-107-C26.txt,"M,A,A,A,A,M",supplychain_research-compliance-framework,direct-institutional-or-academic-extraction
A-RES-107-C27,A-RES-107,A,Page 8,6889 - 7138,250,CorpusA_Chunks\A-RES-107\A-RES-107-C27.txt,"M,A,A,A,A,M",supplychain_research-compliance-framework,direct-institutional-or-academic-extraction
A-RES-107-C28,A-RES-107,A,Page 8,7139 - 7404,266,CorpusA_Chunks\A-RES-107\A-RES-107-C28.txt,"M,A,A,A,A,M",supplychain_research-compliance-framework,direct-institutional-or-academic-extraction
A-RES-107-C29,A-RES-107,A,Page 9,7405 - 7654,250,CorpusA_Chunks\A-RES-107\A-RES-107-C29.txt,"M,A,A,A,A,M",supplychain_research-compliance-framework,direct-institutional-or-academic-extraction
A-RES-107-C30,A-RES-107,A,Page 9,7655 - 7904,250,CorpusA_Chunks\A-RES-107\A-RES-107-C30.txt,"M,A,A,A,A,M",supplychain_research-compliance-framework,direct-institutional-or-academic-extraction
A-RES-107-C31,A-RES-107,A,Page 9,7905 - 8154,250,CorpusA_Chunks\A-RES-107\A-RES-107-C31.txt,"M,A,A,A,A,M",supplychain_research-compliance-framework,direct-institutional-or-academic-extraction
A-RES-107-C32,A-RES-107,A,Page 9,8155 - 8506,352,CorpusA_Chunks\A-RES-107\A-RES-107-C32.txt,"M,A,A,A,A,M",supplychain_research-compliance-framework,direct-institutional-or-academic-extraction
A-RES-107-C33,A-RES-107,A,Page 10,8507 - 8756,250,CorpusA_Chunks\A-RES-107\A-RES-107-C33.txt,"M,A,A,A,A,M",supplychain_research-compliance-framework,direct-institutional-or-academic-extraction
A-RES-107-C34,A-RES-107,A,Page 10,8757 - 9006,250,CorpusA_Chunks\A-RES-107\A-RES-107-C34.txt,"M,A,A,A,A,M",supplychain_research-compliance-framework,direct-institutional-or-academic-extraction
A-RES-107-C35,A-RES-107,A,Page 10,9007 - 9256,250,CorpusA_Chunks\A-RES-107\A-RES-107-C35.txt,"M,A,A,A,A,M",supplychain_research-compliance-framework,direct-institutional-or-academic-extraction
A-RES-107-C36,A-RES-107,A,Page 10,9257 - 9564,308,CorpusA_Chunks\A-RES-107\A-RES-107-C36.txt,"M,A,A,A,A,M",supplychain_research-compliance-framework,direct-institutional-or-academic-extraction
A-RES-107-C37,A-RES-107,A,Page 11,9565 - 9814,250,CorpusA_Chunks\A-RES-107\A-RES-107-C37.txt,"M,A,A,A,A,M",supplychain_research-compliance-framework,direct-institutional-or-academic-extraction
A-RES-107-C38,A-RES-107,A,Page 11,9815 - 10064,250,CorpusA_Chunks\A-RES-107\A-RES-107-C38.txt,"M,A,A,A,A,M",supplychain_research-compliance-framework,direct-institutional-or-academic-extraction
A-RES-107-C39,A-RES-107,A,Page 11,10065 - 10314,250,CorpusA_Chunks\A-RES-107\A-RES-107-C39.txt,"M,A,A,A,A,M",supplychain_research-compliance-framework,direct-institutional-or-academic-extraction
A-RES-107-C40,A-RES-107,A,Page 11,10315 - 10681,367,CorpusA_Chunks\A-RES-107\A-RES-107-C40.txt,"M,A,A,A,A,M",supplychain_research-compliance-framework,direct-institutional-or-academic-extraction
A-RES-107-C41,A-RES-107,A,Page 12,10682 - 10931,250,CorpusA_Chunks\A-RES-107\A-RES-107-C41.txt,"M,A,A,A,A,M",supplychain_research-compliance-framework,direct-institutional-or-academic-extraction
A-RES-107-C42,A-RES-107,A,Page 12,10932 - 11181,250,CorpusA_Chunks\A-RES-107\A-RES-107-C42.txt,"M,A,A,A,A,M",supplychain_research-compliance-framework,direct-institutional-or-academic-extraction
A-RES-107-C43,A-RES-107,A,Page 12,11182 - 11431,250,CorpusA_Chunks\A-RES-107\A-RES-107-C43.txt,"M,A,A,A,A,M",supplychain_research-compliance-framework,direct-institutional-or-academic-extraction
A-RES-107-C44,A-RES-107,A,Page 12,11432 - 11718,287,CorpusA_Chunks\A-RES-107\A-RES-107-C44.txt,"M,A,A,A,A,M",supplychain_research-compliance-framework,direct-institutional-or-academic-extraction
A-RES-107-C45,A-RES-107,A,Page 13,11719 - 11968,250,CorpusA_Chunks\A-RES-107\A-RES-107-C45.txt,"M,A,A,A,A,M",supplychain_research-compliance-framework,direct-institutional-or-academic-extraction
A-RES-107-C46,A-RES-107,A,Page 13,11969 - 12218,250,CorpusA_Chunks\A-RES-107\A-RES-107-C46.txt,"M,A,A,A,A,M",supplychain_research-compliance-framework,direct-institutional-or-academic-extraction
A-RES-107-C47,A-RES-107,A,Page 13,12219 - 12468,250,CorpusA_Chunks\A-RES-107\A-RES-107-C47.txt,"M,A,A,A,A,M",supplychain_research-compliance-framework,direct-institutional-or-academic-extraction
A-RES-107-C48,A-RES-107,A,Page 13 to Page 14,12469 - 12718,250,CorpusA_Chunks\A-RES-107\A-RES-107-C48.txt,"M,A,A,A,A,M",supplychain_research-compliance-framework,direct-institutional-or-academic-extraction
A-RES-107-C49,A-RES-107,A,Page 14,12719 - 12968,250,CorpusA_Chunks\A-RES-107\A-RES-107-C49.txt,"M,A,A,A,A,M",supplychain_research-compliance-framework,direct-institutional-or-academic-extraction
A-RES-107-C50,A-RES-107,A,Page 14,12969 - 13218,250,CorpusA_Chunks\A-RES-107\A-RES-107-C50.txt,"M,A,A,A,A,M",supplychain_research-compliance-framework,direct-institutional-or-academic-extraction
A-RES-107-C51,A-RES-107,A,Page 14,13219 - 13468,250,CorpusA_Chunks\A-RES-107\A-RES-107-C51.txt,"M,A,A,A,A,M",supplychain_research-compliance-framework,direct-institutional-or-academic-extraction
A-RES-107-C52,A-RES-107,A,Page 14,13469 - 13769,301,CorpusA_Chunks\A-RES-107\A-RES-107-C52.txt,"M,A,A,A,A,M",supplychain_research-compliance-framework,direct-institutional-or-academic-extraction
A-RES-107-C53,A-RES-107,A,Page 15,13770 - 14019,250,CorpusA_Chunks\A-RES-107\A-RES-107-C53.txt,"M,A,A,A,A,M",supplychain_research-compliance-framework,direct-institutional-or-academic-extraction
A-RES-107-C54,A-RES-107,A,Page 15,14020 - 14350,331,CorpusA_Chunks\A-RES-107\A-RES-107-C54.txt,"M,A,A,A,A,M",supplychain_research-compliance-framework,direct-institutional-or-academic-extraction
A-RES-107-C55,A-RES-107,A,Page 16,14351 - 14600,250,CorpusA_Chunks\A-RES-107\A-RES-107-C55.txt,"M,A,A,A,A,M",supplychain_research-compliance-framework,direct-institutional-or-academic-extraction
A-RES-107-C56,A-RES-107,A,Page 16,14601 - 14850,250,CorpusA_Chunks\A-RES-107\A-RES-107-C56.txt,"M,A,A,A,A,M",supplychain_research-compliance-framework,direct-institutional-or-academic-extraction
A-RES-107-C57,A-RES-107,A,Page 16,14851 - 15100,250,CorpusA_Chunks\A-RES-107\A-RES-107-C57.txt,"M,A,A,A,A,M",supplychain_research-compliance-framework,direct-institutional-or-academic-extraction
A-RES-107-C58,A-RES-107,A,Page 16,15101 - 15410,310,CorpusA_Chunks\A-RES-107\A-RES-107-C58.txt,"M,A,A,A,A,M",supplychain_research-compliance-framework,direct-institutional-or-academic-extraction
A-RES-107-C59,A-RES-107,A,Page 17,15411 - 15660,250,CorpusA_Chunks\A-RES-107\A-RES-107-C59.txt,"M,A,A,A,A,M",supplychain_research-compliance-framework,direct-institutional-or-academic-extraction
A-RES-107-C60,A-RES-107,A,Page 17,15661 - 15910,250,CorpusA_Chunks\A-RES-107\A-RES-107-C60.txt,"M,A,A,A,A,M",supplychain_research-compliance-framework,direct-institutional-or-academic-extraction
A-RES-107-C61,A-RES-107,A,Page 17,15911 - 16160,250,CorpusA_Chunks\A-RES-107\A-RES-107-C61.txt,"M,A,A,A,A,M",supplychain_research-compliance-framework,direct-institutional-or-academic-extraction
A-RES-107-C62,A-RES-107,A,Page 17 to Page 18,16161 - 16410,250,CorpusA_Chunks\A-RES-107\A-RES-107-C62.txt,"M,A,A,A,A,M",supplychain_research-compliance-framework,direct-institutional-or-academic-extraction
A-RES-107-C63,A-RES-107,A,Page 18,16411 - 16660,250,CorpusA_Chunks\A-RES-107\A-RES-107-C63.txt,"M,A,A,A,A,M",supplychain_research-compliance-framework,direct-institutional-or-academic-extraction
A-RES-107-C64,A-RES-107,A,Page 18,16661 - 16910,250,CorpusA_Chunks\A-RES-107\A-RES-107-C64.txt,"M,A,A,A,A,M",supplychain_research-compliance-framework,direct-institutional-or-academic-extraction
A-RES-107-C65,A-RES-107,A,Page 18,16911 - 17290,380,CorpusA_Chunks\A-RES-107\A-RES-107-C65.txt,"M,A,A,A,A,M",supplychain_research-compliance-framework,direct-institutional-or-academic-extraction
A-RES-107-C66,A-RES-107,A,Page 19,17291 - 17540,250,CorpusA_Chunks\A-RES-107\A-RES-107-C66.txt,"M,A,A,A,A,M",supplychain_research-compliance-framework,direct-institutional-or-academic-extraction
A-RES-107-C67,A-RES-107,A,Page 19,17541 - 17790,250,CorpusA_Chunks\A-RES-107\A-RES-107-C67.txt,"M,A,A,A,A,M",supplychain_research-compliance-framework,direct-institutional-or-academic-extraction
A-RES-107-C68,A-RES-107,A,Page 19,17791 - 18021,231,CorpusA_Chunks\A-RES-107\A-RES-107-C68.txt,"M,A,A,A,A,M",supplychain_research-compliance-framework,direct-institutional-or-academic-extraction
A-RES-108-C01,A-RES-108,A,Page 1,1 - 250,250,CorpusA_Chunks\A-RES-108\A-RES-108-C01.txt,"M,A,A,A,A,A",supplychain_research-compliance-framework,direct-institutional-or-academic-extraction
A-RES-108-C02,A-RES-108,A,Page 1,251 - 500,250,CorpusA_Chunks\A-RES-108\A-RES-108-C02.txt,"M,A,A,A,A,A",supplychain_research-compliance-framework,direct-institutional-or-academic-extraction
A-RES-108-C03,A-RES-108,A,Page 1,501 - 779,279,CorpusA_Chunks\A-RES-108\A-RES-108-C03.txt,"M,A,A,A,A,A",supplychain_research-compliance-framework,direct-institutional-or-academic-extraction
A-RES-108-C04,A-RES-108,A,Page 2,780 - 1029,250,CorpusA_Chunks\A-RES-108\A-RES-108-C04.txt,"M,A,A,A,A,A",supplychain_research-compliance-framework,direct-institutional-or-academic-extraction
A-RES-108-C05,A-RES-108,A,Page 2,1030 - 1279,250,CorpusA_Chunks\A-RES-108\A-RES-108-C05.txt,"M,A,A,A,A,A",supplychain_research-compliance-framework,direct-institutional-or-academic-extraction
A-RES-108-C06,A-RES-108,A,Page 2,1280 - 1529,250,CorpusA_Chunks\A-RES-108\A-RES-108-C06.txt,"M,A,A,A,A,A",supplychain_research-compliance-framework,direct-institutional-or-academic-extraction
A-RES-108-C07,A-RES-108,A,Page 2,1530 - 1779,250,CorpusA_Chunks\A-RES-108\A-RES-108-C07.txt,"M,A,A,A,A,A",supplychain_research-compliance-framework,direct-institutional-or-academic-extraction
A-RES-108-C08,A-RES-108,A,Page 2,1780 - 2030,251,CorpusA_Chunks\A-RES-108\A-RES-108-C08.txt,"M,A,A,A,A,A",supplychain_research-compliance-framework,direct-institutional-or-academic-extraction
A-RES-108-C09,A-RES-108,A,Page 3,2031 - 2280,250,CorpusA_Chunks\A-RES-108\A-RES-108-C09.txt,"M,A,A,A,A,A",supplychain_research-compliance-framework,direct-institutional-or-academic-extraction
A-RES-108-C10,A-RES-108,A,Page 3,2281 - 2530,250,CorpusA_Chunks\A-RES-108\A-RES-108-C10.txt,"M,A,A,A,A,A",supplychain_research-compliance-framework,direct-institutional-or-academic-extraction
A-RES-108-C11,A-RES-108,A,Page 3,2531 - 2780,250,CorpusA_Chunks\A-RES-108\A-RES-108-C11.txt,"M,A,A,A,A,A",supplychain_research-compliance-framework,direct-institutional-or-academic-extraction
A-RES-108-C12,A-RES-108,A,Page 3,2781 - 3030,250,CorpusA_Chunks\A-RES-108\A-RES-108-C12.txt,"M,A,A,A,A,A",supplychain_research-compliance-framework,direct-institutional-or-academic-extraction
A-RES-108-C13,A-RES-108,A,Page 3,3031 - 3280,250,CorpusA_Chunks\A-RES-108\A-RES-108-C13.txt,"M,A,A,A,A,A",supplychain_research-compliance-framework,direct-institutional-or-academic-extraction
A-RES-108-C14,A-RES-108,A,Page 3 to Page 4,3281 - 3530,250,CorpusA_Chunks\A-RES-108\A-RES-108-C14.txt,"M,A,A,A,A,A",supplychain_research-compliance-framework,direct-institutional-or-academic-extraction
A-RES-108-C15,A-RES-108,A,Page 4,3531 - 3780,250,CorpusA_Chunks\A-RES-108\A-RES-108-C15.txt,"M,A,A,A,A,A",supplychain_research-compliance-framework,direct-institutional-or-academic-extraction
A-RES-108-C16,A-RES-108,A,Page 4,3781 - 4030,250,CorpusA_Chunks\A-RES-108\A-RES-108-C16.txt,"M,A,A,A,A,A",supplychain_research-compliance-framework,direct-institutional-or-academic-extraction
A-RES-108-C17,A-RES-108,A,Page 4,4031 - 4280,250,CorpusA_Chunks\A-RES-108\A-RES-108-C17.txt,"M,A,A,A,A,A",supplychain_research-compliance-framework,direct-institutional-or-academic-extraction
A-RES-108-C18,A-RES-108,A,Page 4,4281 - 4554,274,CorpusA_Chunks\A-RES-108\A-RES-108-C18.txt,"M,A,A,A,A,A",supplychain_research-compliance-framework,direct-institutional-or-academic-extraction
A-RES-108-C19,A-RES-108,A,Page 5,4555 - 4804,250,CorpusA_Chunks\A-RES-108\A-RES-108-C19.txt,"M,A,A,A,A,A",supplychain_research-compliance-framework,direct-institutional-or-academic-extraction
A-RES-108-C20,A-RES-108,A,Page 5,4805 - 5054,250,CorpusA_Chunks\A-RES-108\A-RES-108-C20.txt,"M,A,A,A,A,A",supplychain_research-compliance-framework,direct-institutional-or-academic-extraction
A-RES-108-C21,A-RES-108,A,Page 5,5055 - 5304,250,CorpusA_Chunks\A-RES-108\A-RES-108-C21.txt,"M,A,A,A,A,A",supplychain_research-compliance-framework,direct-institutional-or-academic-extraction
A-RES-108-C22,A-RES-108,A,Page 5,5305 - 5658,354,CorpusA_Chunks\A-RES-108\A-RES-108-C22.txt,"M,A,A,A,A,A",supplychain_research-compliance-framework,direct-institutional-or-academic-extraction
A-RES-108-C23,A-RES-108,A,Page 6,5659 - 5908,250,CorpusA_Chunks\A-RES-108\A-RES-108-C23.txt,"M,A,A,A,A,A",supplychain_research-compliance-framework,direct-institutional-or-academic-extraction
A-RES-108-C24,A-RES-108,A,Page 6 to Page 7,5909 - 6158,250,CorpusA_Chunks\A-RES-108\A-RES-108-C24.txt,"M,A,A,A,A,A",supplychain_research-compliance-framework,direct-institutional-or-academic-extraction
A-RES-108-C25,A-RES-108,A,Page 7,6159 - 6408,250,CorpusA_Chunks\A-RES-108\A-RES-108-C25.txt,"M,A,A,A,A,A",supplychain_research-compliance-framework,direct-institutional-or-academic-extraction
A-RES-108-C26,A-RES-108,A,Page 7,6409 - 6658,250,CorpusA_Chunks\A-RES-108\A-RES-108-C26.txt,"M,A,A,A,A,A",supplychain_research-compliance-framework,direct-institutional-or-academic-extraction
A-RES-108-C27,A-RES-108,A,Page 7,6659 - 6908,250,CorpusA_Chunks\A-RES-108\A-RES-108-C27.txt,"M,A,A,A,A,A",supplychain_research-compliance-framework,direct-institutional-or-academic-extraction
A-RES-108-C28,A-RES-108,A,Page 7,6909 - 7158,250,CorpusA_Chunks\A-RES-108\A-RES-108-C28.txt,"M,A,A,A,A,A",supplychain_research-compliance-framework,direct-institutional-or-academic-extraction
A-RES-108-C29,A-RES-108,A,Page 7 to Page 8,7159 - 7408,250,CorpusA_Chunks\A-RES-108\A-RES-108-C29.txt,"M,A,A,A,A,A",supplychain_research-compliance-framework,direct-institutional-or-academic-extraction
A-RES-108-C30,A-RES-108,A,Page 8,7409 - 7658,250,CorpusA_Chunks\A-RES-108\A-RES-108-C30.txt,"M,A,A,A,A,A",supplychain_research-compliance-framework,direct-institutional-or-academic-extraction
A-RES-108-C31,A-RES-108,A,Page 8,7659 - 7908,250,CorpusA_Chunks\A-RES-108\A-RES-108-C31.txt,"M,A,A,A,A,A",supplychain_research-compliance-framework,direct-institutional-or-academic-extraction
A-RES-108-C32,A-RES-108,A,Page 8,7909 - 8158,250,CorpusA_Chunks\A-RES-108\A-RES-108-C32.txt,"M,A,A,A,A,A",supplychain_research-compliance-framework,direct-institutional-or-academic-extraction
A-RES-108-C33,A-RES-108,A,Page 8,8159 - 8452,294,CorpusA_Chunks\A-RES-108\A-RES-108-C33.txt,"M,A,A,A,A,A",supplychain_research-compliance-framework,direct-institutional-or-academic-extraction
A-RES-108-C34,A-RES-108,A,Page 9,8453 - 8702,250,CorpusA_Chunks\A-RES-108\A-RES-108-C34.txt,"M,A,A,A,A,A",supplychain_research-compliance-framework,direct-institutional-or-academic-extraction
A-RES-108-C35,A-RES-108,A,Page 9,8703 - 8952,250,CorpusA_Chunks\A-RES-108\A-RES-108-C35.txt,"M,A,A,A,A,A",supplychain_research-compliance-framework,direct-institutional-or-academic-extraction
A-RES-108-C36,A-RES-108,A,Page 9,8953 - 9202,250,CorpusA_Chunks\A-RES-108\A-RES-108-C36.txt,"M,A,A,A,A,A",supplychain_research-compliance-framework,direct-institutional-or-academic-extraction
A-RES-108-C37,A-RES-108,A,Page 9,9203 - 9452,250,CorpusA_Chunks\A-RES-108\A-RES-108-C37.txt,"M,A,A,A,A,A",supplychain_research-compliance-framework,direct-institutional-or-academic-extraction
A-RES-108-C38,A-RES-108,A,Page 9,9453 - 9803,351,CorpusA_Chunks\A-RES-108\A-RES-108-C38.txt,"M,A,A,A,A,A",supplychain_research-compliance-framework,direct-institutional-or-academic-extraction
A-RES-108-C39,A-RES-108,A,Page 10,9804 - 10053,250,CorpusA_Chunks\A-RES-108\A-RES-108-C39.txt,"M,A,A,A,A,A",supplychain_research-compliance-framework,direct-institutional-or-academic-extraction
A-RES-108-C40,A-RES-108,A,Page 10,10054 - 10324,271,CorpusA_Chunks\A-RES-108\A-RES-108-C40.txt,"M,A,A,A,A,A",supplychain_research-compliance-framework,direct-institutional-or-academic-extraction
A-RES-108-C41,A-RES-108,A,Page 11,10325 - 10574,250,CorpusA_Chunks\A-RES-108\A-RES-108-C41.txt,"M,A,A,A,A,A",supplychain_research-compliance-framework,direct-institutional-or-academic-extraction
A-RES-108-C42,A-RES-108,A,Page 11,10575 - 10824,250,CorpusA_Chunks\A-RES-108\A-RES-108-C42.txt,"M,A,A,A,A,A",supplychain_research-compliance-framework,direct-institutional-or-academic-extraction
A-RES-108-C43,A-RES-108,A,Page 11,10825 - 11074,250,CorpusA_Chunks\A-RES-108\A-RES-108-C43.txt,"M,A,A,A,A,A",supplychain_research-compliance-framework,direct-institutional-or-academic-extraction
A-RES-108-C44,A-RES-108,A,Page 11,11075 - 11324,250,CorpusA_Chunks\A-RES-108\A-RES-108-C44.txt,"M,A,A,A,A,A",supplychain_research-compliance-framework,direct-institutional-or-academic-extraction
A-RES-108-C45,A-RES-108,A,Page 11,11325 - 11574,250,CorpusA_Chunks\A-RES-108\A-RES-108-C45.txt,"M,A,A,A,A,A",supplychain_research-compliance-framework,direct-institutional-or-academic-extraction
A-RES-108-C46,A-RES-108,A,Page 11,11575 - 11824,250,CorpusA_Chunks\A-RES-108\A-RES-108-C46.txt,"M,A,A,A,A,A",supplychain_research-compliance-framework,direct-institutional-or-academic-extraction
A-RES-108-C47,A-RES-108,A,Page 11,11825 - 12092,268,CorpusA_Chunks\A-RES-108\A-RES-108-C47.txt,"M,A,A,A,A,A",supplychain_research-compliance-framework,direct-institutional-or-academic-extraction
A-RES-108-C48,A-RES-108,A,Page 12,12093 - 12342,250,CorpusA_Chunks\A-RES-108\A-RES-108-C48.txt,"M,A,A,A,A,A",supplychain_research-compliance-framework,direct-institutional-or-academic-extraction
A-RES-108-C49,A-RES-108,A,Page 12,12343 - 12592,250,CorpusA_Chunks\A-RES-108\A-RES-108-C49.txt,"M,A,A,A,A,A",supplychain_research-compliance-framework,direct-institutional-or-academic-extraction
A-RES-108-C50,A-RES-108,A,Page 12,12593 - 12842,250,CorpusA_Chunks\A-RES-108\A-RES-108-C50.txt,"M,A,A,A,A,A",supplychain_research-compliance-framework,direct-institutional-or-academic-extraction
A-RES-108-C51,A-RES-108,A,Page 12,12843 - 13092,250,CorpusA_Chunks\A-RES-108\A-RES-108-C51.txt,"M,A,A,A,A,A",supplychain_research-compliance-framework,direct-institutional-or-academic-extraction
A-RES-108-C52,A-RES-108,A,Page 12,13093 - 13342,250,CorpusA_Chunks\A-RES-108\A-RES-108-C52.txt,"M,A,A,A,A,A",supplychain_research-compliance-framework,direct-institutional-or-academic-extraction
A-RES-108-C53,A-RES-108,A,Page 12,13343 - 13592,250,CorpusA_Chunks\A-RES-108\A-RES-108-C53.txt,"M,A,A,A,A,A",supplychain_research-compliance-framework,direct-institutional-or-academic-extraction
A-RES-108-C54,A-RES-108,A,Page 12,13593 - 13842,250,CorpusA_Chunks\A-RES-108\A-RES-108-C54.txt,"M,A,A,A,A,A",supplychain_research-compliance-framework,direct-institutional-or-academic-extraction
A-RES-108-C55,A-RES-108,A,Page 12,13843 - 14097,255,CorpusA_Chunks\A-RES-108\A-RES-108-C55.txt,"M,A,A,A,A,A",supplychain_research-compliance-framework,direct-institutional-or-academic-extraction
A-RES-108-C56,A-RES-108,A,Page 13,14098 - 14257,160,CorpusA_Chunks\A-RES-108\A-RES-108-C56.txt,"M,A,A,A,A,A",supplychain_research-compliance-framework,direct-institutional-or-academic-extraction
A-MOFPI-103-C01,A-MOFPI-103,A,Page 1,1 - 260,260,CorpusA_Chunks\A-MOFPI-103\A-MOFPI-103-C01.txt,"A,A,A,A,A,A",mofpi_pib-compliance-framework,direct-institutional-or-academic-extraction
A-MOFPI-103-C02,A-MOFPI-103,A,Page 2 to Page 3,261 - 599,339,CorpusA_Chunks\A-MOFPI-103\A-MOFPI-103-C02.txt,"A,A,A,A,A,A",mofpi_pib-compliance-framework,direct-institutional-or-academic-extraction
A-MOFPI-103-C03,A-MOFPI-103,A,Page 4,600 - 849,250,CorpusA_Chunks\A-MOFPI-103\A-MOFPI-103-C03.txt,"A,A,A,A,A,A",mofpi_pib-compliance-framework,direct-institutional-or-academic-extraction
A-MOFPI-103-C04,A-MOFPI-103,A,Page 4 to Page 5,850 - 1099,250,CorpusA_Chunks\A-MOFPI-103\A-MOFPI-103-C04.txt,"A,A,A,A,A,A",mofpi_pib-compliance-framework,direct-institutional-or-academic-extraction
A-MOFPI-103-C05,A-MOFPI-103,A,Page 5 to Page 6,1100 - 1349,250,CorpusA_Chunks\A-MOFPI-103\A-MOFPI-103-C05.txt,"A,A,A,A,A,A",mofpi_pib-compliance-framework,direct-institutional-or-academic-extraction
A-MOFPI-103-C06,A-MOFPI-103,A,Page 6,1350 - 1747,398,CorpusA_Chunks\A-MOFPI-103\A-MOFPI-103-C06.txt,"A,A,A,A,A,A",mofpi_pib-compliance-framework,direct-institutional-or-academic-extraction
A-MOFPI-103-C07,A-MOFPI-103,A,Page 7 to Page 8,1748 - 1997,250,CorpusA_Chunks\A-MOFPI-103\A-MOFPI-103-C07.txt,"A,A,A,A,A,A",mofpi_pib-compliance-framework,direct-institutional-or-academic-extraction
A-MOFPI-103-C08,A-MOFPI-103,A,Page 8 to Page 9,1998 - 2247,250,CorpusA_Chunks\A-MOFPI-103\A-MOFPI-103-C08.txt,"A,A,A,A,A,A",mofpi_pib-compliance-framework,direct-institutional-or-academic-extraction
A-MOFPI-103-C09,A-MOFPI-103,A,Page 9 to Page 10,2248 - 2497,250,CorpusA_Chunks\A-MOFPI-103\A-MOFPI-103-C09.txt,"A,A,A,A,A,A",mofpi_pib-compliance-framework,direct-institutional-or-academic-extraction
A-MOFPI-103-C10,A-MOFPI-103,A,Page 10,2498 - 2771,274,CorpusA_Chunks\A-MOFPI-103\A-MOFPI-103-C10.txt,"A,A,A,A,A,A",mofpi_pib-compliance-framework,direct-institutional-or-academic-extraction
A-MOFPI-103-C11,A-MOFPI-103,A,Page 11 to Page 12,2772 - 3021,250,CorpusA_Chunks\A-MOFPI-103\A-MOFPI-103-C11.txt,"A,A,A,A,A,A",mofpi_pib-compliance-framework,direct-institutional-or-academic-extraction
A-MOFPI-103-C12,A-MOFPI-103,A,Page 12,3022 - 3278,257,CorpusA_Chunks\A-MOFPI-103\A-MOFPI-103-C12.txt,"A,A,A,A,A,A",mofpi_pib-compliance-framework,direct-institutional-or-academic-extraction
A-MOFPI-103-C13,A-MOFPI-103,A,Page 13 to Page 14,3279 - 3528,250,CorpusA_Chunks\A-MOFPI-103\A-MOFPI-103-C13.txt,"A,A,A,A,A,A",mofpi_pib-compliance-framework,direct-institutional-or-academic-extraction
A-MOFPI-103-C14,A-MOFPI-103,A,Page 14 to Page 17,3529 - 3808,280,CorpusA_Chunks\A-MOFPI-103\A-MOFPI-103-C14.txt,"A,A,A,A,A,A",mofpi_pib-compliance-framework,direct-institutional-or-academic-extraction
A-MOFPI-104-C01,A-MOFPI-104,A,Page 1 to Page 2,1 - 351,351,CorpusA_Chunks\A-MOFPI-104\A-MOFPI-104-C01.txt,"A,A,A,A,A,A",mofpi_pib-compliance-framework,direct-institutional-or-academic-extraction
A-MOFPI-104-C02,A-MOFPI-104,A,Page 3,352 - 663,312,CorpusA_Chunks\A-MOFPI-104\A-MOFPI-104-C02.txt,"A,A,A,A,A,A",mofpi_pib-compliance-framework,direct-institutional-or-academic-extraction
A-MOFPI-104-C03,A-MOFPI-104,A,Page 4,664 - 930,267,CorpusA_Chunks\A-MOFPI-104\A-MOFPI-104-C03.txt,"A,A,A,A,A,A",mofpi_pib-compliance-framework,direct-institutional-or-academic-extraction
A-MOFPI-104-C04,A-MOFPI-104,A,Page 5 to Page 6,931 - 1155,225,CorpusA_Chunks\A-MOFPI-104\A-MOFPI-104-C04.txt,"A,A,A,A,A,A",mofpi_pib-compliance-framework,direct-institutional-or-academic-extraction
A-MOFPI-105-C01,A-MOFPI-105,A,Page 1 to Page 3,1 - 250,250,CorpusA_Chunks\A-MOFPI-105\A-MOFPI-105-C01.txt,"A,A,A,A,A,A",mofpi_pib-compliance-framework,direct-institutional-or-academic-extraction
A-MOFPI-105-C02,A-MOFPI-105,A,Page 3 to Page 4,251 - 500,250,CorpusA_Chunks\A-MOFPI-105\A-MOFPI-105-C02.txt,"A,A,A,A,A,A",mofpi_pib-compliance-framework,direct-institutional-or-academic-extraction
A-MOFPI-105-C03,A-MOFPI-105,A,Page 4 to Page 5,501 - 750,250,CorpusA_Chunks\A-MOFPI-105\A-MOFPI-105-C03.txt,"A,A,A,A,A,A",mofpi_pib-compliance-framework,direct-institutional-or-academic-extraction
A-MOFPI-105-C04,A-MOFPI-105,A,Page 5 to Page 6,751 - 1147,397,CorpusA_Chunks\A-MOFPI-105\A-MOFPI-105-C04.txt,"A,A,A,A,A,A",mofpi_pib-compliance-framework,direct-institutional-or-academic-extraction
A-MOFPI-106-C01,A-MOFPI-106,A,Page 1 to Page 2,1 - 394,394,CorpusA_Chunks\A-MOFPI-106\A-MOFPI-106-C01.txt,"A,A,A,A,A,A",mofpi_pib-compliance-framework,direct-institutional-or-academic-extraction
A-MOFPI-106-C02,A-MOFPI-106,A,Page 3 to Page 4,395 - 716,322,CorpusA_Chunks\A-MOFPI-106\A-MOFPI-106-C02.txt,"A,A,A,A,A,A",mofpi_pib-compliance-framework,direct-institutional-or-academic-extraction
A-MOFPI-106-C03,A-MOFPI-106,A,Page 5 to Page 6,717 - 966,250,CorpusA_Chunks\A-MOFPI-106\A-MOFPI-106-C03.txt,"A,A,A,A,A,A",mofpi_pib-compliance-framework,direct-institutional-or-academic-extraction
A-MOFPI-106-C04,A-MOFPI-106,A,Page 6 to Page 7,967 - 1216,250,CorpusA_Chunks\A-MOFPI-106\A-MOFPI-106-C04.txt,"A,A,A,A,A,A",mofpi_pib-compliance-framework,direct-institutional-or-academic-extraction
A-MOFPI-106-C05,A-MOFPI-106,A,Page 7,1217 - 1408,192,CorpusA_Chunks\A-MOFPI-106\A-MOFPI-106-C05.txt,"A,A,A,A,A,A",mofpi_pib-compliance-framework,direct-institutional-or-academic-extraction
A-MSME-104-C01,A-MSME-104,A,Page 1,1 - 325,325,CorpusA_Chunks\A-MSME-104\A-MSME-104-C01.txt,"M,A,A,A,A,A",niti_msme-compliance-framework,direct-institutional-or-academic-extraction
A-MSME-104-C02,A-MSME-104,A,Page 2 to Page 3,326 - 575,250,CorpusA_Chunks\A-MSME-104\A-MSME-104-C02.txt,"M,A,A,A,A,A",niti_msme-compliance-framework,direct-institutional-or-academic-extraction
A-MSME-104-C03,A-MSME-104,A,Page 3 to Page 4,576 - 825,250,CorpusA_Chunks\A-MSME-104\A-MSME-104-C03.txt,"M,A,A,A,A,A",niti_msme-compliance-framework,direct-institutional-or-academic-extraction
A-MSME-104-C04,A-MSME-104,A,Page 4,826 - 1159,334,CorpusA_Chunks\A-MSME-104\A-MSME-104-C04.txt,"M,A,A,A,A,A",niti_msme-compliance-framework,direct-institutional-or-academic-extraction
A-MSME-104-C05,A-MSME-104,A,Page 5,1160 - 1409,250,CorpusA_Chunks\A-MSME-104\A-MSME-104-C05.txt,"M,A,A,A,A,A",niti_msme-compliance-framework,direct-institutional-or-academic-extraction
A-MSME-104-C06,A-MSME-104,A,Page 5,1410 - 1726,317,CorpusA_Chunks\A-MSME-104\A-MSME-104-C06.txt,"M,A,A,A,A,A",niti_msme-compliance-framework,direct-institutional-or-academic-extraction
A-MSME-104-C07,A-MSME-104,A,Page 6,1727 - 2085,359,CorpusA_Chunks\A-MSME-104\A-MSME-104-C07.txt,"M,A,A,A,A,A",niti_msme-compliance-framework,direct-institutional-or-academic-extraction
A-MSME-104-C08,A-MSME-104,A,Page 7,2086 - 2335,250,CorpusA_Chunks\A-MSME-104\A-MSME-104-C08.txt,"M,A,A,A,A,A",niti_msme-compliance-framework,direct-institutional-or-academic-extraction
A-MSME-104-C09,A-MSME-104,A,Page 7,2336 - 2720,385,CorpusA_Chunks\A-MSME-104\A-MSME-104-C09.txt,"M,A,A,A,A,A",niti_msme-compliance-framework,direct-institutional-or-academic-extraction
A-MSME-104-C10,A-MSME-104,A,Page 8 to Page 9,2721 - 2970,250,CorpusA_Chunks\A-MSME-104\A-MSME-104-C10.txt,"M,A,A,A,A,A",niti_msme-compliance-framework,direct-institutional-or-academic-extraction
A-MSME-104-C11,A-MSME-104,A,Page 9,2971 - 3220,250,CorpusA_Chunks\A-MSME-104\A-MSME-104-C11.txt,"M,A,A,A,A,A",niti_msme-compliance-framework,direct-institutional-or-academic-extraction
A-MSME-104-C12,A-MSME-104,A,Page 9,3221 - 3567,347,CorpusA_Chunks\A-MSME-104\A-MSME-104-C12.txt,"M,A,A,A,A,A",niti_msme-compliance-framework,direct-institutional-or-academic-extraction
A-MSME-104-C13,A-MSME-104,A,Page 10 to Page 11,3568 - 3817,250,CorpusA_Chunks\A-MSME-104\A-MSME-104-C13.txt,"M,A,A,A,A,A",niti_msme-compliance-framework,direct-institutional-or-academic-extraction
A-MSME-104-C14,A-MSME-104,A,Page 11,3818 - 4067,250,CorpusA_Chunks\A-MSME-104\A-MSME-104-C14.txt,"M,A,A,A,A,A",niti_msme-compliance-framework,direct-institutional-or-academic-extraction
A-MSME-104-C15,A-MSME-104,A,Page 11 to Page 12,4068 - 4317,250,CorpusA_Chunks\A-MSME-104\A-MSME-104-C15.txt,"M,A,A,A,A,A",niti_msme-compliance-framework,direct-institutional-or-academic-extraction
A-MSME-104-C16,A-MSME-104,A,Page 12,4318 - 4702,385,CorpusA_Chunks\A-MSME-104\A-MSME-104-C16.txt,"M,A,A,A,A,A",niti_msme-compliance-framework,direct-institutional-or-academic-extraction
A-MSME-104-C17,A-MSME-104,A,Page 13,4703 - 4952,250,CorpusA_Chunks\A-MSME-104\A-MSME-104-C17.txt,"M,A,A,A,A,A",niti_msme-compliance-framework,direct-institutional-or-academic-extraction
A-MSME-104-C18,A-MSME-104,A,Page 13,4953 - 5313,361,CorpusA_Chunks\A-MSME-104\A-MSME-104-C18.txt,"M,A,A,A,A,A",niti_msme-compliance-framework,direct-institutional-or-academic-extraction
A-MSME-104-C19,A-MSME-104,A,Page 14,5314 - 5692,379,CorpusA_Chunks\A-MSME-104\A-MSME-104-C19.txt,"M,A,A,A,A,A",niti_msme-compliance-framework,direct-institutional-or-academic-extraction
A-MSME-104-C20,A-MSME-104,A,Page 15,5693 - 5942,250,CorpusA_Chunks\A-MSME-104\A-MSME-104-C20.txt,"M,A,A,A,A,A",niti_msme-compliance-framework,direct-institutional-or-academic-extraction
A-MSME-104-C21,A-MSME-104,A,Page 15,5943 - 6209,267,CorpusA_Chunks\A-MSME-104\A-MSME-104-C21.txt,"M,A,A,A,A,A",niti_msme-compliance-framework,direct-institutional-or-academic-extraction
A-MSME-104-C22,A-MSME-104,A,Page 16,6210 - 6459,250,CorpusA_Chunks\A-MSME-104\A-MSME-104-C22.txt,"M,A,A,A,A,A",niti_msme-compliance-framework,direct-institutional-or-academic-extraction
A-MSME-104-C23,A-MSME-104,A,Page 16,6460 - 6736,277,CorpusA_Chunks\A-MSME-104\A-MSME-104-C23.txt,"M,A,A,A,A,A",niti_msme-compliance-framework,direct-institutional-or-academic-extraction
A-MSME-104-C24,A-MSME-104,A,Page 17,6737 - 6986,250,CorpusA_Chunks\A-MSME-104\A-MSME-104-C24.txt,"M,A,A,A,A,A",niti_msme-compliance-framework,direct-institutional-or-academic-extraction
A-MSME-104-C25,A-MSME-104,A,Page 17,6987 - 7302,316,CorpusA_Chunks\A-MSME-104\A-MSME-104-C25.txt,"M,A,A,A,A,A",niti_msme-compliance-framework,direct-institutional-or-academic-extraction
A-MSME-104-C26,A-MSME-104,A,Page 18,7303 - 7691,389,CorpusA_Chunks\A-MSME-104\A-MSME-104-C26.txt,"M,A,A,A,A,A",niti_msme-compliance-framework,direct-institutional-or-academic-extraction
A-MSME-104-C27,A-MSME-104,A,Page 19,7692 - 7941,250,CorpusA_Chunks\A-MSME-104\A-MSME-104-C27.txt,"M,A,A,A,A,A",niti_msme-compliance-framework,direct-institutional-or-academic-extraction
A-MSME-104-C28,A-MSME-104,A,Page 19,7942 - 8311,370,CorpusA_Chunks\A-MSME-104\A-MSME-104-C28.txt,"M,A,A,A,A,A",niti_msme-compliance-framework,direct-institutional-or-academic-extraction
A-MSME-104-C29,A-MSME-104,A,Page 20,8312 - 8577,266,CorpusA_Chunks\A-MSME-104\A-MSME-104-C29.txt,"M,A,A,A,A,A",niti_msme-compliance-framework,direct-institutional-or-academic-extraction
A-MSME-104-C30,A-MSME-104,A,Page 21,8578 - 8827,250,CorpusA_Chunks\A-MSME-104\A-MSME-104-C30.txt,"M,A,A,A,A,A",niti_msme-compliance-framework,direct-institutional-or-academic-extraction
A-MSME-104-C31,A-MSME-104,A,Page 21,8828 - 9093,266,CorpusA_Chunks\A-MSME-104\A-MSME-104-C31.txt,"M,A,A,A,A,A",niti_msme-compliance-framework,direct-institutional-or-academic-extraction
A-MSME-104-C32,A-MSME-104,A,Page 22,9094 - 9343,250,CorpusA_Chunks\A-MSME-104\A-MSME-104-C32.txt,"M,A,A,A,A,A",niti_msme-compliance-framework,direct-institutional-or-academic-extraction
A-MSME-104-C33,A-MSME-104,A,Page 22 to Page 23,9344 - 9593,250,CorpusA_Chunks\A-MSME-104\A-MSME-104-C33.txt,"M,A,A,A,A,A",niti_msme-compliance-framework,direct-institutional-or-academic-extraction
A-MSME-104-C34,A-MSME-104,A,Page 23,9594 - 9843,250,CorpusA_Chunks\A-MSME-104\A-MSME-104-C34.txt,"M,A,A,A,A,A",niti_msme-compliance-framework,direct-institutional-or-academic-extraction
A-MSME-104-C35,A-MSME-104,A,Page 23 to Page 24,9844 - 10093,250,CorpusA_Chunks\A-MSME-104\A-MSME-104-C35.txt,"M,A,A,A,A,A",niti_msme-compliance-framework,direct-institutional-or-academic-extraction
A-MSME-104-C36,A-MSME-104,A,Page 24,10094 - 10343,250,CorpusA_Chunks\A-MSME-104\A-MSME-104-C36.txt,"M,A,A,A,A,A",niti_msme-compliance-framework,direct-institutional-or-academic-extraction
A-MSME-104-C37,A-MSME-104,A,Page 24,10344 - 10629,286,CorpusA_Chunks\A-MSME-104\A-MSME-104-C37.txt,"M,A,A,A,A,A",niti_msme-compliance-framework,direct-institutional-or-academic-extraction
A-MSME-104-C38,A-MSME-104,A,Page 25,10630 - 10879,250,CorpusA_Chunks\A-MSME-104\A-MSME-104-C38.txt,"M,A,A,A,A,A",niti_msme-compliance-framework,direct-institutional-or-academic-extraction
A-MSME-104-C39,A-MSME-104,A,Page 25,10880 - 11165,286,CorpusA_Chunks\A-MSME-104\A-MSME-104-C39.txt,"M,A,A,A,A,A",niti_msme-compliance-framework,direct-institutional-or-academic-extraction
A-MSME-104-C40,A-MSME-104,A,Page 26,11166 - 11415,250,CorpusA_Chunks\A-MSME-104\A-MSME-104-C40.txt,"M,A,A,A,A,A",niti_msme-compliance-framework,direct-institutional-or-academic-extraction
A-MSME-104-C41,A-MSME-104,A,Page 26 to Page 27,11416 - 11665,250,CorpusA_Chunks\A-MSME-104\A-MSME-104-C41.txt,"M,A,A,A,A,A",niti_msme-compliance-framework,direct-institutional-or-academic-extraction
A-MSME-104-C42,A-MSME-104,A,Page 27,11666 - 11915,250,CorpusA_Chunks\A-MSME-104\A-MSME-104-C42.txt,"M,A,A,A,A,A",niti_msme-compliance-framework,direct-institutional-or-academic-extraction
A-MSME-104-C43,A-MSME-104,A,Page 27,11916 - 12277,362,CorpusA_Chunks\A-MSME-104\A-MSME-104-C43.txt,"M,A,A,A,A,A",niti_msme-compliance-framework,direct-institutional-or-academic-extraction
A-MSME-104-C44,A-MSME-104,A,Page 28,12278 - 12527,250,CorpusA_Chunks\A-MSME-104\A-MSME-104-C44.txt,"M,A,A,A,A,A",niti_msme-compliance-framework,direct-institutional-or-academic-extraction
A-MSME-104-C45,A-MSME-104,A,Page 28,12528 - 12777,250,CorpusA_Chunks\A-MSME-104\A-MSME-104-C45.txt,"M,A,A,A,A,A",niti_msme-compliance-framework,direct-institutional-or-academic-extraction
A-MSME-104-C46,A-MSME-104,A,Page 28 to Page 29,12778 - 13027,250,CorpusA_Chunks\A-MSME-104\A-MSME-104-C46.txt,"M,A,A,A,A,A",niti_msme-compliance-framework,direct-institutional-or-academic-extraction
A-MSME-104-C47,A-MSME-104,A,Page 29,13028 - 13277,250,CorpusA_Chunks\A-MSME-104\A-MSME-104-C47.txt,"M,A,A,A,A,A",niti_msme-compliance-framework,direct-institutional-or-academic-extraction
A-MSME-104-C48,A-MSME-104,A,Page 29,13278 - 13621,344,CorpusA_Chunks\A-MSME-104\A-MSME-104-C48.txt,"M,A,A,A,A,A",niti_msme-compliance-framework,direct-institutional-or-academic-extraction
A-MSME-104-C49,A-MSME-104,A,Page 30,13622 - 13919,298,CorpusA_Chunks\A-MSME-104\A-MSME-104-C49.txt,"M,A,A,A,A,A",niti_msme-compliance-framework,direct-institutional-or-academic-extraction
A-MSME-104-C50,A-MSME-104,A,Page 31,13920 - 14169,250,CorpusA_Chunks\A-MSME-104\A-MSME-104-C50.txt,"M,A,A,A,A,A",niti_msme-compliance-framework,direct-institutional-or-academic-extraction
A-MSME-104-C51,A-MSME-104,A,Page 31,14170 - 14460,291,CorpusA_Chunks\A-MSME-104\A-MSME-104-C51.txt,"M,A,A,A,A,A",niti_msme-compliance-framework,direct-institutional-or-academic-extraction
A-MSME-104-C52,A-MSME-104,A,Page 32,14461 - 14740,280,CorpusA_Chunks\A-MSME-104\A-MSME-104-C52.txt,"M,A,A,A,A,A",niti_msme-compliance-framework,direct-institutional-or-academic-extraction
A-MSME-104-C53,A-MSME-104,A,Page 33,14741 - 14990,250,CorpusA_Chunks\A-MSME-104\A-MSME-104-C53.txt,"M,A,A,A,A,A",niti_msme-compliance-framework,direct-institutional-or-academic-extraction
A-MSME-104-C54,A-MSME-104,A,Page 33,14991 - 15287,297,CorpusA_Chunks\A-MSME-104\A-MSME-104-C54.txt,"M,A,A,A,A,A",niti_msme-compliance-framework,direct-institutional-or-academic-extraction
A-MSME-104-C55,A-MSME-104,A,Page 34,15288 - 15639,352,CorpusA_Chunks\A-MSME-104\A-MSME-104-C55.txt,"M,A,A,A,A,A",niti_msme-compliance-framework,direct-institutional-or-academic-extraction
A-MSME-104-C56,A-MSME-104,A,Page 35,15640 - 15889,250,CorpusA_Chunks\A-MSME-104\A-MSME-104-C56.txt,"M,A,A,A,A,A",niti_msme-compliance-framework,direct-institutional-or-academic-extraction
A-MSME-104-C57,A-MSME-104,A,Page 35 to Page 36,15890 - 16139,250,CorpusA_Chunks\A-MSME-104\A-MSME-104-C57.txt,"M,A,A,A,A,A",niti_msme-compliance-framework,direct-institutional-or-academic-extraction
A-MSME-104-C58,A-MSME-104,A,Page 36,16140 - 16389,250,CorpusA_Chunks\A-MSME-104\A-MSME-104-C58.txt,"M,A,A,A,A,A",niti_msme-compliance-framework,direct-institutional-or-academic-extraction
A-MSME-104-C59,A-MSME-104,A,Page 36,16390 - 16694,305,CorpusA_Chunks\A-MSME-104\A-MSME-104-C59.txt,"M,A,A,A,A,A",niti_msme-compliance-framework,direct-institutional-or-academic-extraction
A-MSME-104-C60,A-MSME-104,A,Page 37,16695 - 16944,250,CorpusA_Chunks\A-MSME-104\A-MSME-104-C60.txt,"M,A,A,A,A,A",niti_msme-compliance-framework,direct-institutional-or-academic-extraction
A-MSME-104-C61,A-MSME-104,A,Page 37,16945 - 17224,280,CorpusA_Chunks\A-MSME-104\A-MSME-104-C61.txt,"M,A,A,A,A,A",niti_msme-compliance-framework,direct-institutional-or-academic-extraction
A-MSME-104-C62,A-MSME-104,A,Page 38,17225 - 17474,250,CorpusA_Chunks\A-MSME-104\A-MSME-104-C62.txt,"M,A,A,A,A,A",niti_msme-compliance-framework,direct-institutional-or-academic-extraction
A-MSME-104-C63,A-MSME-104,A,Page 38,17475 - 17839,365,CorpusA_Chunks\A-MSME-104\A-MSME-104-C63.txt,"M,A,A,A,A,A",niti_msme-compliance-framework,direct-institutional-or-academic-extraction
A-MSME-104-C64,A-MSME-104,A,Page 39,17840 - 18089,250,CorpusA_Chunks\A-MSME-104\A-MSME-104-C64.txt,"M,A,A,A,A,A",niti_msme-compliance-framework,direct-institutional-or-academic-extraction
A-MSME-104-C65,A-MSME-104,A,Page 39,18090 - 18386,297,CorpusA_Chunks\A-MSME-104\A-MSME-104-C65.txt,"M,A,A,A,A,A",niti_msme-compliance-framework,direct-institutional-or-academic-extraction
A-MSME-104-C66,A-MSME-104,A,Page 40,18387 - 18636,250,CorpusA_Chunks\A-MSME-104\A-MSME-104-C66.txt,"M,A,A,A,A,A",niti_msme-compliance-framework,direct-institutional-or-academic-extraction
A-MSME-104-C67,A-MSME-104,A,Page 40,18637 - 18919,283,CorpusA_Chunks\A-MSME-104\A-MSME-104-C67.txt,"M,A,A,A,A,A",niti_msme-compliance-framework,direct-institutional-or-academic-extraction
A-MSME-104-C68,A-MSME-104,A,Page 41,18920 - 19169,250,CorpusA_Chunks\A-MSME-104\A-MSME-104-C68.txt,"M,A,A,A,A,A",niti_msme-compliance-framework,direct-institutional-or-academic-extraction
A-MSME-104-C69,A-MSME-104,A,Page 41 to Page 42,19170 - 19419,250,CorpusA_Chunks\A-MSME-104\A-MSME-104-C69.txt,"M,A,A,A,A,A",niti_msme-compliance-framework,direct-institutional-or-academic-extraction
A-MSME-104-C70,A-MSME-104,A,Page 42,19420 - 19669,250,CorpusA_Chunks\A-MSME-104\A-MSME-104-C70.txt,"M,A,A,A,A,A",niti_msme-compliance-framework,direct-institutional-or-academic-extraction
A-MSME-104-C71,A-MSME-104,A,Page 42 to Page 43,19670 - 19919,250,CorpusA_Chunks\A-MSME-104\A-MSME-104-C71.txt,"M,A,A,A,A,A",niti_msme-compliance-framework,direct-institutional-or-academic-extraction
A-MSME-104-C72,A-MSME-104,A,Page 43,19920 - 20169,250,CorpusA_Chunks\A-MSME-104\A-MSME-104-C72.txt,"M,A,A,A,A,A",niti_msme-compliance-framework,direct-institutional-or-academic-extraction
A-MSME-104-C73,A-MSME-104,A,Page 43 to Page 44,20170 - 20419,250,CorpusA_Chunks\A-MSME-104\A-MSME-104-C73.txt,"M,A,A,A,A,A",niti_msme-compliance-framework,direct-institutional-or-academic-extraction
A-MSME-104-C74,A-MSME-104,A,Page 44,20420 - 20815,396,CorpusA_Chunks\A-MSME-104\A-MSME-104-C74.txt,"M,A,A,A,A,A",niti_msme-compliance-framework,direct-institutional-or-academic-extraction
A-RES-109-C01,A-RES-109,A,Page 1,1 - 250,250,CorpusA_Chunks\A-RES-109\A-RES-109-C01.txt,"M,A,A,A,A,A",supplychain_research-compliance-framework,direct-institutional-or-academic-extraction
A-RES-109-C02,A-RES-109,A,Page 1,251 - 500,250,CorpusA_Chunks\A-RES-109\A-RES-109-C02.txt,"M,A,A,A,A,A",supplychain_research-compliance-framework,direct-institutional-or-academic-extraction
A-RES-109-C03,A-RES-109,A,Page 1,501 - 756,256,CorpusA_Chunks\A-RES-109\A-RES-109-C03.txt,"M,A,A,A,A,A",supplychain_research-compliance-framework,direct-institutional-or-academic-extraction
A-RES-109-C04,A-RES-109,A,Page 2,757 - 1006,250,CorpusA_Chunks\A-RES-109\A-RES-109-C04.txt,"M,A,A,A,A,A",supplychain_research-compliance-framework,direct-institutional-or-academic-extraction
A-RES-109-C05,A-RES-109,A,Page 2,1007 - 1256,250,CorpusA_Chunks\A-RES-109\A-RES-109-C05.txt,"M,A,A,A,A,A",supplychain_research-compliance-framework,direct-institutional-or-academic-extraction
A-RES-109-C06,A-RES-109,A,Page 2,1257 - 1509,253,CorpusA_Chunks\A-RES-109\A-RES-109-C06.txt,"M,A,A,A,A,A",supplychain_research-compliance-framework,direct-institutional-or-academic-extraction
A-RES-109-C07,A-RES-109,A,Page 3,1510 - 1760,251,CorpusA_Chunks\A-RES-109\A-RES-109-C07.txt,"M,A,A,A,A,A",supplychain_research-compliance-framework,direct-institutional-or-academic-extraction
A-RES-109-C08,A-RES-109,A,Page 4,1761 - 2010,250,CorpusA_Chunks\A-RES-109\A-RES-109-C08.txt,"M,A,A,A,A,A",supplychain_research-compliance-framework,direct-institutional-or-academic-extraction
A-RES-109-C09,A-RES-109,A,Page 4,2011 - 2402,392,CorpusA_Chunks\A-RES-109\A-RES-109-C09.txt,"M,A,A,A,A,A",supplychain_research-compliance-framework,direct-institutional-or-academic-extraction
A-RES-109-C10,A-RES-109,A,Page 5,2403 - 2652,250,CorpusA_Chunks\A-RES-109\A-RES-109-C10.txt,"M,A,A,A,A,A",supplychain_research-compliance-framework,direct-institutional-or-academic-extraction
A-RES-109-C11,A-RES-109,A,Page 5,2653 - 2902,250,CorpusA_Chunks\A-RES-109\A-RES-109-C11.txt,"M,A,A,A,A,A",supplychain_research-compliance-framework,direct-institutional-or-academic-extraction
A-RES-109-C12,A-RES-109,A,Page 5 to Page 6,2903 - 3152,250,CorpusA_Chunks\A-RES-109\A-RES-109-C12.txt,"M,A,A,A,A,A",supplychain_research-compliance-framework,direct-institutional-or-academic-extraction
A-RES-109-C13,A-RES-109,A,Page 6,3153 - 3402,250,CorpusA_Chunks\A-RES-109\A-RES-109-C13.txt,"M,A,A,A,A,A",supplychain_research-compliance-framework,direct-institutional-or-academic-extraction
A-RES-109-C14,A-RES-109,A,Page 6,3403 - 3772,370,CorpusA_Chunks\A-RES-109\A-RES-109-C14.txt,"M,A,A,A,A,A",supplychain_research-compliance-framework,direct-institutional-or-academic-extraction
A-RES-109-C15,A-RES-109,A,Page 7,3773 - 4022,250,CorpusA_Chunks\A-RES-109\A-RES-109-C15.txt,"M,A,A,A,A,A",supplychain_research-compliance-framework,direct-institutional-or-academic-extraction
A-RES-109-C16,A-RES-109,A,Page 7,4023 - 4391,369,CorpusA_Chunks\A-RES-109\A-RES-109-C16.txt,"M,A,A,A,A,A",supplychain_research-compliance-framework,direct-institutional-or-academic-extraction
A-RES-109-C17,A-RES-109,A,Page 8,4392 - 4762,371,CorpusA_Chunks\A-RES-109\A-RES-109-C17.txt,"M,A,A,A,A,A",supplychain_research-compliance-framework,direct-institutional-or-academic-extraction
A-RES-109-C18,A-RES-109,A,Page 9,4763 - 5012,250,CorpusA_Chunks\A-RES-109\A-RES-109-C18.txt,"M,A,A,A,A,A",supplychain_research-compliance-framework,direct-institutional-or-academic-extraction
A-RES-109-C19,A-RES-109,A,Page 9 to Page 10,5013 - 5262,250,CorpusA_Chunks\A-RES-109\A-RES-109-C19.txt,"M,A,A,A,A,A",supplychain_research-compliance-framework,direct-institutional-or-academic-extraction
A-RES-109-C20,A-RES-109,A,Page 10,5263 - 5512,250,CorpusA_Chunks\A-RES-109\A-RES-109-C20.txt,"M,A,A,A,A,A",supplychain_research-compliance-framework,direct-institutional-or-academic-extraction
A-RES-109-C21,A-RES-109,A,Page 10,5513 - 5762,250,CorpusA_Chunks\A-RES-109\A-RES-109-C21.txt,"M,A,A,A,A,A",supplychain_research-compliance-framework,direct-institutional-or-academic-extraction
A-RES-109-C22,A-RES-109,A,Page 10,5763 - 6056,294,CorpusA_Chunks\A-RES-109\A-RES-109-C22.txt,"M,A,A,A,A,A",supplychain_research-compliance-framework,direct-institutional-or-academic-extraction
A-RES-109-C23,A-RES-109,A,Page 11,6057 - 6400,344,CorpusA_Chunks\A-RES-109\A-RES-109-C23.txt,"M,A,A,A,A,A",supplychain_research-compliance-framework,direct-institutional-or-academic-extraction
A-RES-109-C24,A-RES-109,A,Page 12,6401 - 6650,250,CorpusA_Chunks\A-RES-109\A-RES-109-C24.txt,"M,A,A,A,A,A",supplychain_research-compliance-framework,direct-institutional-or-academic-extraction
A-RES-109-C25,A-RES-109,A,Page 12 to Page 13,6651 - 6900,250,CorpusA_Chunks\A-RES-109\A-RES-109-C25.txt,"M,A,A,A,A,A",supplychain_research-compliance-framework,direct-institutional-or-academic-extraction
A-RES-109-C26,A-RES-109,A,Page 13,6901 - 7150,250,CorpusA_Chunks\A-RES-109\A-RES-109-C26.txt,"M,A,A,A,A,A",supplychain_research-compliance-framework,direct-institutional-or-academic-extraction
A-RES-109-C27,A-RES-109,A,Page 13,7151 - 7413,263,CorpusA_Chunks\A-RES-109\A-RES-109-C27.txt,"M,A,A,A,A,A",supplychain_research-compliance-framework,direct-institutional-or-academic-extraction
A-RES-109-C28,A-RES-109,A,Page 14,7414 - 7663,250,CorpusA_Chunks\A-RES-109\A-RES-109-C28.txt,"M,A,A,A,A,A",supplychain_research-compliance-framework,direct-institutional-or-academic-extraction
A-RES-109-C29,A-RES-109,A,Page 14,7664 - 7913,250,CorpusA_Chunks\A-RES-109\A-RES-109-C29.txt,"M,A,A,A,A,A",supplychain_research-compliance-framework,direct-institutional-or-academic-extraction
A-RES-109-C30,A-RES-109,A,Page 14,7914 - 8198,285,CorpusA_Chunks\A-RES-109\A-RES-109-C30.txt,"M,A,A,A,A,A",supplychain_research-compliance-framework,direct-institutional-or-academic-extraction
A-RES-109-C31,A-RES-109,A,Page 15 to Page 16,8199 - 8448,250,CorpusA_Chunks\A-RES-109\A-RES-109-C31.txt,"M,A,A,A,A,A",supplychain_research-compliance-framework,direct-institutional-or-academic-extraction
A-RES-109-C32,A-RES-109,A,Page 16,8449 - 8750,302,CorpusA_Chunks\A-RES-109\A-RES-109-C32.txt,"M,A,A,A,A,A",supplychain_research-compliance-framework,direct-institutional-or-academic-extraction
A-RES-109-C33,A-RES-109,A,Page 17,8751 - 9000,250,CorpusA_Chunks\A-RES-109\A-RES-109-C33.txt,"M,A,A,A,A,A",supplychain_research-compliance-framework,direct-institutional-or-academic-extraction
A-RES-109-C34,A-RES-109,A,Page 17,9001 - 9259,259,CorpusA_Chunks\A-RES-109\A-RES-109-C34.txt,"M,A,A,A,A,A",supplychain_research-compliance-framework,direct-institutional-or-academic-extraction
A-RES-109-C35,A-RES-109,A,Page 18 to Page 19,9260 - 9575,316,CorpusA_Chunks\A-RES-109\A-RES-109-C35.txt,"M,A,A,A,A,A",supplychain_research-compliance-framework,direct-institutional-or-academic-extraction
A-RES-109-C36,A-RES-109,A,Page 20,9576 - 9825,250,CorpusA_Chunks\A-RES-109\A-RES-109-C36.txt,"M,A,A,A,A,A",supplychain_research-compliance-framework,direct-institutional-or-academic-extraction
A-RES-109-C37,A-RES-109,A,Page 20,9826 - 10075,250,CorpusA_Chunks\A-RES-109\A-RES-109-C37.txt,"M,A,A,A,A,A",supplychain_research-compliance-framework,direct-institutional-or-academic-extraction
A-RES-109-C38,A-RES-109,A,Page 20,10076 - 10340,265,CorpusA_Chunks\A-RES-109\A-RES-109-C38.txt,"M,A,A,A,A,A",supplychain_research-compliance-framework,direct-institutional-or-academic-extraction
A-RES-109-C39,A-RES-109,A,Page 21,10341 - 10590,250,CorpusA_Chunks\A-RES-109\A-RES-109-C39.txt,"M,A,A,A,A,A",supplychain_research-compliance-framework,direct-institutional-or-academic-extraction
A-RES-109-C40,A-RES-109,A,Page 21,10591 - 10840,250,CorpusA_Chunks\A-RES-109\A-RES-109-C40.txt,"M,A,A,A,A,A",supplychain_research-compliance-framework,direct-institutional-or-academic-extraction
A-RES-109-C41,A-RES-109,A,Page 21 to Page 22,10841 - 11090,250,CorpusA_Chunks\A-RES-109\A-RES-109-C41.txt,"M,A,A,A,A,A",supplychain_research-compliance-framework,direct-institutional-or-academic-extraction
A-RES-109-C42,A-RES-109,A,Page 22,11091 - 11340,250,CorpusA_Chunks\A-RES-109\A-RES-109-C42.txt,"M,A,A,A,A,A",supplychain_research-compliance-framework,direct-institutional-or-academic-extraction
A-RES-109-C43,A-RES-109,A,Page 22,11341 - 11590,250,CorpusA_Chunks\A-RES-109\A-RES-109-C43.txt,"M,A,A,A,A,A",supplychain_research-compliance-framework,direct-institutional-or-academic-extraction
A-RES-109-C44,A-RES-109,A,Page 22,11591 - 11846,256,CorpusA_Chunks\A-RES-109\A-RES-109-C44.txt,"M,A,A,A,A,A",supplychain_research-compliance-framework,direct-institutional-or-academic-extraction
A-RES-109-C45,A-RES-109,A,Page 23,11847 - 12096,250,CorpusA_Chunks\A-RES-109\A-RES-109-C45.txt,"M,A,A,A,A,A",supplychain_research-compliance-framework,direct-institutional-or-academic-extraction
A-RES-109-C46,A-RES-109,A,Page 23,12097 - 12346,250,CorpusA_Chunks\A-RES-109\A-RES-109-C46.txt,"M,A,A,A,A,A",supplychain_research-compliance-framework,direct-institutional-or-academic-extraction
A-RES-109-C47,A-RES-109,A,Page 23,12347 - 12639,293,CorpusA_Chunks\A-RES-109\A-RES-109-C47.txt,"M,A,A,A,A,A",supplychain_research-compliance-framework,direct-institutional-or-academic-extraction
A-RES-109-C48,A-RES-109,A,Page 24,12640 - 12889,250,CorpusA_Chunks\A-RES-109\A-RES-109-C48.txt,"M,A,A,A,A,A",supplychain_research-compliance-framework,direct-institutional-or-academic-extraction
A-RES-109-C49,A-RES-109,A,Page 24,12890 - 13139,250,CorpusA_Chunks\A-RES-109\A-RES-109-C49.txt,"M,A,A,A,A,A",supplychain_research-compliance-framework,direct-institutional-or-academic-extraction
A-RES-109-C50,A-RES-109,A,Page 24 to Page 25,13140 - 13389,250,CorpusA_Chunks\A-RES-109\A-RES-109-C50.txt,"M,A,A,A,A,A",supplychain_research-compliance-framework,direct-institutional-or-academic-extraction
A-RES-109-C51,A-RES-109,A,Page 25,13390 - 13639,250,CorpusA_Chunks\A-RES-109\A-RES-109-C51.txt,"M,A,A,A,A,A",supplychain_research-compliance-framework,direct-institutional-or-academic-extraction
A-RES-109-C52,A-RES-109,A,Page 25,13640 - 13995,356,CorpusA_Chunks\A-RES-109\A-RES-109-C52.txt,"M,A,A,A,A,A",supplychain_research-compliance-framework,direct-institutional-or-academic-extraction
A-RES-109-C53,A-RES-109,A,Page 26,13996 - 14245,250,CorpusA_Chunks\A-RES-109\A-RES-109-C53.txt,"M,A,A,A,A,A",supplychain_research-compliance-framework,direct-institutional-or-academic-extraction
A-RES-109-C54,A-RES-109,A,Page 26,14246 - 14636,391,CorpusA_Chunks\A-RES-109\A-RES-109-C54.txt,"M,A,A,A,A,A",supplychain_research-compliance-framework,direct-institutional-or-academic-extraction
A-RES-109-C55,A-RES-109,A,Page 27,14637 - 14886,250,CorpusA_Chunks\A-RES-109\A-RES-109-C55.txt,"M,A,A,A,A,A",supplychain_research-compliance-framework,direct-institutional-or-academic-extraction
A-RES-109-C56,A-RES-109,A,Page 27,14887 - 15273,387,CorpusA_Chunks\A-RES-109\A-RES-109-C56.txt,"M,A,A,A,A,A",supplychain_research-compliance-framework,direct-institutional-or-academic-extraction
A-RES-109-C57,A-RES-109,A,Page 28,15274 - 15523,250,CorpusA_Chunks\A-RES-109\A-RES-109-C57.txt,"M,A,A,A,A,A",supplychain_research-compliance-framework,direct-institutional-or-academic-extraction
A-RES-109-C58,A-RES-109,A,Page 28,15524 - 15867,344,CorpusA_Chunks\A-RES-109\A-RES-109-C58.txt,"M,A,A,A,A,A",supplychain_research-compliance-framework,direct-institutional-or-academic-extraction
A-RES-109-C59,A-RES-109,A,Page 29,15868 - 16117,250,CorpusA_Chunks\A-RES-109\A-RES-109-C59.txt,"M,A,A,A,A,A",supplychain_research-compliance-framework,direct-institutional-or-academic-extraction
A-RES-109-C60,A-RES-109,A,Page 29,16118 - 16440,323,CorpusA_Chunks\A-RES-109\A-RES-109-C60.txt,"M,A,A,A,A,A",supplychain_research-compliance-framework,direct-institutional-or-academic-extraction
A-RES-109-C61,A-RES-109,A,Page 30,16441 - 16690,250,CorpusA_Chunks\A-RES-109\A-RES-109-C61.txt,"M,A,A,A,A,A",supplychain_research-compliance-framework,direct-institutional-or-academic-extraction
A-RES-109-C62,A-RES-109,A,Page 30,16691 - 16994,304,CorpusA_Chunks\A-RES-109\A-RES-109-C62.txt,"M,A,A,A,A,A",supplychain_research-compliance-framework,direct-institutional-or-academic-extraction
A-RES-109-C63,A-RES-109,A,Page 31,16995 - 17244,250,CorpusA_Chunks\A-RES-109\A-RES-109-C63.txt,"M,A,A,A,A,A",supplychain_research-compliance-framework,direct-institutional-or-academic-extraction
A-RES-109-C64,A-RES-109,A,Page 31,17245 - 17494,250,CorpusA_Chunks\A-RES-109\A-RES-109-C64.txt,"M,A,A,A,A,A",supplychain_research-compliance-framework,direct-institutional-or-academic-extraction
A-RES-109-C65,A-RES-109,A,Page 31,17495 - 17769,275,CorpusA_Chunks\A-RES-109\A-RES-109-C65.txt,"M,A,A,A,A,A",supplychain_research-compliance-framework,direct-institutional-or-academic-extraction
A-RES-109-C66,A-RES-109,A,Page 32,17770 - 18019,250,CorpusA_Chunks\A-RES-109\A-RES-109-C66.txt,"M,A,A,A,A,A",supplychain_research-compliance-framework,direct-institutional-or-academic-extraction
A-RES-109-C67,A-RES-109,A,Page 32,18020 - 18269,250,CorpusA_Chunks\A-RES-109\A-RES-109-C67.txt,"M,A,A,A,A,A",supplychain_research-compliance-framework,direct-institutional-or-academic-extraction
A-RES-109-C68,A-RES-109,A,Page 32 to Page 33,18270 - 18519,250,CorpusA_Chunks\A-RES-109\A-RES-109-C68.txt,"M,A,A,A,A,A",supplychain_research-compliance-framework,direct-institutional-or-academic-extraction
A-RES-109-C69,A-RES-109,A,Page 33,18520 - 18769,250,CorpusA_Chunks\A-RES-109\A-RES-109-C69.txt,"M,A,A,A,A,A",supplychain_research-compliance-framework,direct-institutional-or-academic-extraction
A-RES-109-C70,A-RES-109,A,Page 33,18770 - 19019,250,CorpusA_Chunks\A-RES-109\A-RES-109-C70.txt,"M,A,A,A,A,A",supplychain_research-compliance-framework,direct-institutional-or-academic-extraction
A-RES-109-C71,A-RES-109,A,Page 33 to Page 34,19020 - 19269,250,CorpusA_Chunks\A-RES-109\A-RES-109-C71.txt,"M,A,A,A,A,A",supplychain_research-compliance-framework,direct-institutional-or-academic-extraction
A-RES-109-C72,A-RES-109,A,Page 34,19270 - 19519,250,CorpusA_Chunks\A-RES-109\A-RES-109-C72.txt,"M,A,A,A,A,A",supplychain_research-compliance-framework,direct-institutional-or-academic-extraction
A-RES-109-C73,A-RES-109,A,Page 34,19520 - 19769,250,CorpusA_Chunks\A-RES-109\A-RES-109-C73.txt,"M,A,A,A,A,A",supplychain_research-compliance-framework,direct-institutional-or-academic-extraction
A-RES-109-C74,A-RES-109,A,Page 34 to Page 35,19770 - 20019,250,CorpusA_Chunks\A-RES-109\A-RES-109-C74.txt,"M,A,A,A,A,A",supplychain_research-compliance-framework,direct-institutional-or-academic-extraction
A-RES-109-C75,A-RES-109,A,Page 35,20020 - 20269,250,CorpusA_Chunks\A-RES-109\A-RES-109-C75.txt,"M,A,A,A,A,A",supplychain_research-compliance-framework,direct-institutional-or-academic-extraction
A-RES-109-C76,A-RES-109,A,Page 35,20270 - 20519,250,CorpusA_Chunks\A-RES-109\A-RES-109-C76.txt,"M,A,A,A,A,A",supplychain_research-compliance-framework,direct-institutional-or-academic-extraction
A-RES-109-C77,A-RES-109,A,Page 35,20520 - 20779,260,CorpusA_Chunks\A-RES-109\A-RES-109-C77.txt,"M,A,A,A,A,A",supplychain_research-compliance-framework,direct-institutional-or-academic-extraction
A-RES-109-C78,A-RES-109,A,Page 36,20780 - 21029,250,CorpusA_Chunks\A-RES-109\A-RES-109-C78.txt,"M,A,A,A,A,A",supplychain_research-compliance-framework,direct-institutional-or-academic-extraction
A-RES-109-C79,A-RES-109,A,Page 36,21030 - 21279,250,CorpusA_Chunks\A-RES-109\A-RES-109-C79.txt,"M,A,A,A,A,A",supplychain_research-compliance-framework,direct-institutional-or-academic-extraction
A-RES-109-C80,A-RES-109,A,Page 36,21280 - 21552,273,CorpusA_Chunks\A-RES-109\A-RES-109-C80.txt,"M,A,A,A,A,A",supplychain_research-compliance-framework,direct-institutional-or-academic-extraction
A-RES-109-C81,A-RES-109,A,Page 37,21553 - 21802,250,CorpusA_Chunks\A-RES-109\A-RES-109-C81.txt,"M,A,A,A,A,A",supplychain_research-compliance-framework,direct-institutional-or-academic-extraction
A-RES-109-C82,A-RES-109,A,Page 37,21803 - 22052,250,CorpusA_Chunks\A-RES-109\A-RES-109-C82.txt,"M,A,A,A,A,A",supplychain_research-compliance-framework,direct-institutional-or-academic-extraction
A-RES-109-C83,A-RES-109,A,Page 37 to Page 38,22053 - 22302,250,CorpusA_Chunks\A-RES-109\A-RES-109-C83.txt,"M,A,A,A,A,A",supplychain_research-compliance-framework,direct-institutional-or-academic-extraction
A-RES-109-C84,A-RES-109,A,Page 38,22303 - 22552,250,CorpusA_Chunks\A-RES-109\A-RES-109-C84.txt,"M,A,A,A,A,A",supplychain_research-compliance-framework,direct-institutional-or-academic-extraction
A-RES-109-C85,A-RES-109,A,Page 38,22553 - 22802,250,CorpusA_Chunks\A-RES-109\A-RES-109-C85.txt,"M,A,A,A,A,A",supplychain_research-compliance-framework,direct-institutional-or-academic-extraction
A-RES-109-C86,A-RES-109,A,Page 38,22803 - 23075,273,CorpusA_Chunks\A-RES-109\A-RES-109-C86.txt,"M,A,A,A,A,A",supplychain_research-compliance-framework,direct-institutional-or-academic-extraction
A-RES-109-C87,A-RES-109,A,Page 39,23076 - 23325,250,CorpusA_Chunks\A-RES-109\A-RES-109-C87.txt,"M,A,A,A,A,A",supplychain_research-compliance-framework,direct-institutional-or-academic-extraction
A-RES-109-C88,A-RES-109,A,Page 39,23326 - 23575,250,CorpusA_Chunks\A-RES-109\A-RES-109-C88.txt,"M,A,A,A,A,A",supplychain_research-compliance-framework,direct-institutional-or-academic-extraction
A-RES-109-C89,A-RES-109,A,Page 39,23576 - 23834,259,CorpusA_Chunks\A-RES-109\A-RES-109-C89.txt,"M,A,A,A,A,A",supplychain_research-compliance-framework,direct-institutional-or-academic-extraction
A-RES-109-C90,A-RES-109,A,Page 40,23835 - 24084,250,CorpusA_Chunks\A-RES-109\A-RES-109-C90.txt,"M,A,A,A,A,A",supplychain_research-compliance-framework,direct-institutional-or-academic-extraction
A-RES-109-C91,A-RES-109,A,Page 40,24085 - 24334,250,CorpusA_Chunks\A-RES-109\A-RES-109-C91.txt,"M,A,A,A,A,A",supplychain_research-compliance-framework,direct-institutional-or-academic-extraction
A-RES-109-C92,A-RES-109,A,Page 40 to Page 41,24335 - 24584,250,CorpusA_Chunks\A-RES-109\A-RES-109-C92.txt,"M,A,A,A,A,A",supplychain_research-compliance-framework,direct-institutional-or-academic-extraction
A-RES-109-C93,A-RES-109,A,Page 41,24585 - 24834,250,CorpusA_Chunks\A-RES-109\A-RES-109-C93.txt,"M,A,A,A,A,A",supplychain_research-compliance-framework,direct-institutional-or-academic-extraction
A-RES-109-C94,A-RES-109,A,Page 41,24835 - 25084,250,CorpusA_Chunks\A-RES-109\A-RES-109-C94.txt,"M,A,A,A,A,A",supplychain_research-compliance-framework,direct-institutional-or-academic-extraction
A-RES-109-C95,A-RES-109,A,Page 41 to Page 42,25085 - 25334,250,CorpusA_Chunks\A-RES-109\A-RES-109-C95.txt,"M,A,A,A,A,A",supplychain_research-compliance-framework,direct-institutional-or-academic-extraction
A-RES-109-C96,A-RES-109,A,Page 42,25335 - 25584,250,CorpusA_Chunks\A-RES-109\A-RES-109-C96.txt,"M,A,A,A,A,A",supplychain_research-compliance-framework,direct-institutional-or-academic-extraction
A-RES-109-C97,A-RES-109,A,Page 42,25585 - 25834,250,CorpusA_Chunks\A-RES-109\A-RES-109-C97.txt,"M,A,A,A,A,A",supplychain_research-compliance-framework,direct-institutional-or-academic-extraction
A-RES-109-C98,A-RES-109,A,Page 42,25835 - 26148,314,CorpusA_Chunks\A-RES-109\A-RES-109-C98.txt,"M,A,A,A,A,A",supplychain_research-compliance-framework,direct-institutional-or-academic-extraction
A-RES-109-C99,A-RES-109,A,Page 43,26149 - 26398,250,CorpusA_Chunks\A-RES-109\A-RES-109-C99.txt,"M,A,A,A,A,A",supplychain_research-compliance-framework,direct-institutional-or-academic-extraction
A-RES-109-C100,A-RES-109,A,Page 43,26399 - 26648,250,CorpusA_Chunks\A-RES-109\A-RES-109-C100.txt,"M,A,A,A,A,A",supplychain_research-compliance-framework,direct-institutional-or-academic-extraction
A-RES-109-C101,A-RES-109,A,Page 43,26649 - 26900,252,CorpusA_Chunks\A-RES-109\A-RES-109-C101.txt,"M,A,A,A,A,A",supplychain_research-compliance-framework,direct-institutional-or-academic-extraction
A-RES-109-C102,A-RES-109,A,Page 44,26901 - 27150,250,CorpusA_Chunks\A-RES-109\A-RES-109-C102.txt,"M,A,A,A,A,A",supplychain_research-compliance-framework,direct-institutional-or-academic-extraction
A-RES-109-C103,A-RES-109,A,Page 44,27151 - 27400,250,CorpusA_Chunks\A-RES-109\A-RES-109-C103.txt,"M,A,A,A,A,A",supplychain_research-compliance-framework,direct-institutional-or-academic-extraction
A-RES-109-C104,A-RES-109,A,Page 44 to Page 45,27401 - 27650,250,CorpusA_Chunks\A-RES-109\A-RES-109-C104.txt,"M,A,A,A,A,A",supplychain_research-compliance-framework,direct-institutional-or-academic-extraction
A-RES-109-C105,A-RES-109,A,Page 45,27651 - 27900,250,CorpusA_Chunks\A-RES-109\A-RES-109-C105.txt,"M,A,A,A,A,A",supplychain_research-compliance-framework,direct-institutional-or-academic-extraction
A-RES-109-C106,A-RES-109,A,Page 45,27901 - 28150,250,CorpusA_Chunks\A-RES-109\A-RES-109-C106.txt,"M,A,A,A,A,A",supplychain_research-compliance-framework,direct-institutional-or-academic-extraction
A-RES-109-C107,A-RES-109,A,Page 45 to Page 46,28151 - 28400,250,CorpusA_Chunks\A-RES-109\A-RES-109-C107.txt,"M,A,A,A,A,A",supplychain_research-compliance-framework,direct-institutional-or-academic-extraction
A-RES-109-C108,A-RES-109,A,Page 46,28401 - 28650,250,CorpusA_Chunks\A-RES-109\A-RES-109-C108.txt,"M,A,A,A,A,A",supplychain_research-compliance-framework,direct-institutional-or-academic-extraction
A-RES-109-C109,A-RES-109,A,Page 46,28651 - 28900,250,CorpusA_Chunks\A-RES-109\A-RES-109-C109.txt,"M,A,A,A,A,A",supplychain_research-compliance-framework,direct-institutional-or-academic-extraction
A-RES-109-C110,A-RES-109,A,Page 46,28901 - 29154,254,CorpusA_Chunks\A-RES-109\A-RES-109-C110.txt,"M,A,A,A,A,A",supplychain_research-compliance-framework,direct-institutional-or-academic-extraction
A-RES-109-C111,A-RES-109,A,Page 47,29155 - 29466,312,CorpusA_Chunks\A-RES-109\A-RES-109-C111.txt,"M,A,A,A,A,A",supplychain_research-compliance-framework,direct-institutional-or-academic-extraction
A-RES-104-C01,A-RES-104,A,Page 1,1 - 250,250,CorpusA_Chunks\A-RES-104\A-RES-104-C01.txt,"M,A,A,A,A,M",supplychain_research-compliance-framework,direct-institutional-or-academic-extraction
A-RES-104-C02,A-RES-104,A,Page 1,251 - 615,365,CorpusA_Chunks\A-RES-104\A-RES-104-C02.txt,"M,A,A,A,A,M",supplychain_research-compliance-framework,direct-institutional-or-academic-extraction
A-RES-104-C03,A-RES-104,A,Page 2,616 - 865,250,CorpusA_Chunks\A-RES-104\A-RES-104-C03.txt,"M,A,A,A,A,M",supplychain_research-compliance-framework,direct-institutional-or-academic-extraction
A-RES-104-C04,A-RES-104,A,Page 2,866 - 1115,250,CorpusA_Chunks\A-RES-104\A-RES-104-C04.txt,"M,A,A,A,A,M",supplychain_research-compliance-framework,direct-institutional-or-academic-extraction
A-RES-104-C05,A-RES-104,A,Page 2,1116 - 1365,250,CorpusA_Chunks\A-RES-104\A-RES-104-C05.txt,"M,A,A,A,A,M",supplychain_research-compliance-framework,direct-institutional-or-academic-extraction
A-RES-104-C06,A-RES-104,A,Page 2,1366 - 1615,250,CorpusA_Chunks\A-RES-104\A-RES-104-C06.txt,"M,A,A,A,A,M",supplychain_research-compliance-framework,direct-institutional-or-academic-extraction
A-RES-104-C07,A-RES-104,A,Page 2 to Page 3,1616 - 1865,250,CorpusA_Chunks\A-RES-104\A-RES-104-C07.txt,"M,A,A,A,A,M",supplychain_research-compliance-framework,direct-institutional-or-academic-extraction
A-RES-104-C08,A-RES-104,A,Page 3,1866 - 2115,250,CorpusA_Chunks\A-RES-104\A-RES-104-C08.txt,"M,A,A,A,A,M",supplychain_research-compliance-framework,direct-institutional-or-academic-extraction
A-RES-104-C09,A-RES-104,A,Page 3 to Page 4,2116 - 2365,250,CorpusA_Chunks\A-RES-104\A-RES-104-C09.txt,"M,A,A,A,A,M",supplychain_research-compliance-framework,direct-institutional-or-academic-extraction
A-RES-104-C10,A-RES-104,A,Page 4,2366 - 2615,250,CorpusA_Chunks\A-RES-104\A-RES-104-C10.txt,"M,A,A,A,A,M",supplychain_research-compliance-framework,direct-institutional-or-academic-extraction
A-RES-104-C11,A-RES-104,A,Page 4,2616 - 2865,250,CorpusA_Chunks\A-RES-104\A-RES-104-C11.txt,"M,A,A,A,A,M",supplychain_research-compliance-framework,direct-institutional-or-academic-extraction
A-RES-104-C12,A-RES-104,A,Page 4,2866 - 3115,250,CorpusA_Chunks\A-RES-104\A-RES-104-C12.txt,"M,A,A,A,A,M",supplychain_research-compliance-framework,direct-institutional-or-academic-extraction
A-RES-104-C13,A-RES-104,A,Page 4,3116 - 3479,364,CorpusA_Chunks\A-RES-104\A-RES-104-C13.txt,"M,A,A,A,A,M",supplychain_research-compliance-framework,direct-institutional-or-academic-extraction
A-RES-104-C14,A-RES-104,A,Page 5,3480 - 3729,250,CorpusA_Chunks\A-RES-104\A-RES-104-C14.txt,"M,A,A,A,A,M",supplychain_research-compliance-framework,direct-institutional-or-academic-extraction
A-RES-104-C15,A-RES-104,A,Page 5,3730 - 3979,250,CorpusA_Chunks\A-RES-104\A-RES-104-C15.txt,"M,A,A,A,A,M",supplychain_research-compliance-framework,direct-institutional-or-academic-extraction
A-RES-104-C16,A-RES-104,A,Page 5,3980 - 4229,250,CorpusA_Chunks\A-RES-104\A-RES-104-C16.txt,"M,A,A,A,A,M",supplychain_research-compliance-framework,direct-institutional-or-academic-extraction
A-RES-104-C17,A-RES-104,A,Page 5,4230 - 4520,291,CorpusA_Chunks\A-RES-104\A-RES-104-C17.txt,"M,A,A,A,A,M",supplychain_research-compliance-framework,direct-institutional-or-academic-extraction
A-RES-104-C18,A-RES-104,A,Page 6,4521 - 4770,250,CorpusA_Chunks\A-RES-104\A-RES-104-C18.txt,"M,A,A,A,A,M",supplychain_research-compliance-framework,direct-institutional-or-academic-extraction
A-RES-104-C19,A-RES-104,A,Page 6,4771 - 5020,250,CorpusA_Chunks\A-RES-104\A-RES-104-C19.txt,"M,A,A,A,A,M",supplychain_research-compliance-framework,direct-institutional-or-academic-extraction
A-RES-104-C20,A-RES-104,A,Page 6,5021 - 5270,250,CorpusA_Chunks\A-RES-104\A-RES-104-C20.txt,"M,A,A,A,A,M",supplychain_research-compliance-framework,direct-institutional-or-academic-extraction
A-RES-104-C21,A-RES-104,A,Page 6 to Page 7,5271 - 5520,250,CorpusA_Chunks\A-RES-104\A-RES-104-C21.txt,"M,A,A,A,A,M",supplychain_research-compliance-framework,direct-institutional-or-academic-extraction
A-RES-104-C22,A-RES-104,A,Page 7,5521 - 5770,250,CorpusA_Chunks\A-RES-104\A-RES-104-C22.txt,"M,A,A,A,A,M",supplychain_research-compliance-framework,direct-institutional-or-academic-extraction
A-RES-104-C23,A-RES-104,A,Page 7,5771 - 6020,250,CorpusA_Chunks\A-RES-104\A-RES-104-C23.txt,"M,A,A,A,A,M",supplychain_research-compliance-framework,direct-institutional-or-academic-extraction
A-RES-104-C24,A-RES-104,A,Page 7 to Page 8,6021 - 6270,250,CorpusA_Chunks\A-RES-104\A-RES-104-C24.txt,"M,A,A,A,A,M",supplychain_research-compliance-framework,direct-institutional-or-academic-extraction
A-RES-104-C25,A-RES-104,A,Page 8,6271 - 6520,250,CorpusA_Chunks\A-RES-104\A-RES-104-C25.txt,"M,A,A,A,A,M",supplychain_research-compliance-framework,direct-institutional-or-academic-extraction
A-RES-104-C26,A-RES-104,A,Page 8,6521 - 6770,250,CorpusA_Chunks\A-RES-104\A-RES-104-C26.txt,"M,A,A,A,A,M",supplychain_research-compliance-framework,direct-institutional-or-academic-extraction
A-RES-104-C27,A-RES-104,A,Page 8,6771 - 7020,250,CorpusA_Chunks\A-RES-104\A-RES-104-C27.txt,"M,A,A,A,A,M",supplychain_research-compliance-framework,direct-institutional-or-academic-extraction
A-RES-104-C28,A-RES-104,A,Page 8 to Page 9,7021 - 7270,250,CorpusA_Chunks\A-RES-104\A-RES-104-C28.txt,"M,A,A,A,A,M",supplychain_research-compliance-framework,direct-institutional-or-academic-extraction
A-RES-104-C29,A-RES-104,A,Page 9,7271 - 7520,250,CorpusA_Chunks\A-RES-104\A-RES-104-C29.txt,"M,A,A,A,A,M",supplychain_research-compliance-framework,direct-institutional-or-academic-extraction
A-RES-104-C30,A-RES-104,A,Page 9 to Page 10,7521 - 7770,250,CorpusA_Chunks\A-RES-104\A-RES-104-C30.txt,"M,A,A,A,A,M",supplychain_research-compliance-framework,direct-institutional-or-academic-extraction
A-RES-104-C31,A-RES-104,A,Page 10,7771 - 8020,250,CorpusA_Chunks\A-RES-104\A-RES-104-C31.txt,"M,A,A,A,A,M",supplychain_research-compliance-framework,direct-institutional-or-academic-extraction
A-RES-104-C32,A-RES-104,A,Page 10,8021 - 8351,331,CorpusA_Chunks\A-RES-104\A-RES-104-C32.txt,"M,A,A,A,A,M",supplychain_research-compliance-framework,direct-institutional-or-academic-extraction
A-RES-104-C33,A-RES-104,A,Page 11,8352 - 8601,250,CorpusA_Chunks\A-RES-104\A-RES-104-C33.txt,"M,A,A,A,A,M",supplychain_research-compliance-framework,direct-institutional-or-academic-extraction
A-RES-104-C34,A-RES-104,A,Page 11,8602 - 8927,326,CorpusA_Chunks\A-RES-104\A-RES-104-C34.txt,"M,A,A,A,A,M",supplychain_research-compliance-framework,direct-institutional-or-academic-extraction
A-RES-104-C35,A-RES-104,A,Page 12,8928 - 9177,250,CorpusA_Chunks\A-RES-104\A-RES-104-C35.txt,"M,A,A,A,A,M",supplychain_research-compliance-framework,direct-institutional-or-academic-extraction
A-RES-104-C36,A-RES-104,A,Page 12,9178 - 9427,250,CorpusA_Chunks\A-RES-104\A-RES-104-C36.txt,"M,A,A,A,A,M",supplychain_research-compliance-framework,direct-institutional-or-academic-extraction
A-RES-104-C37,A-RES-104,A,Page 12,9428 - 9821,394,CorpusA_Chunks\A-RES-104\A-RES-104-C37.txt,"M,A,A,A,A,M",supplychain_research-compliance-framework,direct-institutional-or-academic-extraction
A-RES-104-C38,A-RES-104,A,Page 13,9822 - 10071,250,CorpusA_Chunks\A-RES-104\A-RES-104-C38.txt,"M,A,A,A,A,M",supplychain_research-compliance-framework,direct-institutional-or-academic-extraction
A-RES-104-C39,A-RES-104,A,Page 13,10072 - 10321,250,CorpusA_Chunks\A-RES-104\A-RES-104-C39.txt,"M,A,A,A,A,M",supplychain_research-compliance-framework,direct-institutional-or-academic-extraction
A-RES-104-C40,A-RES-104,A,Page 13,10322 - 10571,250,CorpusA_Chunks\A-RES-104\A-RES-104-C40.txt,"M,A,A,A,A,M",supplychain_research-compliance-framework,direct-institutional-or-academic-extraction
A-RES-104-C41,A-RES-104,A,Page 13,10572 - 10821,250,CorpusA_Chunks\A-RES-104\A-RES-104-C41.txt,"M,A,A,A,A,M",supplychain_research-compliance-framework,direct-institutional-or-academic-extraction
A-RES-104-C42,A-RES-104,A,Page 13 to Page 14,10822 - 11071,250,CorpusA_Chunks\A-RES-104\A-RES-104-C42.txt,"M,A,A,A,A,M",supplychain_research-compliance-framework,direct-institutional-or-academic-extraction
A-RES-104-C43,A-RES-104,A,Page 14,11072 - 11321,250,CorpusA_Chunks\A-RES-104\A-RES-104-C43.txt,"M,A,A,A,A,M",supplychain_research-compliance-framework,direct-institutional-or-academic-extraction
A-RES-104-C44,A-RES-104,A,Page 14,11322 - 11571,250,CorpusA_Chunks\A-RES-104\A-RES-104-C44.txt,"M,A,A,A,A,M",supplychain_research-compliance-framework,direct-institutional-or-academic-extraction
A-RES-104-C45,A-RES-104,A,Page 14,11572 - 11821,250,CorpusA_Chunks\A-RES-104\A-RES-104-C45.txt,"M,A,A,A,A,M",supplychain_research-compliance-framework,direct-institutional-or-academic-extraction
A-RES-104-C46,A-RES-104,A,Page 14,11822 - 12071,250,CorpusA_Chunks\A-RES-104\A-RES-104-C46.txt,"M,A,A,A,A,M",supplychain_research-compliance-framework,direct-institutional-or-academic-extraction
A-RES-104-C47,A-RES-104,A,Page 14,12072 - 12321,250,CorpusA_Chunks\A-RES-104\A-RES-104-C47.txt,"M,A,A,A,A,M",supplychain_research-compliance-framework,direct-institutional-or-academic-extraction
A-RES-104-C48,A-RES-104,A,Page 14,12322 - 12719,398,CorpusA_Chunks\A-RES-104\A-RES-104-C48.txt,"M,A,A,A,A,M",supplychain_research-compliance-framework,direct-institutional-or-academic-extraction
A-RES-104-C49,A-RES-104,A,Page 15,12720 - 12969,250,CorpusA_Chunks\A-RES-104\A-RES-104-C49.txt,"M,A,A,A,A,M",supplychain_research-compliance-framework,direct-institutional-or-academic-extraction
A-RES-104-C50,A-RES-104,A,Page 15,12970 - 13219,250,CorpusA_Chunks\A-RES-104\A-RES-104-C50.txt,"M,A,A,A,A,M",supplychain_research-compliance-framework,direct-institutional-or-academic-extraction
A-RES-104-C51,A-RES-104,A,Page 15,13220 - 13469,250,CorpusA_Chunks\A-RES-104\A-RES-104-C51.txt,"M,A,A,A,A,M",supplychain_research-compliance-framework,direct-institutional-or-academic-extraction
A-RES-104-C52,A-RES-104,A,Page 15,13470 - 13719,250,CorpusA_Chunks\A-RES-104\A-RES-104-C52.txt,"M,A,A,A,A,M",supplychain_research-compliance-framework,direct-institutional-or-academic-extraction
A-RES-104-C53,A-RES-104,A,Page 15,13720 - 13969,250,CorpusA_Chunks\A-RES-104\A-RES-104-C53.txt,"M,A,A,A,A,M",supplychain_research-compliance-framework,direct-institutional-or-academic-extraction
A-RES-104-C54,A-RES-104,A,Page 15,13970 - 14347,378,CorpusA_Chunks\A-RES-104\A-RES-104-C54.txt,"M,A,A,A,A,M",supplychain_research-compliance-framework,direct-institutional-or-academic-extraction
A-RES-104-C55,A-RES-104,A,Page 16,14348 - 14602,255,CorpusA_Chunks\A-RES-104\A-RES-104-C55.txt,"M,A,A,A,A,M",supplychain_research-compliance-framework,direct-institutional-or-academic-extraction
A-CSR-102-C01,A-CSR-102,A,Page 1,1 - 263,263,CorpusA_Chunks\A-CSR-102\A-CSR-102-C01.txt,"M,A,A,A,A,A",csr-compliance-framework,direct-institutional-or-academic-extraction
A-CSR-102-C02,A-CSR-102,A,Page 2,264 - 513,250,CorpusA_Chunks\A-CSR-102\A-CSR-102-C02.txt,"M,A,A,A,A,A",csr-compliance-framework,direct-institutional-or-academic-extraction
A-CSR-102-C03,A-CSR-102,A,Page 2 to Page 3,514 - 763,250,CorpusA_Chunks\A-CSR-102\A-CSR-102-C03.txt,"M,A,A,A,A,A",csr-compliance-framework,direct-institutional-or-academic-extraction
A-CSR-102-C04,A-CSR-102,A,Page 3,764 - 1089,326,CorpusA_Chunks\A-CSR-102\A-CSR-102-C04.txt,"M,A,A,A,A,A",csr-compliance-framework,direct-institutional-or-academic-extraction
A-CSR-102-C05,A-CSR-102,A,Page 4,1090 - 1483,394,CorpusA_Chunks\A-CSR-102\A-CSR-102-C05.txt,"M,A,A,A,A,A",csr-compliance-framework,direct-institutional-or-academic-extraction
A-CSR-102-C06,A-CSR-102,A,Page 5,1484 - 1748,265,CorpusA_Chunks\A-CSR-102\A-CSR-102-C06.txt,"M,A,A,A,A,A",csr-compliance-framework,direct-institutional-or-academic-extraction
A-CSR-102-C07,A-CSR-102,A,Page 6 to Page 7,1749 - 1957,209,CorpusA_Chunks\A-CSR-102\A-CSR-102-C07.txt,"M,A,A,A,A,A",csr-compliance-framework,direct-institutional-or-academic-extraction
