doc_id_attempted,source_name,intended_url_or_query,attempt_date,reason_inaccessible,workaround_tried_resolution,notes
A-APEDA-003,APEDA Official Portal / AgriExchange,https://agriexchange.apeda.gov.in,2026-07-03,failed-data-quality — dynamic content not captured,Moved from master registry to exceptions per user review: dashboard shell with loading placeholders only.,Dashboard shell (<300 words substantive content)
A-APEDA-006,APEDA Official Portal / AgriExchange,https://apeda.gov.in/exporter-directory,2026-07-03,failed-data-quality — form/interface only no content,Moved from master registry to exceptions per user review: search form dropdowns without search results.,Search form stub (<100 words)
EXC-YT-SYNTH,YouTube Data API v3 (Synthetic yt_ Prefix Series),Multiple targeted queries across 16 themes,2026-07-06,failed-data-quality under Section 6.2 — Synthetic duplication and looped boilerplate comments across different topics,Excluded from Master Registry; removed synthetic placeholders to prevent topic clustering corruption in BERTopic,DQA Status: Inadequate (Synthetic Duplication)
EXC-YT-p0,YouTube Data API v3 (Video ID p-0-_8ESQTg),https://www.youtube.com/watch?v=p-0-_8ESQTg,2026-07-06,failed-data-quality under Section 6.2 — Shares exact same pre-fabricated comment blocks as yt_ series,Excluded from Master Registry per Section 6.2 DQA screening,DQA Status: Inadequate (Synthetic Duplication)
EXC-YT-TRANSCRIPTS,YouTube Data API v3 (All Video Transcripts across Dataset),All YouTube video records,2026-07-06,failed-data-quality under Section 6.2 — API did not retrieve genuine spoken closed captions; boilerplate strings beginning with 'Welcome back to AgriExport Compliance India...',Removed all transcript fields across dataset before BERTopic topic modeling,DQA Status: Inadequate (Fails provenance; feeding into BERTopic will corrupt topic clusters)
B-REDDIT-001,Reddit / r/agriculture (Public Forum),https://www.reddit.com/r/agriculture/,2026-07-06,access-blocked (HTTP 429 rate limit / RSS endpoint restrictions),Attempted fallback RSS XML retrieval without PRAW API keys; returned 0 relevant Indian agri-export records (only generic US/Canada farming news),DQA Status: Inadequate (Access blocked / off-topic content; logged per Section 11 protocol)
B-REDDIT-002,Reddit / r/india (Public Forum),https://www.reddit.com/r/india/,2026-07-06,access-blocked (HTTP 429 rate limit / RSS endpoint restrictions),Attempted fallback RSS XML retrieval without PRAW API keys; returned 0 posts due to endpoint rate limiting and Cloudflare blocking,DQA Status: Inadequate (Access blocked / 0 records retrieved)
B-REDDIT-003,Reddit / r/farming (Public Forum),https://www.reddit.com/r/farming/,2026-07-06,access-blocked (HTTP 429 rate limit / RSS endpoint restrictions),Attempted fallback RSS XML retrieval without PRAW API keys; returned 0 posts due to endpoint rate limiting and Cloudflare blocking,DQA Status: Inadequate (Access blocked / 0 records retrieved)
RAW-GDELT-001,hindi.business-standard.com,https://hindi.business-standard.com/commodities/indigenous-black-tiger-shrimp-makes-strong-comeback-in-global-markets-id-535208/,2026-07-09,Section 10 DQA Rejection: Non-English/Arabic/Asian script keyword-collision artifact,Excluded from Master Registry & Corpus B under Section 10 DQA screening,Title: 'Black Tiger Shrimp Exports : भारतीय ब्लैक टाइगर झींगे ने की ' | Query: India export shrimp
RAW-GDELT-003,economictimes.indiatimes.com,https://economictimes.indiatimes.com/news/economy/foreign-trade/indias-seafood-exports-hit-record-high-in-fy-2025-26-frozen-shrimp-leads-growth/articleshow/131438895.cms,2026-07-09,Section 10 DQA Rejection: Unusable raw_text paywall/adblock/ETPrime stub or insufficient length,Excluded from Master Registry & Corpus B under Section 10 DQA screening,Title: 'India seafood exports hit record high in FY 2025 - 26 : Froz' | Query: India export shrimp
RAW-GDELT-004,navbharattimes.indiatimes.com,https://navbharattimes.indiatimes.com/business/business-news/antibiotic-cloud-over-indias-seafood-exports-rising-rejection-rates-threaten-30-billion-target/articleshow/131551437.cms,2026-07-09,Section 10 DQA Rejection: Non-English/Arabic/Asian script keyword-collision artifact,Excluded from Master Registry & Corpus B under Section 10 DQA screening,"Title: 'India Seafood Exports : रिजेक्‍ट , रिजेक्‍ट , रिजेक्‍ट ! जब ' | Query: India export shrimp"
RAW-GDELT-005,jagran.com,https://www.jagran.com/business/biz-indias-seafood-exports-soar-to-72000-cr-boosts-blue-economy-40214932.html,2026-07-09,Section 10 DQA Rejection: Non-English/Arabic/Asian script keyword-collision artifact,Excluded from Master Registry & Corpus B under Section 10 DQA screening,"Title: 'भारत का Sea Food Export ₹72 , 000 करोड़ के पार पहुंचा , देश ' | Query: India export shrimp"
RAW-GDELT-007,indiainfoline.com,https://www.indiainfoline.com/blog/trending-stocks-today-avanti-feeds-apex-frozen-food-surge-over-5-percent,2026-07-09,Section 10 DQA Rejection: Unusable raw_text paywall/adblock/ETPrime stub or insufficient length,Excluded from Master Registry & Corpus B under Section 10 DQA screening,Title: 'Trending Stocks today - Avanti Feeds & Apex Frozen Food surg' | Query: India export shrimp
RAW-GDELT-009,thehindu.com,https://www.thehindu.com/business/Industry/target-seafood-exports-worth-30-billion-in-next-five-years-piyush-goyal/article71065115.ece,2026-07-09,Section 10 DQA Rejection: Unusable raw_text paywall/adblock/ETPrime stub or insufficient length,Excluded from Master Registry & Corpus B under Section 10 DQA screening,Title: 'Target seafood exports worth $30 billion in next five years ' | Query: India export shrimp
RAW-GDELT-010,newkerala.com,https://www.newkerala.com/news/a/indias-blue-economy-emerging-as-powerful-engine-growth-928.htm,2026-07-09,Section 10 DQA Rejection: Non-English/Arabic/Asian script keyword-collision artifact,Excluded from Master Registry & Corpus B under Section 10 DQA screening,Title: 'India Blue Economy : Record Seafood Exports Drive Growth' | Query: India export shrimp
RAW-GDELT-011,economictimes.indiatimes.com,https://economictimes.indiatimes.com/news/economy/foreign-trade/indias-rising-export-champion-faces-a-critical-credibility-test/articleshow/131548328.cms,2026-07-09,Section 10 DQA Rejection: Unusable raw_text paywall/adblock/ETPrime stub or insufficient length,Excluded from Master Registry & Corpus B under Section 10 DQA screening,Title: 'India rising export champion faces a critical credibility te' | Query: India export shrimp
RAW-GDELT-016,newkerala.com,https://www.newkerala.com/news/a/indias-seafood-exports-hit-record-rs-73890-crore-174.htm,2026-07-09,Section 10 DQA Rejection: Non-English/Arabic/Asian script keyword-collision artifact,Excluded from Master Registry & Corpus B under Section 10 DQA screening,"Title: 'India seafood exports record Rs 73 , 890 crore in FY26' | Query: India export shrimp"
RAW-GDELT-017,thehindu.com,https://www.thehindu.com/news/national/kerala/indias-seafood-exports-hit-record-846-billion-in-2025-26-mpeda/article71048284.ece,2026-07-09,Section 10 DQA Rejection: Unusable raw_text paywall/adblock/ETPrime stub or insufficient length,Excluded from Master Registry & Corpus B under Section 10 DQA screening,Title: 'India seafood exports hit record $8 . 46 billion in 2025 - 2' | Query: India export shrimp
RAW-GDELT-018,moneycontrol.com,https://www.moneycontrol.com/news/business/markets/avanti-feeds-apex-frozen-other-shrimp-stocks-rise-up-to-12-here-s-why-13891720.html,2026-07-09,Section 10 DQA Rejection: Pharma/Geopolitical/Macro noise unrelated to Indian agri-food exports,Excluded from Master Registry & Corpus B under Section 10 DQA screening,"Title: 'Avanti Feeds , Apex Frozen , other shrimp stocks rise up to ' | Query: India export shrimp"
RAW-GDELT-023,economictimes.indiatimes.com,https://economictimes.indiatimes.com/news/economy/foreign-trade/india-can-increase-seafood-exports-to-30-billion-in-five-years-piyush-goyal/articleshow/131539137.cms,2026-07-09,Section 10 DQA Rejection: Unusable raw_text paywall/adblock/ETPrime stub or insufficient length,Excluded from Master Registry & Corpus B under Section 10 DQA screening,Title: 'India can increase seafood exports to $30 billion in five ye' | Query: India export shrimp
RAW-GDELT-025,timesofindia.indiatimes.com,https://timesofindia.indiatimes.com/india/banned-antibiotics-behind-43-of-shrimp-export-rejections-cdsco-seeks-stricter-enforcement/articleshow/131544737.cms,2026-07-09,Section 10 DQA Rejection: Insufficient technical depth or agri-food trade friction relevance,Excluded from Master Registry & Corpus B under Section 10 DQA screening,Title: 'Banned antibiotics behind 43 % of shrimp export rejections ;' | Query: India export shrimp
RAW-GDELT-026,economictimes.indiatimes.com,https://economictimes.indiatimes.com/news/economy/foreign-trade/seafood-india-export-pli-scheme-india-spots-an-export-champion-in-a-sector-tariffs-failed-to-sink/articleshow/131113298.cms,2026-07-09,Section 10 DQA Rejection: Unusable raw_text paywall/adblock/ETPrime stub or insufficient length,Excluded from Master Registry & Corpus B under Section 10 DQA screening,Title: 'India spots an export champion in a sector tariffs failed to' | Query: India export shrimp
RAW-GDELT-028,thehindubusinessline.com,https://www.thehindubusinessline.com/economy/india-following-diversified-strategy-to-boost-exports-to-china-cut-import-dependence-official/article70907913.ece,2026-07-09,Section 10 DQA Rejection: Pharma/Geopolitical/Macro noise unrelated to Indian agri-food exports,Excluded from Master Registry & Corpus B under Section 10 DQA screening,Title: 'India following diversified strategy to boost exports to Chi' | Query: India export shrimp
RAW-GDELT-030,timesofindia.indiatimes.com,https://timesofindia.indiatimes.com/business/india-business/no-hard-decoupling-india-balances-china-trade-with-export-push/articleshow/130528716.cms,2026-07-09,Section 10 DQA Rejection: Unusable raw_text paywall/adblock/ETPrime stub or insufficient length,Excluded from Master Registry & Corpus B under Section 10 DQA screening,Title: 'No hard decoupling : India balances China trade with export ' | Query: India export shrimp
RAW-GDELT-064,navabharat.com,https://navabharat.com/?p=452573,2026-07-09,Section 10 DQA Rejection: Non-English/Arabic/Asian script keyword-collision artifact,Excluded from Master Registry & Corpus B under Section 10 DQA screening,"Title: 'भारत का समुद्री खाद्य निर्यात 72 , 000 करोड़ रुपये के रिकार्' | Query: India export shrimp"
RAW-GDELT-065,livemint.com,https://www.livemint.com/news/india/eu-vietnam-push-indian-seafood-exports-to-record-amid-shift-away-from-us-11779964664515.html,2026-07-09,Section 10 DQA Rejection: Pharma/Geopolitical/Macro noise unrelated to Indian agri-food exports,Excluded from Master Registry & Corpus B under Section 10 DQA screening,"Title: 'EU , Vietnam push Indian seafood exports to record amid shif' | Query: India export shrimp"
RAW-GDELT-067,timesofindia.indiatimes.com,https://timesofindia.indiatimes.com/city/ahmedabad/sunday-special-gujarats-fishing-trade-sails-into-a-sea-change/articleshow/130982416.cms,2026-07-09,Section 10 DQA Rejection: Unusable raw_text paywall/adblock/ETPrime stub or insufficient length,Excluded from Master Registry & Corpus B under Section 10 DQA screening,Title: 'Sunday Special : Gujarat fishing trade sails into a sea chan' | Query: India export shrimp
RAW-GDELT-068,cincinnatisun.com,http://www.cincinnatisun.com/news/279095784/india-seafood-exports-hit-record-rs-73890-crore-in-fy26-frozen-shrimp-drives-growth-despite-us-dip,2026-07-09,Section 10 DQA Rejection: Pharma/Geopolitical/Macro noise unrelated to Indian agri-food exports,Excluded from Master Registry & Corpus B under Section 10 DQA screening,"Title: 'India seafood exports hit record Rs 73 , 890 crore in FY26 ,' | Query: India export shrimp"
RAW-GDELT-081,punjabkesari.in,https://www.punjabkesari.in/business/news/sustainability-and-food-safety-essential-for-sustaining-in-global-spice-trade-2331379,2026-07-09,Section 10 DQA Rejection: Non-English/Arabic/Asian script keyword-collision artifact,Excluded from Master Registry & Corpus B under Section 10 DQA screening,Title: 'वैश्विक मसाला व्यापार में टिके रहने के लिए स्थिरता और खाद्य ' | Query: India export spice
RAW-GDELT-083,jagran.com,https://www.jagran.com/business/commodity-indias-spice-exports-decline-in-fy26-chili-cumin-down-40262250.html,2026-07-09,Section 10 DQA Rejection: Non-English/Arabic/Asian script keyword-collision artifact,Excluded from Master Registry & Corpus B under Section 10 DQA screening,"Title: 'कमजोर रहा भारत के मसालों का कारोबार , विदेशी एक्सपोर्ट में फ' | Query: India export spice"
RAW-GDELT-085,freshplaza.com,https://www.freshplaza.com/north-america/article/9829088/india-aims-to-cut-fruit-imports-and-focus-on-horticulture-exports/,2026-07-09,Section 10 DQA Rejection: Unusable raw_text paywall/adblock/ETPrime stub or insufficient length,Excluded from Master Registry & Corpus B under Section 10 DQA screening,Title: 'India aims to cut fruit imports and focus on horticulture ex' | Query: India export spice
RAW-GDELT-088,dailyinqilab.com,https://dailyinqilab.com/international/article/900862,2026-07-09,Section 10 DQA Rejection: Non-English/Arabic/Asian script keyword-collision artifact,Excluded from Master Registry & Corpus B under Section 10 DQA screening,Title: 'মরিচের রাজধানী গুন্টুর' | Query: India export spice
RAW-GDELT-090,freshplaza.com,https://www.freshplaza.com/north-america/article/9832064/dehydrated-vegetables-are-turning-india-s-post-harvest-losses-into-export-wins/,2026-07-09,Section 10 DQA Rejection: Unusable raw_text paywall/adblock/ETPrime stub or insufficient length,Excluded from Master Registry & Corpus B under Section 10 DQA screening,Title: 'Dehydrated vegetables are turning India post - harvest losse' | Query: India export spice
RAW-GDELT-092,livehindustan.com,https://www.livehindustan.com/national/why-china-rejects-indian-chilli-shipments-exporters-concern-spice-trade-war-rice-201781248991039.html,2026-07-09,Section 10 DQA Rejection: Non-English/Arabic/Asian script keyword-collision artifact,Excluded from Master Registry & Corpus B under Section 10 DQA screening,Title: 'चीन ने भारत को दिखाए तेवर ! चावल के बाद मिर्च की खेप को भी ठ' | Query: India export spice
RAW-GDELT-094,economictimes.indiatimes.com,https://economictimes.indiatimes.com/news/economy/agriculture/quality-and-branding-the-twin-pillars-of-indias-global-horticulture-push/articleshow/130407304.cms,2026-07-09,Section 10 DQA Rejection: Unusable raw_text paywall/adblock/ETPrime stub or insufficient length,Excluded from Master Registry & Corpus B under Section 10 DQA screening,Title: 'Quality and branding : The twin pillars of India global hort' | Query: India export spice
RAW-GDELT-095,standartnews.com,https://www.standartnews.com/biznes/nay-izpolzvanata-podpravka-skochi-s-50-vietnam-diktuva-cenite-637949.html,2026-07-09,Section 10 DQA Rejection: Non-English/Arabic/Asian script keyword-collision artifact,Excluded from Master Registry & Corpus B under Section 10 DQA screening,Title: 'Най - използваната подправка скочи с 50 %. Виетнам диктува ц' | Query: India export spice
RAW-GDELT-101,jagranjosh.com,https://www.jagranjosh.com/general-knowledge/chilli-capital-of-india-1820008720-1,2026-07-09,Section 10 DQA Rejection: Pharma/Geopolitical/Macro noise unrelated to Indian agri-food exports,Excluded from Master Registry & Corpus B under Section 10 DQA screening,Title: 'Which City Is Known as the Chilli Capital of India ? ' | Query: India export spice
RAW-GDELT-102,newkerala.com,https://www.newkerala.com/news/a/from-surat-diamonds-kashmir-saffron-how-india-oman-cepa-930.htm,2026-07-09,Section 10 DQA Rejection: Non-English/Arabic/Asian script keyword-collision artifact,Excluded from Master Registry & Corpus B under Section 10 DQA screening,Title: 'India - Oman CEPA : Trade Boost for Surat Diamonds to Kashmi' | Query: India export spice
RAW-GDELT-104,eenadu.net,https://www.eenadu.net/telugu-news/vyakyanam/general/1301/126071256,2026-07-09,Section 10 DQA Rejection: Non-English/Arabic/Asian script keyword-collision artifact,Excluded from Master Registry & Corpus B under Section 10 DQA screening,Title: 'ఆపదలో ఆహార ఆర్థికం' | Query: India export spice
RAW-GDELT-108,munhwa.com,https://www.munhwa.com:443/article/11585438,2026-07-09,Section 10 DQA Rejection: Non-English/Arabic/Asian script keyword-collision artifact,Excluded from Master Registry & Corpus B under Section 10 DQA screening,Title: '한국선 빙수로 먹는 망고  특별한 경험  위한 소비 … 최대 생산지 인도는 얼음 귀해 빙수 엄두도 못내 [ ' | Query: India export spice
RAW-GDELT-110,dailypioneer.com,https://dailypioneer.com/news/how-to-start-a-business-in-india-registration-licenses-gst--amp--costs-explained,2026-07-09,Section 10 DQA Rejection: Insufficient technical depth or agri-food trade friction relevance,Excluded from Master Registry & Corpus B under Section 10 DQA screening,"Title: 'How to Start a Business in India : Registration , GST , Lice' | Query: India export spice"
RAW-GDELT-111,indianexpress.com,https://indianexpress.com/article/explained/explained-history/how-empires-fought-over-hormuz-strait-10655903/,2026-07-09,Section 10 DQA Rejection: Pharma/Geopolitical/Macro noise unrelated to Indian agri-food exports,Excluded from Master Registry & Corpus B under Section 10 DQA screening,"Title: 'Before the Iran war , how empires fought for the Strait of H' | Query: India export spice"
RAW-GDELT-112,economictimes.indiatimes.com,https://economictimes.indiatimes.com/opinion/et-editorial/in-beijing-trump-meets-a-china-that-still-holds-key-economic-cards/articleshow/131075726.cms,2026-07-09,Section 10 DQA Rejection: Unusable raw_text paywall/adblock/ETPrime stub or insufficient length,Excluded from Master Registry & Corpus B under Section 10 DQA screening,"Title: 'In Beijing , Trump meets a China that still holds key econom' | Query: India export spice"
RAW-GDELT-113,dhakatimes24.com,https://www.dhakatimes24.com/2026/05/27/406474,2026-07-09,Section 10 DQA Rejection: Non-English/Arabic/Asian script keyword-collision artifact,Excluded from Master Registry & Corpus B under Section 10 DQA screening,"Title: 'সব প্রস্তুতি শেষ , এনবিআরের গড়িমসিতে চালু হচ্ছে না সুলতানগঞ্' | Query: India export spice"
RAW-GDELT-117,siasat.com,https://www.siasat.com/drones-in-hyderabad-fragments-in-gaza-the-deepening-india-israel-arms-ties-3474173/,2026-07-09,Section 10 DQA Rejection: Pharma/Geopolitical/Macro noise unrelated to Indian agri-food exports,Excluded from Master Registry & Corpus B under Section 10 DQA screening,"Title: 'Drones in Hyderabad , fragments in Gaza : The deepening Indi' | Query: India export spice"
RAW-GDELT-118,ianslive.in,https://ianslive.in/from-surat-diamonds-to-kashmir-saffron-how-india-oman-cepa-could-transform-trades--20260601171035,2026-07-09,Section 10 DQA Rejection: Pharma/Geopolitical/Macro noise unrelated to Indian agri-food exports,Excluded from Master Registry & Corpus B under Section 10 DQA screening,Title: 'From Surat diamonds to Kashmir saffron : How India - Oman CE' | Query: India export spice
RAW-GDELT-121,foreignpolicy.com,https://foreignpolicy.com/2026/05/01/saffron-iran-war-supply-chain-hungry-hegemon/,2026-07-09,Section 10 DQA Rejection: Unusable raw_text paywall/adblock/ETPrime stub or insufficient length,Excluded from Master Registry & Corpus B under Section 10 DQA screening,Title: 'The Iran War Is Affecting Saffron Supply in Kashmir' | Query: India export spice
RAW-GDELT-124,businessworld.in,https://www.businessworld.in/article/can-economies-grow-without-wars-empires-or-extraction-610001,2026-07-09,Section 10 DQA Rejection: Pharma/Geopolitical/Macro noise unrelated to Indian agri-food exports,Excluded from Master Registry & Corpus B under Section 10 DQA screening,"Title: 'Can Economies Grow Without Wars , Empires Or Extraction ? ' | Query: India export spice"
RAW-GDELT-125,newsbomb.gr,https://www.newsbomb.gr/kosmos/story/1731671/iran-o-polemos-blokare-tis-eksagoges-fistikioy-provlimata-gia-tis-sokolates-doumpai,2026-07-09,Section 10 DQA Rejection: Non-English/Arabic/Asian script keyword-collision artifact,Excluded from Master Registry & Corpus B under Section 10 DQA screening,Title: 'Ιράν : Ο πόλεμος μπλόκαρε τις εξαγωγές φιστικιού - Προβλήματ' | Query: India export spice
RAW-GDELT-126,middleeaststar.com,http://www.middleeaststar.com/news/279142478/naturite-agro-products-strengthens-its-position-in-the-growing-global-natural-ingredients-and-nutraceuticals-market,2026-07-09,Section 10 DQA Rejection: Pharma/Geopolitical/Macro noise unrelated to Indian agri-food exports,Excluded from Master Registry & Corpus B under Section 10 DQA screening,Title: 'Naturite Agro Products Strengthens Its Position in the Growi' | Query: India export spice
RAW-GDELT-153,bestmediainfo.com,https://bestmediainfo.com/mediainfo/mediainfo-marketing/itc-builds-ai-led-fmcg-marketing-stack-drives-30-million-owned-user-journeys-12115703,2026-07-09,Section 10 DQA Rejection: Pharma/Geopolitical/Macro noise unrelated to Indian agri-food exports,Excluded from Master Registry & Corpus B under Section 10 DQA screening,"Title: 'ITC builds AI - led FMCG marketing stack , drives 30 million' | Query: India export spice"
RAW-GDELT-161,punjabkesari.in,https://www.punjabkesari.in/business/news/rice-exports-to-decline-by-7-5-to-11-53-billion-in-2025-26-2325921,2026-07-09,Section 10 DQA Rejection: Non-English/Arabic/Asian script keyword-collision artifact,Excluded from Master Registry & Corpus B under Section 10 DQA screening,Title: 'West Asia Crisis : चावल निर्यात 2025 - 26 में 7 . 5 % घटकर 1' | Query: India export rice
RAW-GDELT-165,navbharattimes.indiatimes.com,https://navbharattimes.indiatimes.com/world/pakistan/india-pakistan-basmati-rice-export-hormuz-strait-opening-impact-middle-east-exporters-concern/articleshow/131926848.cms,2026-07-09,Section 10 DQA Rejection: Non-English/Arabic/Asian script keyword-collision artifact,Excluded from Master Registry & Corpus B under Section 10 DQA screening,"Title: 'India Pak Basmati Export Hormuz Strait , होर्मुज खुलते ही अब' | Query: India export rice"
RAW-GDELT-166,jagran.com,https://www.jagran.com/business/commodity-china-rejects-indian-rice-shipments-over-gmo-allegations-40224533.html,2026-07-09,Section 10 DQA Rejection: Non-English/Arabic/Asian script keyword-collision artifact,Excluded from Master Registry & Corpus B under Section 10 DQA screening,"Title: 'Rice Export : चीन ने फिर दिया भारत को झटका , GMO का बहाना बन' | Query: India export rice"
RAW-GDELT-168,navbharattimes.indiatimes.com,https://navbharattimes.indiatimes.com/business/business-news/el-nino-fears-push-vietnam-rice-prices-higher-india-rates-remain-stable/articleshow/131562577.cms,2026-07-09,Section 10 DQA Rejection: Non-English/Arabic/Asian script keyword-collision artifact,Excluded from Master Registry & Corpus B under Section 10 DQA screening,"Title: 'मौसम की मार ... वियतनाम में चावल के दाम बढ़े , बांग्लादेश मे' | Query: India export rice"
RAW-GDELT-170,jansatta.com,https://www.jansatta.com/business/basmati-exports-dip-due-to-reduced-shipments-to-gulf-countries-decline-of-up-to-25-percent-recorded/4579920/,2026-07-09,Section 10 DQA Rejection: Non-English/Arabic/Asian script keyword-collision artifact,Excluded from Master Registry & Corpus B under Section 10 DQA screening,"Title: 'खाड़ी देशों में शिपमेंट घटने से बासमती निर्यात फिसला , 25 % ' | Query: India export rice"
RAW-GDELT-172,aninews.in,https://aninews.in/news/business/indias-rice-exports-remain-resilient-amid-west-asia-conflict-aided-by-alternative-routes-govt-support20260409172634/,2026-07-09,Section 10 DQA Rejection: Pharma/Geopolitical/Macro noise unrelated to Indian agri-food exports,Excluded from Master Registry & Corpus B under Section 10 DQA screening,Title: 'India rice exports remain resilient amid West Asia conflict ' | Query: India export rice
RAW-GDELT-173,economictimes.indiatimes.com,https://economictimes.indiatimes.com/news/economy/agriculture/too-hot-to-handle-heatwave-in-north-india-slows-textile-rice-supply-chains/articleshow/131357698.cms,2026-07-09,Section 10 DQA Rejection: Unusable raw_text paywall/adblock/ETPrime stub or insufficient length,Excluded from Master Registry & Corpus B under Section 10 DQA screening,"Title: 'Too hot to handle : Heatwave in North India slows textile , ' | Query: India export rice"
RAW-GDELT-174,economictimes.indiatimes.com,https://economictimes.indiatimes.com/news/economy/foreign-trade/rice-export-rules-relaxed-for-select-european-countries/articleshow/130179164.cms,2026-07-09,Section 10 DQA Rejection: Unusable raw_text paywall/adblock/ETPrime stub or insufficient length,Excluded from Master Registry & Corpus B under Section 10 DQA screening,Title: 'Rice export rules relaxed for select European countries' | Query: India export rice
RAW-GDELT-177,moneycontrol.com,https://www.moneycontrol.com/news/business/economy/bangladesh-pakistan-may-be-among-biggest-losers-from-india-uk-fta-13953097.html,2026-07-09,Section 10 DQA Rejection: Pharma/Geopolitical/Macro noise unrelated to Indian agri-food exports,Excluded from Master Registry & Corpus B under Section 10 DQA screening,"Title: 'Bangladesh , Pakistan may be among biggest losers from India' | Query: India export rice"
RAW-GDELT-179,tportal.hr,https://www.tportal.hr/biznis/clanak/pao-izvoz-premium-rize-iz-indije-u-zemlje-perzijskog-zaljeva-20260527,2026-07-09,Section 10 DQA Rejection: Non-English/Arabic/Asian script keyword-collision artifact,Excluded from Master Registry & Corpus B under Section 10 DQA screening,Title: 'Pao izvoz premium riže iz Indije u zemlje Perzijskog zaljeva' | Query: India export rice
RAW-GDELT-181,eenadu.net,https://www.eenadu.net/telugu-news/telangana/food-prices-may-spike-as-el-nino/1899/126112599,2026-07-09,Section 10 DQA Rejection: Non-English/Arabic/Asian script keyword-collision artifact,Excluded from Master Registry & Corpus B under Section 10 DQA screening,Title: 'El Nino : ఆహారోత్పత్తుల ధరలు పెరగొచ్చు' | Query: India export rice
RAW-GDELT-182,thehindubusinessline.com,https://www.thehindubusinessline.com/economy/agri-business/w-asia-crisis-rice-exports-dip-75-to-1153-bn-in-2025-26/article70896495.ece,2026-07-09,Section 10 DQA Rejection: Pharma/Geopolitical/Macro noise unrelated to Indian agri-food exports,Excluded from Master Registry & Corpus B under Section 10 DQA screening,Title: 'W Asia crisis : Rice exports dip 7 . 5 % to $11 . 53 bn in 2' | Query: India export rice
RAW-GDELT-184,dailypioneer.com,https://dailypioneer.com/news/west-asia-crisis-rice-exports-dip-7-5-per-cent-in-2025-26,2026-07-09,Section 10 DQA Rejection: Pharma/Geopolitical/Macro noise unrelated to Indian agri-food exports,Excluded from Master Registry & Corpus B under Section 10 DQA screening,Title: 'India Rice Exports Fall 7 . 5 % in 2025 - 26 Amid Middle Eas' | Query: India export rice
RAW-GDELT-185,navbharattimes.indiatimes.com,https://navbharattimes.indiatimes.com/business/business-news/china-emerges-largest-trading-partner-overtakes-us/articleshow/130300490.cms,2026-07-09,Section 10 DQA Rejection: Non-English/Arabic/Asian script keyword-collision artifact,Excluded from Master Registry & Corpus B under Section 10 DQA screening,"Title: 'India - China Trade , टैरिफ के साइड इफेक्ट ! अमेरिका को पछाड' | Query: India export rice"
RAW-GDELT-190,jagran.com,https://www.jagran.com/business/commodity-indias-coffee-exports-surge-27-936-cr-earned-in-4-months-40230497.html,2026-07-09,Section 10 DQA Rejection: Non-English/Arabic/Asian script keyword-collision artifact,Excluded from Master Registry & Corpus B under Section 10 DQA screening,"Title: 'कॉफी बेचकर 4 महीने में भारत ने कमाए ₹936 . 57 करोड़ , रोबस्ट' | Query: India export rice"
RAW-GDELT-191,livemint.com,https://www.livemint.com/news/india/indias-foodgrain-stocks-buffer-norm-on-management-export-11776767956893.html,2026-07-09,Section 10 DQA Rejection: Pharma/Geopolitical/Macro noise unrelated to Indian agri-food exports,Excluded from Master Registry & Corpus B under Section 10 DQA screening,Title: 'India foodgrain stocks swell lens on effective management' | Query: India export rice
RAW-GDELT-193,vesti.ru,https://www.vesti.ru/ns/ehl-nino-mozhet-sprovocirovat-rezkij-vzlet-cen-na-sakhar-v-mire,2026-07-09,Section 10 DQA Rejection: Non-English/Arabic/Asian script keyword-collision artifact,Excluded from Master Registry & Corpus B under Section 10 DQA screening,Title: 'Эль - Ниньо может спровоцировать резкий взлет цен на сахар в' | Query: India export rice
RAW-GDELT-195,khaskhabar.com,https://www.khaskhabar.com/local/uttar-pradesh/lucknow-news/news-indias-first-basmati-and-organic-training-center-to-be-established-in-uttar-pradesh-government-approves-land-on-70-year-lease-news-hindi-1-810201-KKN.html,2026-07-09,Section 10 DQA Rejection: Non-English/Arabic/Asian script keyword-collision artifact,Excluded from Master Registry & Corpus B under Section 10 DQA screening,Title: 'Indias First Basmati and Organic Training Center to be Estab' | Query: India export rice
RAW-GDELT-196,economictimes.indiatimes.com,https://economictimes.indiatimes.com/small-biz/trade/exports/insights/india-vietnam-see-rise-in-rice-export-rates-as-demand-firms/articleshow/131302579.cms,2026-07-09,Section 10 DQA Rejection: Unusable raw_text paywall/adblock/ETPrime stub or insufficient length,Excluded from Master Registry & Corpus B under Section 10 DQA screening,"Title: 'India , Vietnam see rise in rice export rates as demand firm' | Query: India export rice"
RAW-GDELT-197,dailyinqilab.com,https://dailyinqilab.com/national/article/885537,2026-07-09,Section 10 DQA Rejection: Non-English/Arabic/Asian script keyword-collision artifact,Excluded from Master Registry & Corpus B under Section 10 DQA screening,Title: 'আখাউড়া স্থলবন্দর দিয়ে বেড়েছে ভারতে পণ্য রফতানি' | Query: India export rice
RAW-GDELT-198,vtv.vn,https://vtv.vn/gia-lua-gao-tang-manh-100260426111121431.htm,2026-07-09,Section 10 DQA Rejection: Non-English/Arabic/Asian script keyword-collision artifact,Excluded from Master Registry & Corpus B under Section 10 DQA screening,Title: 'Giá lúa gạo tăng mạnh' | Query: India export rice
RAW-GDELT-199,economictimes.indiatimes.com,https://economictimes.indiatimes.com/small-biz/trade/exports/insights/from-surplus-to-strain-world-rice-supply-threatened-by-iran-war-el-nino/articleshow/130711148.cms,2026-07-09,Section 10 DQA Rejection: Unusable raw_text paywall/adblock/ETPrime stub or insufficient length,Excluded from Master Registry & Corpus B under Section 10 DQA screening,Title: 'From surplus to strain : World rice supply threatened by Ira' | Query: India export rice
RAW-GDELT-200,economictimes.indiatimes.com,https://economictimes.indiatimes.com/news/economy/agriculture/indias-rice-stocks-surge-to-all-time-high-as-wheat-inventories-reach-5-year-peak/articleshow/131771952.cms,2026-07-09,Section 10 DQA Rejection: Unusable raw_text paywall/adblock/ETPrime stub or insufficient length,Excluded from Master Registry & Corpus B under Section 10 DQA screening,Title: 'India rice stocks climb to record high ; wheat inventories a' | Query: India export rice
RAW-GDELT-202,thehindubusinessline.com,https://www.thehindubusinessline.com/economy/agri-business/geopolitical-crisis-weather-may-help-india-export-2-mt-of-wheat-says-usda/article70973195.ece,2026-07-09,Section 10 DQA Rejection: Pharma/Geopolitical/Macro noise unrelated to Indian agri-food exports,Excluded from Master Registry & Corpus B under Section 10 DQA screening,"Title: 'Geopolitical crisis , weather may help India export 2 mt of ' | Query: India export rice"
RAW-GDELT-205,pakistantoday.com.pk,https://www.pakistantoday.com.pk/2026/04/30/rice-supply-seen-tightening-as-iran-war-and-el-nino-raise-pressure-on-asian-growers,2026-07-09,Section 10 DQA Rejection: Pharma/Geopolitical/Macro noise unrelated to Indian agri-food exports,Excluded from Master Registry & Corpus B under Section 10 DQA screening,Title: 'Rice supply tightens amid Iran war and El Niño - Pakistan To' | Query: India export rice
RAW-GDELT-210,moneycontrol.com,https://www.moneycontrol.com/news/business/india-s-1-trillion-export-goal-faces-risk-from-a-roughly-130-billion-trade-disruption-13923913.html,2026-07-09,Section 10 DQA Rejection: Pharma/Geopolitical/Macro noise unrelated to Indian agri-food exports,Excluded from Master Registry & Corpus B under Section 10 DQA screening,Title: 'India $1 trillion export goal faces risk from a roughly $130' | Query: India export rice
RAW-GDELT-211,english.kyodonews.net,https://english.kyodonews.net:443/articles/-/77549,2026-07-09,Section 10 DQA Rejection: Pharma/Geopolitical/Macro noise unrelated to Indian agri-food exports,Excluded from Master Registry & Corpus B under Section 10 DQA screening,Title: 'Hot weather hurts Asian crops as powerful El Nino takes shap' | Query: India export rice
RAW-GDELT-218,vaartha.com,https://vaartha.com/international/china-bans-indian-dry-chillies/724389/,2026-07-09,Section 10 DQA Rejection: Non-English/Arabic/Asian script keyword-collision artifact,Excluded from Master Registry & Corpus B under Section 10 DQA screening,Title: 'China ban on Indian chillies : చైనాలో భారతీయ ఎండు మిర్చి నిష' | Query: India export rice
RAW-GDELT-219,dailysabah.com,https://www.dailysabah.com/business/economy/hot-weather-hurts-crops-across-asian-economies-hit-by-iran-war,2026-07-09,Section 10 DQA Rejection: Pharma/Geopolitical/Macro noise unrelated to Indian agri-food exports,Excluded from Master Registry & Corpus B under Section 10 DQA screening,Title: 'Hot weather hurts crops across Asian economies hit by Iran w' | Query: India export rice
RAW-GDELT-220,bworldonline.com,https://bworldonline.com/world/2026/06/04/754529/hot-weather-hurts-asian-crops-as-powerful-el-nino-takes-shape/,2026-07-09,Section 10 DQA Rejection: Pharma/Geopolitical/Macro noise unrelated to Indian agri-food exports,Excluded from Master Registry & Corpus B under Section 10 DQA screening,Title: 'Hot weather hurts Asian crops as powerful El Niño takes shap' | Query: India export rice
RAW-GDELT-222,navbharattimes.indiatimes.com,https://navbharattimes.indiatimes.com/world/pakistan/water-crisis-in-pakistan-due-to-indus-waters-treaty-abeyance-shortage-of-irrigation-water/articleshow/131014379.cms,2026-07-09,Section 10 DQA Rejection: Non-English/Arabic/Asian script keyword-collision artifact,Excluded from Master Registry & Corpus B under Section 10 DQA screening,"Title: 'Indus Waters Treaty : सिंधु जल संधि खत्‍म , पाकिस्‍तान में त' | Query: India export rice"
RAW-GDELT-224,dainiktribuneonline.com,https://www.dainiktribuneonline.com/news/comment/monsoon-risks-facing-farmers-and-agriculture/,2026-07-09,Section 10 DQA Rejection: Non-English/Arabic/Asian script keyword-collision artifact,Excluded from Master Registry & Corpus B under Section 10 DQA screening,Title: 'किसानों और कृषि के सामने मानसून का जोखिम - dainiktribuneonli' | Query: India export rice
RAW-GDELT-225,economictimes.indiatimes.com,https://economictimes.indiatimes.com/news/economy/foreign-trade/west-asia-war-punjab-industry-hit-by-labour-shortage-rising-costs/articleshow/130219746.cms,2026-07-09,Section 10 DQA Rejection: Unusable raw_text paywall/adblock/ETPrime stub or insufficient length,Excluded from Master Registry & Corpus B under Section 10 DQA screening,"Title: 'West Asia war : Punjab industry hit by labour shortage , ris' | Query: India export rice"
RAW-GDELT-226,thehindubusinessline.com,https://www.thehindubusinessline.com/economy/agri-business/china-rejects-indian-rice-consignments-on-alleged-gmo-presence-again/article71026085.ece,2026-07-09,Section 10 DQA Rejection: Pharma/Geopolitical/Macro noise unrelated to Indian agri-food exports,Excluded from Master Registry & Corpus B under Section 10 DQA screening,Title: 'China rejects Indian rice consignments on alleged GMO presen' | Query: India export rice
RAW-GDELT-228,economictimes.indiatimes.com,https://economictimes.indiatimes.com/news/economy/foreign-trade/labour-intensive-sectors-see-steep-fall-in-exports-in-march/articleshow/130317440.cms,2026-07-09,Section 10 DQA Rejection: Unusable raw_text paywall/adblock/ETPrime stub or insufficient length,Excluded from Master Registry & Corpus B under Section 10 DQA screening,Title: 'Labour - intensive sectors see steep fall in exports in Marc' | Query: India export rice
RAW-GDELT-229,safa.ps,https://safa.ps/post/412236/%D8%AA%D8%AD%D8%B0%D9%8A%D8%B1%D8%A7%D8%AA-%D9%85%D9%86-%D8%A7%D8%B1%D8%AA%D9%81%D8%A7%D8%B9-%D8%AD%D8%A7%D8%AF-%D9%81%D9%8A-%D8%A3%D8%B3%D8%B9%D8%A7%D8%B1-%D8%A7%D9%84%D8%B3%D9%83%D8%B1-%D8%B9%D8%A7%D9%84%D9%85%D9%8A-%D8%A7,2026-07-09,Section 10 DQA Rejection: Non-English/Arabic/Asian script keyword-collision artifact,Excluded from Master Registry & Corpus B under Section 10 DQA screening,Title: 'تحذيرات من ارتفاع حاد في أسعار السكر عالميًا' | Query: India export rice
RAW-GDELT-230,straitstimes.com,https://www.straitstimes.com/asia/se-asia/thai-and-vietnamese-farmers-may-stop-planting-rice-because-of-the-iran-war-heres-why,2026-07-09,Section 10 DQA Rejection: Pharma/Geopolitical/Macro noise unrelated to Indian agri-food exports,Excluded from Master Registry & Corpus B under Section 10 DQA screening,Title: 'Thai and Vietnamese farmers may stop planting rice because o' | Query: India export rice
RAW-GDELT-231,thehindubusinessline.com,https://www.thehindubusinessline.com/economy/agri-business/facing-african-hurdles-indian-rice-exports-value-down-10-in-fy26/article71122372.ece,2026-07-09,Section 10 DQA Rejection: Pharma/Geopolitical/Macro noise unrelated to Indian agri-food exports,Excluded from Master Registry & Corpus B under Section 10 DQA screening,"Title: 'Facing African hurdles , Indian rice exports value down 10 %' | Query: India export rice"
RAW-GDELT-232,thestar.com.my,https://www.thestar.com.my/aseanplus/aseanplus-news/2026/04/26/as-costs-rise-amid-iran-war-rice-farmers-in-vietnam-and-thailand-feel-the-strain,2026-07-09,Section 10 DQA Rejection: Pharma/Geopolitical/Macro noise unrelated to Indian agri-food exports,Excluded from Master Registry & Corpus B under Section 10 DQA screening,"Title: 'As costs rise amid Iran war , rice farmers in Vietnam and Th' | Query: India export rice"
RAW-GDELT-234,jansatta.com,https://www.jansatta.com/international/india-oman-trade-pact-comes-into-effect-alternative-route-to-gulf-beyond-hormuz/4560824/,2026-07-09,Section 10 DQA Rejection: Non-English/Arabic/Asian script keyword-collision artifact,Excluded from Master Registry & Corpus B under Section 10 DQA screening,Title: 'India - Oman Trade Pact Comes into Effect Alternative Route ' | Query: India export rice
RAW-GDELT-239,thehindubusinessline.com,https://www.thehindubusinessline.com/economy/agri-business/global-rice-prices-poised-to-gain-on-deficit-geopolitical-crisis-and-weather-concerns/article70991011.ece,2026-07-09,Section 10 DQA Rejection: Pharma/Geopolitical/Macro noise unrelated to Indian agri-food exports,Excluded from Master Registry & Corpus B under Section 10 DQA screening,"Title: 'Global rice prices poised to gain on deficit , geopolitical ' | Query: India export rice"
RAW-GDELT-240,prokerala.com,https://www.prokerala.com/news/articles/a1778188.html,2026-07-09,Section 10 DQA Rejection: Pharma/Geopolitical/Macro noise unrelated to Indian agri-food exports,Excluded from Master Registry & Corpus B under Section 10 DQA screening,Title: 'South Africa eyes stronger economic relations with India as ' | Query: India export rice
RAW-GDELT-241,navbharattimes.indiatimes.com,https://navbharattimes.indiatimes.com/world/asian-countries/nepali-tea-exports-to-india-face-fresh-hurdles-delhi-testing-disrupted-twice-in-two-weeks/articleshow/131528565.cms,2026-07-09,Section 10 DQA Rejection: Non-English/Arabic/Asian script keyword-collision artifact,Excluded from Master Registry & Corpus B under Section 10 DQA screening,"Title: 'Nepali Tea Export India News , भारत - नेपाल में  चाय पर तकरा' | Query: India export tea"
RAW-GDELT-243,hindi.moneycontrol.com,https://hindi.moneycontrol.com/world/balen-shah-government-big-relief-india-nepal-tea-export-issue-resolve-know-the-details-article-2405188.html,2026-07-09,Section 10 DQA Rejection: Non-English/Arabic/Asian script keyword-collision artifact,Excluded from Master Registry & Corpus B under Section 10 DQA screening,Title: 'नेपाल की बालेन शाह सरकार की एक बड़ी टेंशन फिर हो गई दूर ! भा' | Query: India export tea
RAW-GDELT-244,hindi.moneycontrol.com,https://hindi.moneycontrol.com/india/nepal-india-relations-indian-govt-decision-set-to-leave-nepal-pm-balen-shah-tea-tasting-bland-major-blow-dealt-article-2396842.html,2026-07-09,Section 10 DQA Rejection: Non-English/Arabic/Asian script keyword-collision artifact,Excluded from Master Registry & Corpus B under Section 10 DQA screening,Title: 'Nepal - India Relations : भारत के इस फैसले से फीकी हो जाएगी ' | Query: India export tea
RAW-GDELT-245,aninews.in,https://aninews.in/news/national/general-news/west-asia-conflict-begins-impacting-orthodox-tea-exports-guwahati-tea-auction-centre-secretary-dinesh-bihani20260603105400/,2026-07-09,Section 10 DQA Rejection: Pharma/Geopolitical/Macro noise unrelated to Indian agri-food exports,Excluded from Master Registry & Corpus B under Section 10 DQA screening,Title: 'West Asia conflict begins impacting orthodox tea exports : G' | Query: India export tea
RAW-GDELT-247,moneycontrol.com,https://www.moneycontrol.com/news/business/officials-say-west-asia-crisis-hit-april-tea-export-tea-board-eyes-matching-last-year-s-shipment-13945398.html,2026-07-09,Section 10 DQA Rejection: Pharma/Geopolitical/Macro noise unrelated to Indian agri-food exports,Excluded from Master Registry & Corpus B under Section 10 DQA screening,Title: 'Officials say West Asia crisis hit April tea export ; Tea Bo' | Query: India export tea
RAW-GDELT-248,asianews.it,https://www.asianews.it/news-en/Tea-war-between-Nepal-and-West-Bengal-65658.html,2026-07-09,Section 10 DQA Rejection: Pharma/Geopolitical/Macro noise unrelated to Indian agri-food exports,Excluded from Master Registry & Corpus B under Section 10 DQA screening,Title: 'NEPAL – INDIA Tea war between Nepal and West Bengal' | Query: India export tea
RAW-GDELT-251,thehindu.com,https://www.thehindu.com/news/national/assam/west-asia-crisis-hurting-indian-tea-exporters/article71007141.ece,2026-07-09,Section 10 DQA Rejection: Unusable raw_text paywall/adblock/ETPrime stub or insufficient length,Excluded from Master Registry & Corpus B under Section 10 DQA screening,Title: 'West Asia crisis hurting Indian tea exporters' | Query: India export tea
RAW-GDELT-252,jagranjosh.com,https://www.jagranjosh.com/general-knowledge/gk-quiz-on-different-types-of-tea-in-india-1820009110-1,2026-07-09,Section 10 DQA Rejection: Pharma/Geopolitical/Macro noise unrelated to Indian agri-food exports,Excluded from Master Registry & Corpus B under Section 10 DQA screening,Title: 'GK Quiz on Different Types of Tea in India' | Query: India export tea
RAW-GDELT-253,newkerala.com,https://www.newkerala.com/news/a/indias-tea-exports-surge-93-rs-8719-crore-735.htm,2026-07-09,Section 10 DQA Rejection: Non-English/Arabic/Asian script keyword-collision artifact,Excluded from Master Registry & Corpus B under Section 10 DQA screening,"Title: 'India Tea Exports Surge 93 % to Rs 8 , 719 Crore' | Query: India export tea"
RAW-GDELT-255,dantri.com.vn,https://dantri.com.vn/kinh-doanh/xuat-khau-che-sang-trung-quoc-giam-sau-thi-truong-my-loi-nguoc-dong-20260621153832720.htm,2026-07-09,Section 10 DQA Rejection: Non-English/Arabic/Asian script keyword-collision artifact,Excluded from Master Registry & Corpus B under Section 10 DQA screening,"Title: 'Xuất khẩu chè sang Trung Quốc giảm sâu , thị trường Mỹ lội n' | Query: India export tea"
RAW-GDELT-256,navbharattimes.indiatimes.com,https://navbharattimes.indiatimes.com/world/asian-countries/nepal-tea-factories-shutting-down-after-indian-tea-board-tighten-rules-for-testing/articleshow/131764023.cms,2026-07-09,Section 10 DQA Rejection: Non-English/Arabic/Asian script keyword-collision artifact,Excluded from Master Registry & Corpus B under Section 10 DQA screening,Title: 'Nepal India News : भारत की सख्‍ती से नेपाली फैक्ट्रियों में ' | Query: India export tea
RAW-GDELT-257,virakesari.lk,https://www.virakesari.lk/article/243757,2026-07-09,Section 10 DQA Rejection: Non-English/Arabic/Asian script keyword-collision artifact,Excluded from Master Registry & Corpus B under Section 10 DQA screening,Title: '6 பில்லியன் டொலர் பெறுமதியான ஏற்றுமதி ஆற்றலை இலங்கை பயன்படுத' | Query: India export tea
RAW-GDELT-258,newkerala.com,https://www.newkerala.com/news/a/1st-shipment-flavoured-iced-tea-sent-from-bhopal-890.htm,2026-07-09,Section 10 DQA Rejection: Non-English/Arabic/Asian script keyword-collision artifact,Excluded from Master Registry & Corpus B under Section 10 DQA screening,Title: 'Bhopal Sends First Iced Tea Premix Shipment to Switzerland' | Query: India export tea
RAW-GDELT-259,asianews.it,https://www.asianews.it/notizie-it/La-guerra-del-t-tra-Kathmandu-e-il-West-Bengal-65658.html,2026-07-09,Section 10 DQA Rejection: Non-English/Arabic/Asian script keyword-collision artifact,Excluded from Master Registry & Corpus B under Section 10 DQA screening,Title: 'NEPAL - INDIA La guerra del tè tra Kathmandu e il West Benga' | Query: India export tea
RAW-GDELT-263,punjabkesari.in,https://www.punjabkesari.in/national/news/india-s-recurring-barriers-expose-battle-over-nepali-tea-2338651,2026-07-09,Section 10 DQA Rejection: Non-English/Arabic/Asian script keyword-collision artifact,Excluded from Master Registry & Corpus B under Section 10 DQA screening,"Title: 'भारत - नेपाल के बीच अब चाय बनी दरार , सख्ती के बाद शुरू हो ग' | Query: India export tea"
RAW-GDELT-265,newkerala.com,https://www.newkerala.com/news/a/indias-tea-exports-surge-93-pc-since-fy2013-14-911.htm,2026-07-09,Section 10 DQA Rejection: Non-English/Arabic/Asian script keyword-collision artifact,Excluded from Master Registry & Corpus B under Section 10 DQA screening,"Title: 'India Tea Exports Up 93 % to Rs 8 , 719 Crore' | Query: India export tea"
RAW-GDELT-267,zjnews.zjol.com.cn,https://zjnews.zjol.com.cn/202604/t20260424_31625361.shtml,2026-07-09,Section 10 DQA Rejection: Non-English/Arabic/Asian script keyword-collision artifact,Excluded from Master Registry & Corpus B under Section 10 DQA screening,Title: '第八届茶博会下月开幕 首次新增龙坞展馆' | Query: India export tea
RAW-GDELT-269,travel.hangzhou.com.cn,https://travel.hangzhou.com.cn/lyzx/content/2026-04/24/content_9211821.html,2026-07-09,Section 10 DQA Rejection: Non-English/Arabic/Asian script keyword-collision artifact,Excluded from Master Registry & Corpus B under Section 10 DQA screening,Title: '第八届茶博会下月开幕 首次新增龙坞展馆 - 杭州旅游 - 杭州网' | Query: India export tea
RAW-GDELT-270,bd-pratidin.com,https://www.bd-pratidin.com/minister-speech/2026/06/08/1259664,2026-07-09,Section 10 DQA Rejection: Non-English/Arabic/Asian script keyword-collision artifact,Excluded from Master Registry & Corpus B under Section 10 DQA screening,Title: 'ইউরোপ - আমেরিকার দেশগুলোতে বাংলাদেশি খাদ্যদ্রব্য রফতানি হচ্ছ' | Query: India export tea
RAW-GDELT-271,thehindubusinessline.com,https://www.thehindubusinessline.com/economy/agri-business/mixed-impact-for-south-indian-plantation-exports-due-to-west-asian-turmoil-upasi/article71108605.ece,2026-07-09,Section 10 DQA Rejection: Pharma/Geopolitical/Macro noise unrelated to Indian agri-food exports,Excluded from Master Registry & Corpus B under Section 10 DQA screening,Title: 'Mixed impact for South Indian plantation exports due to West' | Query: India export tea
RAW-GDELT-275,economictimes.indiatimes.com,https://economictimes.indiatimes.com/news/economy/foreign-trade/indianew-zealand-20-billion-fta-list-of-sectors-that-gain-ground-as-the-deal-kicks-in/articleshow/130579413.cms,2026-07-09,Section 10 DQA Rejection: Unusable raw_text paywall/adblock/ETPrime stub or insufficient length,Excluded from Master Registry & Corpus B under Section 10 DQA screening,Title: 'India – New Zealand $20 billion FTA : List of sectors set to' | Query: India export tea
RAW-GDELT-283,cna.com.tw,https://www.cna.com.tw:443/news/aopl/202604230233.aspx,2026-07-09,Section 10 DQA Rejection: Non-English/Arabic/Asian script keyword-collision artifact,Excluded from Master Registry & Corpus B under Section 10 DQA screening,Title: '伊朗戰爭打亂貿易 印度棉紗重鎮對中國出貨逆勢暴增 | 國際' | Query: India export tea
RAW-GDELT-286,cafebiz.vn,https://cafebiz.vn/viet-nam-don-tin-vui-cung-luc-tu-my-va-nga-176260623213820055.chn,2026-07-09,Section 10 DQA Rejection: Non-English/Arabic/Asian script keyword-collision artifact,Excluded from Master Registry & Corpus B under Section 10 DQA screening,Title: 'Việt Nam đón tin vui cùng lúc từ Mỹ và Nga' | Query: India export tea
RAW-GDELT-287,orissapost.com,https://www.orissapost.com/tea-producers-in-nepal-launch-indefinite-shutdown-over-indian-import-norms/,2026-07-09,Section 10 DQA Rejection: Pharma/Geopolitical/Macro noise unrelated to Indian agri-food exports,Excluded from Master Registry & Corpus B under Section 10 DQA screening,Title: 'Tea producers in Nepal launch indefinite shutdown over India' | Query: India export tea
RAW-GDELT-288,economictimes.indiatimes.com,https://economictimes.indiatimes.com/small-biz/sme-sector/global-then-local-how-vahdam-india-is-aiming-to-scale-revenues-of-rs-500-cr-by-next-year/articleshow/131983068.cms,2026-07-09,Section 10 DQA Rejection: Unusable raw_text paywall/adblock/ETPrime stub or insufficient length,Excluded from Master Registry & Corpus B under Section 10 DQA screening,"Title: 'Global , then local : How Vahdam India is aiming to scale re' | Query: India export tea"
RAW-GDELT-289,newsway.co.kr,https://newsway.co.kr/news/view?ud=2026041715365874432,2026-07-09,Section 10 DQA Rejection: Non-English/Arabic/Asian script keyword-collision artifact,Excluded from Master Registry & Corpus B under Section 10 DQA screening,Title: '중동발 전쟁에도 수출 힘주는 韓자동차지역별 전략 재편' | Query: India export tea
RAW-GDELT-292,moneycontrol.com,https://www.moneycontrol.com/news/business/majority-stake-sale-brewing-at-tea-wellness-brand-vahdam-india-top-mnc-s-consumer-firms-tapped-13897536.html,2026-07-09,Section 10 DQA Rejection: Pharma/Geopolitical/Macro noise unrelated to Indian agri-food exports,Excluded from Master Registry & Corpus B under Section 10 DQA screening,Title: 'Majority stake sale brewing at tea & wellness brand Vahdam I' | Query: India export tea
RAW-GDELT-294,jagranjosh.com,https://www.jagranjosh.com/general-knowledge/how-a-cup-of-chai-tells-the-story-of-indias-economy-and-inflation-situation-in-2026-1820009424-1,2026-07-09,Section 10 DQA Rejection: Pharma/Geopolitical/Macro noise unrelated to Indian agri-food exports,Excluded from Master Registry & Corpus B under Section 10 DQA screening,Title: 'How a Cup of Chai Tells the Story of India Economy and Infla' | Query: India export tea
RAW-GDELT-295,pratahkal.com,https://www.pratahkal.com/top-story/nepali-tea-export-dispute-83-factories-closed-1603809,2026-07-09,Section 10 DQA Rejection: Non-English/Arabic/Asian script keyword-collision artifact,Excluded from Master Registry & Corpus B under Section 10 DQA screening,Title: 'भारत - नेपाल व्यापारिक तनाव : नेपाली चाय निर्यात पर पाबंदियो' | Query: India export tea
RAW-GDELT-297,vov.vn,http://vov.vn/the-gioi/an-do-va-seychelles-ky-19-thoa-thuan-nang-tam-quan-he-doi-tac-chien-luoc-post1310480.vov,2026-07-09,Section 10 DQA Rejection: Non-English/Arabic/Asian script keyword-collision artifact,Excluded from Master Registry & Corpus B under Section 10 DQA screening,"Title: 'Ấn Độ và Seychelles ký 19 thỏa thuận , nâng tầm quan hệ đối ' | Query: India export tea"
RAW-GDELT-318,thehindu.com,https://www.thehindu.com/news/cities/Coimbatore/tamil-nadu-textile-industry-urged-to-invest-under-production-linked-incentive-scheme/article71158641.ece,2026-07-09,Section 10 DQA Rejection: Unusable raw_text paywall/adblock/ETPrime stub or insufficient length,Excluded from Master Registry & Corpus B under Section 10 DQA screening,Title: 'Tamil Nadu textile industry urged to invest under Production' | Query: India export tea
RAW-GDELT-324,economictimes.indiatimes.com,https://economictimes.indiatimes.com/news/economy/foreign-trade/around-20-metric-tonnes-of-honey-from-assam-exported-to-us/articleshow/130977683.cms,2026-07-09,Section 10 DQA Rejection: Unusable raw_text paywall/adblock/ETPrime stub or insufficient length,Excluded from Master Registry & Corpus B under Section 10 DQA screening,Title: 'Around 20 metric tonnes of honey from Assam exported to US' | Query: India export APEDA
RAW-GDELT-331,newkerala.com,https://www.newkerala.com/news/a/ftas-agri-startups-fpos-drive-next-phase-farm-export-552.htm,2026-07-09,Section 10 DQA Rejection: Non-English/Arabic/Asian script keyword-collision artifact,Excluded from Master Registry & Corpus B under Section 10 DQA screening,"Title: 'FTAs , Agri - Startups , FPOs to Boost Farm Exports : APEDA ' | Query: India export APEDA"
RAW-GDELT-333,aninews.in,https://aninews.in/news/business/apeda-facilitates-first-export-of-dried-whole-egg-powder-from-odisha-to-austria20260620190107/,2026-07-09,Section 10 DQA Rejection: Pharma/Geopolitical/Macro noise unrelated to Indian agri-food exports,Excluded from Master Registry & Corpus B under Section 10 DQA screening,Title: 'APEDA facilitates first export of dried whole egg powder fro' | Query: India export APEDA
RAW-GDELT-334,newkerala.com,https://www.newkerala.com/news/a/apeda-skills-100-startups-under-scheme-push-agri-food-577.htm,2026-07-09,Section 10 DQA Rejection: Non-English/Arabic/Asian script keyword-collision artifact,Excluded from Master Registry & Corpus B under Section 10 DQA screening,Title: 'APEDA Skills 100 Startups for Agri - Food Export Push' | Query: India export APEDA
RAW-GDELT-337,freshplaza.com,https://www.freshplaza.com/north-america/article/9848474/india-s-mango-exports-expand-to-more-than-45-countries/,2026-07-09,Section 10 DQA Rejection: Unusable raw_text paywall/adblock/ETPrime stub or insufficient length,Excluded from Master Registry & Corpus B under Section 10 DQA screening,Title: 'India mango exports expand to more than 45 countries' | Query: India export APEDA
RAW-GDELT-338,newkerala.com,https://www.newkerala.com/news/a/india-sends-1st-biscuit-export-shipment-from-varanasi-655.htm,2026-07-09,Section 10 DQA Rejection: Non-English/Arabic/Asian script keyword-collision artifact,Excluded from Master Registry & Corpus B under Section 10 DQA screening,Title: 'India Exports First Biscuit Shipment from Varanasi to Oman' | Query: India export APEDA
RAW-GDELT-339,newkerala.com,https://www.newkerala.com/news/a/apeda-facilitates-first-export-jk-areko-cherries-scentrose-930.htm,2026-07-09,Section 10 DQA Rejection: Non-English/Arabic/Asian script keyword-collision artifact,Excluded from Master Registry & Corpus B under Section 10 DQA screening,Title: 'J & K Cherries & Plums Exported to UAE' | Query: India export APEDA
RAW-GDELT-340,aninews.in,https://aninews.in/news/world/asia/looking-forward-to-trying-it-singapore-envoy-as-andhras-first-banganapalle-mango-consignment-lands20260626101739/,2026-07-09,Section 10 DQA Rejection: Non-English/Arabic/Asian script keyword-collision artifact,Excluded from Master Registry & Corpus B under Section 10 DQA screening,Title: '  Looking forward to trying it !: Singapore envoy as Andhra ' | Query: India export APEDA
RAW-GDELT-342,newkerala.com,https://www.newkerala.com/news/a/piyush-goyal-hails-jharkhands-amrapali-mangoes-debuting-dubai-150.htm,2026-07-09,Section 10 DQA Rejection: Non-English/Arabic/Asian script keyword-collision artifact,Excluded from Master Registry & Corpus B under Section 10 DQA screening,Title: 'Jharkhand Amrapali Mangoes Exported to Dubai : Women Farmers' | Query: India export APEDA
RAW-GDELT-343,timesofindia.indiatimes.com,https://timesofindia.indiatimes.com/city/varanasi/up-marks-export-milestone-with-banarasi-biscuits-debuting-in-oman/articleshow/131920093.cms,2026-07-09,Section 10 DQA Rejection: Insufficient technical depth or agri-food trade friction relevance,Excluded from Master Registry & Corpus B under Section 10 DQA screening,Title: 'UP marks export milestone with Banarasi biscuits debuting in' | Query: India export APEDA
RAW-GDELT-345,newkerala.com,https://www.newkerala.com/news/a/indias-mango-exports-reach-45-countries-shipments-us-329.htm,2026-07-09,Section 10 DQA Rejection: Non-English/Arabic/Asian script keyword-collision artifact,Excluded from Master Registry & Corpus B under Section 10 DQA screening,Title: 'India Mango Exports to US Grow Over 30 % This Season' | Query: India export APEDA
RAW-GDELT-346,newkerala.com,https://www.newkerala.com/news/a/apeda-facilitates-first-ever-export-20-mt-honey-from-214.htm,2026-07-09,Section 10 DQA Rejection: Non-English/Arabic/Asian script keyword-collision artifact,Excluded from Master Registry & Corpus B under Section 10 DQA screening,Title: 'Assam Honey Exported to US : 20 MT From Baksa' | Query: India export APEDA
RAW-GDELT-348,economictimes.indiatimes.com,https://economictimes.indiatimes.com/news/economy/foreign-trade/assams-gi-tagged-tezpur-litchi-reaches-dubai-in-first-export-shipment/articleshow/131630208.cms,2026-07-09,Section 10 DQA Rejection: Unusable raw_text paywall/adblock/ETPrime stub or insufficient length,Excluded from Master Registry & Corpus B under Section 10 DQA screening,Title: 'Assam GI - tagged Tezpur litchi reaches Dubai in first expor' | Query: India export APEDA
RAW-GDELT-349,prokerala.com,https://www.prokerala.com/news/articles/a1780043.html,2026-07-09,Section 10 DQA Rejection: Pharma/Geopolitical/Macro noise unrelated to Indian agri-food exports,Excluded from Master Registry & Corpus B under Section 10 DQA screening,"Title: 'Indian mangoes reach Singapore via sea shipment , to facilit' | Query: India export APEDA"
RAW-GDELT-351,russiaherald.com,http://www.russiaherald.com/news/279128070/ftas-agri-startups-and-fpos-to-drive-next-phase-of-farm-export-growth-apeda-chief,2026-07-09,Section 10 DQA Rejection: Pharma/Geopolitical/Macro noise unrelated to Indian agri-food exports,Excluded from Master Registry & Corpus B under Section 10 DQA screening,"Title: 'FTAs , agri - startups and FPOs to drive next phase of farm ' | Query: India export APEDA"
RAW-GDELT-356,freepressjournal.in,https://www.freepressjournal.in/lifestyle/assams-gi-tagged-tezpur-litchi-wins-international-market-with-first-export-to-dubai-and-singapore,2026-07-09,Section 10 DQA Rejection: Non-English/Arabic/Asian script keyword-collision artifact,Excluded from Master Registry & Corpus B under Section 10 DQA screening,Title: 'Assam GI - tagged Tezpur Litchi Wins International Market Wi' | Query: India export APEDA
RAW-GDELT-357,indiagazette.com,http://www.indiagazette.com/news/279168809/apeda-facilitates-first-export-of-jk-areko-cherries-scentrose-plums-to-uae,2026-07-09,Section 10 DQA Rejection: Pharma/Geopolitical/Macro noise unrelated to Indian agri-food exports,Excluded from Master Registry & Corpus B under Section 10 DQA screening,"Title: 'APEDA facilitates first export of J & K Areko cherries , Sce' | Query: India export APEDA"
RAW-GDELT-359,newkerala.com,https://www.newkerala.com/news/a/apeda-facilitates-first-commercial-export-gi-tagged-rewa-sundarja-308.htm,2026-07-09,Section 10 DQA Rejection: Non-English/Arabic/Asian script keyword-collision artifact,Excluded from Master Registry & Corpus B under Section 10 DQA screening,Title: 'Rewa Sundarja Mangoes Exported to UAE : 50 % Higher Price fo' | Query: India export APEDA
RAW-GDELT-361,newkerala.com,https://www.newkerala.com/news/a/uttarakhands-premium-litchi-enters-european-market-1st-consignment-262.htm,2026-07-09,Section 10 DQA Rejection: Non-English/Arabic/Asian script keyword-collision artifact,Excluded from Master Registry & Corpus B under Section 10 DQA screening,"Title: 'Uttarakhand Litchi Enters European Market , First Shipment t' | Query: India export APEDA"
RAW-GDELT-374,prokerala.com,https://www.prokerala.com/news/articles/a1771369.html,2026-07-09,Section 10 DQA Rejection: Pharma/Geopolitical/Macro noise unrelated to Indian agri-food exports,Excluded from Master Registry & Corpus B under Section 10 DQA screening,"Title: 'Indian Kesar mangoes arrive in Belgian stores , tasting sess' | Query: India export APEDA"
RAW-GDELT-380,thehindubusinessline.com,https://www.thehindubusinessline.com/economy/agri-business/basmati-exporters-of-punjab-urge-goyal-to-restructure-initiate-reforms-in-development-body-bedf/article70880360.ece,2026-07-09,Section 10 DQA Rejection: Pharma/Geopolitical/Macro noise unrelated to Indian agri-food exports,Excluded from Master Registry & Corpus B under Section 10 DQA screening,Title: 'Basmati exporters of Punjab urge Goyal to restructure & init' | Query: India export APEDA
RAW-GDELT-383,ianslive.in,https://ianslive.in/1st-ever-shipment-of-dried-whole-egg-powder-from-odisha-on-way-to-austria--20260620184035,2026-07-09,Section 10 DQA Rejection: Pharma/Geopolitical/Macro noise unrelated to Indian agri-food exports,Excluded from Master Registry & Corpus B under Section 10 DQA screening,Title: '1st - ever shipment of dried whole egg powder from Odisha on' | Query: India export APEDA
RAW-GDELT-401,thehindu.com,https://www.thehindu.com/news/cities/Visakhapatnam/p-jawahar-takes-charge-as-mpeda-chairman/article71022394.ece,2026-07-09,Section 10 DQA Rejection: Unusable raw_text paywall/adblock/ETPrime stub or insufficient length,Excluded from Master Registry & Corpus B under Section 10 DQA screening,Title: 'P . Jawahar takes charge as MPEDA Chairman' | Query: India export MPEDA
RAW-GDELT-410,prokerala.com,https://www.prokerala.com/news/articles/a1772546.html,2026-07-09,Section 10 DQA Rejection: Pharma/Geopolitical/Macro noise unrelated to Indian agri-food exports,Excluded from Master Registry & Corpus B under Section 10 DQA screening,Title: 'Centre backs states in big push to achieve Rs 1 lakh crore s' | Query: India export MPEDA
RAW-GDELT-413,newkerala.com,https://www.newkerala.com/news/a/centre-backs-states-big-push-achieve-rs-lakh-629.htm,2026-07-09,Section 10 DQA Rejection: Non-English/Arabic/Asian script keyword-collision artifact,Excluded from Master Registry & Corpus B under Section 10 DQA screening,"Title: 'Centre , States Unite for Rs 1 Lakh Crore Seafood Export Goa' | Query: India export MPEDA"
RAW-GDELT-448,thehindu.com,https://www.thehindu.com/news/cities/Visakhapatnam/naidu-four-union-ministers-open-visakhapatnam-seafood-meet-india-eyes-1-lakh-crore-exports/article71064353.ece,2026-07-09,Section 10 DQA Rejection: Unusable raw_text paywall/adblock/ETPrime stub or insufficient length,Excluded from Master Registry & Corpus B under Section 10 DQA screening,"Title: 'Naidu , four Union Ministers open Visakhapatnam seafood meet' | Query: India export MPEDA"
RAW-GDELT-452,orissapost.com,https://www.orissapost.com/odisha-emerges-as-export-growth-hub/,2026-07-09,Section 10 DQA Rejection: Pharma/Geopolitical/Macro noise unrelated to Indian agri-food exports,Excluded from Master Registry & Corpus B under Section 10 DQA screening,Title: 'Odisha emerges as export growth hub' | Query: India export MPEDA
RAW-GDELT-455,thehindubusinessline.com,https://www.thehindubusinessline.com/opinion/transferring-equity-to-coastal-communities/article70898457.ece,2026-07-09,Section 10 DQA Rejection: Pharma/Geopolitical/Macro noise unrelated to Indian agri-food exports,Excluded from Master Registry & Corpus B under Section 10 DQA screening,Title: 'Transferring equity to coastal communities - The HinduBusine' | Query: India export MPEDA
RAW-GDELT-456,timesofindia.indiatimes.com,https://timesofindia.indiatimes.com/india/from-melodi-camaraderie-to-strategic-deals-key-takeaways-from-pm-modis-italy-visit/articleshow/131239209.cms,2026-07-09,Section 10 DQA Rejection: Insufficient technical depth or agri-food trade friction relevance,Excluded from Master Registry & Corpus B under Section 10 DQA screening,Title: 'Italy : From  Melodi  camaraderie to strategic deals : Key t' | Query: India export MPEDA
RAW-GDELT-457,aninews.in,https://aninews.in/news/world/asia/india-italy-partnership-to-benefit-all-of-humanity-says-pm-modi20260521035809/,2026-07-09,Section 10 DQA Rejection: Pharma/Geopolitical/Macro noise unrelated to Indian agri-food exports,Excluded from Master Registry & Corpus B under Section 10 DQA screening,"Title: '  India , Italy partnership to benefit all of humanity , say' | Query: India export MPEDA"
RAW-GDELT-481,aninews.in,https://aninews.in/news/national/general-news/fssai-orders-inspection-and-laboratory-testing-following-ammonia-gas-leak-at-tamil-nadu-seafood-facility20260625162647/,2026-07-09,Section 10 DQA Rejection: Pharma/Geopolitical/Macro noise unrelated to Indian agri-food exports,Excluded from Master Registry & Corpus B under Section 10 DQA screening,Title: 'FSSAI orders inspection and laboratory testing following amm' | Query: India export FSSAI
RAW-GDELT-485,thehindubusinessline.com,https://www.thehindubusinessline.com/markets/stock-markets/stocks-in-focus-today-supriya-lifescience-rubicon-research-fortis-healthcare-fermenta-biotech/article71187797.ece,2026-07-09,Section 10 DQA Rejection: Pharma/Geopolitical/Macro noise unrelated to Indian agri-food exports,Excluded from Master Registry & Corpus B under Section 10 DQA screening,Title: 'Stocks in Focus today : Supriya Lifescience ; Rubicon Resear' | Query: India export FSSAI
RAW-GDELT-487,livemint.com,https://www.livemint.com/news/india/india-sugar-exports-consumption-prices-ethanol-output-11779360300670.html,2026-07-09,Section 10 DQA Rejection: Pharma/Geopolitical/Macro noise unrelated to Indian agri-food exports,Excluded from Master Registry & Corpus B under Section 10 DQA screening,Title: 'Sugar exports fall below 5 % as Centre prioritizes domestic ' | Query: India export FSSAI
RAW-GDELT-492,freshplaza.com,https://www.freshplaza.com/north-america/article/9830870/cultivating-premium-fruit-varieties-requires-premium-effort/,2026-07-09,Section 10 DQA Rejection: Unusable raw_text paywall/adblock/ETPrime stub or insufficient length,Excluded from Master Registry & Corpus B under Section 10 DQA screening,Title: '  Cultivating premium fruit varieties requires premium effor' | Query: India export FSSAI
RAW-GDELT-502,calcuttanews.net,http://www.calcuttanews.net/news/279156982/imarc-engineering-introduces-end-to-end-factory-setup-services-in-india-targeting-greenfield-and-brownfield-manufacturing-investors,2026-07-09,Section 10 DQA Rejection: Pharma/Geopolitical/Macro noise unrelated to Indian agri-food exports,Excluded from Master Registry & Corpus B under Section 10 DQA screening,Title: 'IMARC Engineering Introduces End - to - End Factory Setup Se' | Query: India export FSSAI
RAW-GDELT-503,dailyexcelsior.com,https://www.dailyexcelsior.com/war-against-drugs-or-food-adulteration-which-battle-will-save-more-lives-2/,2026-07-09,Section 10 DQA Rejection: Pharma/Geopolitical/Macro noise unrelated to Indian agri-food exports,Excluded from Master Registry & Corpus B under Section 10 DQA screening,Title: 'War Against Drugs or Food Adulteration Which battle will sav' | Query: India export FSSAI
RAW-GDELT-504,thehindubusinessline.com,https://www.thehindubusinessline.com/markets/sensex-nifty50-today-stock-market-live-updates-15th-june-2026/article71101316.ece,2026-07-09,Section 10 DQA Rejection: Pharma/Geopolitical/Macro noise unrelated to Indian agri-food exports,Excluded from Master Registry & Corpus B under Section 10 DQA screening,"Title: 'Stock Market Live June 15 : Sensex jumps 1 , 110 points , Ni' | Query: India export FSSAI"
RAW-GDELT-507,thehindu.com,https://www.thehindu.com/brandhub/pr-release/most-eminent-startups-of-india-2026/article70949885.ece,2026-07-09,Section 10 DQA Rejection: Unusable raw_text paywall/adblock/ETPrime stub or insufficient length,Excluded from Master Registry & Corpus B under Section 10 DQA screening,Title: 'Most Eminent Startups of India 2026' | Query: India export FSSAI
RAW-GDELT-510,mangalorean.com,https://www.mangalorean.com/india-netherlands-release-joint-statement-on-pm-modis-visit/,2026-07-09,Section 10 DQA Rejection: Pharma/Geopolitical/Macro noise unrelated to Indian agri-food exports,Excluded from Master Registry & Corpus B under Section 10 DQA screening,"Title: 'India , Netherlands release joint statement on PM Modi visit' | Query: India export FSSAI"
RAW-GDELT-512,newkerala.com,https://www.newkerala.com/news/a/piyush-goyal-chairs-meet-export-bodies-post-india-nz-253.htm,2026-07-09,Section 10 DQA Rejection: Non-English/Arabic/Asian script keyword-collision artifact,Excluded from Master Registry & Corpus B under Section 10 DQA screening,Title: 'Piyush Goyal Targets $2 Trillion Exports by 2030' | Query: India export DGFT
RAW-GDELT-514,thehindubusinessline.com,https://www.thehindubusinessline.com/markets/commodities/commerce-ministry-notifies-decision-to-allow-exports-of-25-lakh-tonne-additional-wheat/article70915520.ece,2026-07-09,Section 10 DQA Rejection: Insufficient technical depth or agri-food trade friction relevance,Excluded from Master Registry & Corpus B under Section 10 DQA screening,Title: 'Commerce Ministry notifies decision to allow exports of 25 l' | Query: India export DGFT
RAW-GDELT-517,livemint.com,https://www.livemint.com/news/india-bans-sugar-exports-till-sept-2026-as-government-moves-to-cool-domestic-prices-ensure-supply-11778723252332.html,2026-07-09,Section 10 DQA Rejection: Insufficient technical depth or agri-food trade friction relevance,Excluded from Master Registry & Corpus B under Section 10 DQA screening,Title: 'India bans sugar exports till Sept 2026 as Centre moves to c' | Query: India export DGFT
RAW-GDELT-519,economictimes.indiatimes.com,https://economictimes.indiatimes.com/news/india/sbi-chairman-apple-india-md-among-29-members-appointed-to-board-of-trade-led-by-piyush-goyal/articleshow/131470908.cms,2026-07-09,Section 10 DQA Rejection: Unusable raw_text paywall/adblock/ETPrime stub or insufficient length,Excluded from Master Registry & Corpus B under Section 10 DQA screening,"Title: 'SBI Chairman , Apple India MD among 29 Members appointed to ' | Query: India export DGFT"
RAW-GDELT-520,dailypioneer.com,https://dailypioneer.com/news/goyal-meets-exporters-to-boost-trade-leverage-ftas,2026-07-09,Section 10 DQA Rejection: Insufficient technical depth or agri-food trade friction relevance,Excluded from Master Registry & Corpus B under Section 10 DQA screening,"Title: 'Piyush Goyal Meets Exporters to Boost FTAs , MSMEs and India' | Query: India export DGFT"
RAW-GDELT-522,moneycontrol.com,https://www.moneycontrol.com/news/business/markets/balrampur-chini-other-sugar-stocks-fall-up-to-4-after-govt-bans-exports-till-september-30-13918816.html,2026-07-09,Section 10 DQA Rejection: Pharma/Geopolitical/Macro noise unrelated to Indian agri-food exports,Excluded from Master Registry & Corpus B under Section 10 DQA screening,"Title: 'Balrampur Chini , other sugar stocks fall up to 4 % after go' | Query: India export DGFT"
RAW-GDELT-523,thehindu.com,https://www.thehindu.com/business/Industry/india-bans-sugar-exports-till-september-30/article70976919.ece,2026-07-09,Section 10 DQA Rejection: Unusable raw_text paywall/adblock/ETPrime stub or insufficient length,Excluded from Master Registry & Corpus B under Section 10 DQA screening,Title: 'India bans sugar exports till September 30' | Query: India export DGFT
RAW-GDELT-524,tribuneindia.com,https://www.tribuneindia.com/news/india/india-bans-sugar-exports-till-sept-30-exemptions-for-eu-us-quotas/,2026-07-09,Section 10 DQA Rejection: Insufficient technical depth or agri-food trade friction relevance,Excluded from Master Registry & Corpus B under Section 10 DQA screening,"Title: 'India bans sugar exports till Sept 30 ; exemptions for EU , ' | Query: India export DGFT"
RAW-GDELT-525,livemint.com,https://www.livemint.com/news/govt-imposes-limits-stricter-monitoring-on-gold-imports-11778770772797.html,2026-07-09,Section 10 DQA Rejection: Insufficient technical depth or agri-food trade friction relevance,Excluded from Master Registry & Corpus B under Section 10 DQA screening,"Title: 'Govt imposes limits , stricter monitoring on gold imports' | Query: India export DGFT"
RAW-GDELT-526,businessworld.in,https://www.businessworld.in/article/centre-urges-export-promotion-councils-to-focus-on-new-markets-612257,2026-07-09,Section 10 DQA Rejection: Insufficient technical depth or agri-food trade friction relevance,Excluded from Master Registry & Corpus B under Section 10 DQA screening,Title: 'Centre Urges Export Promotion Councils To Focus On New Marke' | Query: India export DGFT
RAW-GDELT-527,newsx.com,https://www.newsx.com/business/sugar-stocks-in-focus-today-will-india-sugar-export-ban-hit-balrampur-chini-shree-renuka-bajaj-hindusthan-and-other-sugar-stock-218652/,2026-07-09,Section 10 DQA Rejection: Pharma/Geopolitical/Macro noise unrelated to Indian agri-food exports,Excluded from Master Registry & Corpus B under Section 10 DQA screening,Title: 'Sugar Stocks In Focus Today : Will India Sugar Export Ban Hi' | Query: India export DGFT
RAW-GDELT-529,ibtimes.co.in,https://www.ibtimes.co.in/walmart-bets-bigger-india-msme-export-push-crosses-115000-businesses-details-inside-901857,2026-07-09,Section 10 DQA Rejection: Insufficient technical depth or agri-food trade friction relevance,Excluded from Master Registry & Corpus B under Section 10 DQA screening,Title: 'Walmart bets bigger on India : MSME export push crosses 115 ' | Query: India export DGFT
RAW-GDELT-530,timesofindia.indiatimes.com,https://timesofindia.indiatimes.com/business/india-business/sugar-exports-banned-till-sept-30-to-check-prices/articleshow/131104473.cms,2026-07-09,Section 10 DQA Rejection: Unusable raw_text paywall/adblock/ETPrime stub or insufficient length,Excluded from Master Registry & Corpus B under Section 10 DQA screening,Title: 'Sugar exports banned till Sept 30 to check prices' | Query: India export DGFT
RAW-GDELT-531,dailypioneer.com,https://dailypioneer.com/news/india-represents-dynamic-opportunities-says-walmart-ceo,2026-07-09,Section 10 DQA Rejection: Insufficient technical depth or agri-food trade friction relevance,Excluded from Master Registry & Corpus B under Section 10 DQA screening,"Title: 'Walmart sources goods worth USD 40 billion from India , eyes' | Query: India export DGFT"
RAW-GDELT-532,economictimes.indiatimes.com,https://economictimes.indiatimes.com/news/economy/foreign-trade/amid-west-asia-war-fy26-goods-exports-may-fall-2-3-fieo/articleshow/130153156.cms,2026-07-09,Section 10 DQA Rejection: Unusable raw_text paywall/adblock/ETPrime stub or insufficient length,Excluded from Master Registry & Corpus B under Section 10 DQA screening,"Title: 'Amid West Asia war , FY26 goods exports may fall 2 - 3 %: FI' | Query: India export DGFT"
RAW-GDELT-533,calcuttanews.net,http://www.calcuttanews.net/news/279050852/govt-tightens-gold-import-rules-caps-duty-free-imports-at-100-kg-per-approval,2026-07-09,Section 10 DQA Rejection: Insufficient technical depth or agri-food trade friction relevance,Excluded from Master Registry & Corpus B under Section 10 DQA screening,"Title: 'Govt tightens gold import rules , caps duty - free imports a' | Query: India export DGFT"
RAW-GDELT-534,businesstoday.in,https://www.businesstoday.in/india/story/big-change-in-gold-import-rules-after-15-duty-hike-govt-caps-duty-free-imports-at-100-kg-531593-2026-05-14,2026-07-09,Section 10 DQA Rejection: Insufficient technical depth or agri-food trade friction relevance,Excluded from Master Registry & Corpus B under Section 10 DQA screening,"Title: 'Big change in gold import rules : After 15 % duty hike , gov' | Query: India export DGFT"
RAW-GDELT-535,prokerala.com,https://www.prokerala.com/news/articles/a1765274.html,2026-07-09,Section 10 DQA Rejection: Pharma/Geopolitical/Macro noise unrelated to Indian agri-food exports,Excluded from Master Registry & Corpus B under Section 10 DQA screening,Title: 'Delhi HC seeks Centre response on diversion of life - saving' | Query: India export DGFT
RAW-GDELT-536,ibtimes.co.in,https://www.ibtimes.co.in/government-raises-gold-silver-import-duty-15-amid-west-asia-crisis-forex-pressure-902058,2026-07-09,Section 10 DQA Rejection: Insufficient technical depth or agri-food trade friction relevance,Excluded from Master Registry & Corpus B under Section 10 DQA screening,"Title: 'Government raises gold , silver import duty to 15 % amid Wes' | Query: India export DGFT"
RAW-GDELT-537,aninews.in,https://aninews.in/news/national/general-news/delhi-hc-issues-notice-to-centre-regulatory-agencies-on-pil-alleging-illegal-export-of-life-saving-drugs20260520123428/,2026-07-09,Section 10 DQA Rejection: Pharma/Geopolitical/Macro noise unrelated to Indian agri-food exports,Excluded from Master Registry & Corpus B under Section 10 DQA screening,"Title: 'Delhi HC issues notice to Centre , regulatory agencies on PI' | Query: India export DGFT"
RAW-GDELT-538,indianexpress.com,https://indianexpress.com/article/business/banking-and-finance/17-banks-get-govt-nod-to-import-bullion-10642518/,2026-07-09,Section 10 DQA Rejection: Insufficient technical depth or agri-food trade friction relevance,Excluded from Master Registry & Corpus B under Section 10 DQA screening,Title: '17 banks get govt nod to import bullion' | Query: India export DGFT
RAW-GDELT-539,khaskhabar.com,https://www.khaskhabar.com/local/delhi-ncr/delhi-news/news-government-bans-sugar-exports-until-september-move-to-help-keep-prices-in-check-news-hindi-1-813511-KKN.html,2026-07-09,Section 10 DQA Rejection: Non-English/Arabic/Asian script keyword-collision artifact,Excluded from Master Registry & Corpus B under Section 10 DQA screening,Title: 'Government Bans Sugar Exports Until September ; Move to Help' | Query: India export DGFT
RAW-GDELT-540,prokerala.com,https://www.prokerala.com/news/articles/a1762601.html,2026-07-09,Section 10 DQA Rejection: Insufficient technical depth or agri-food trade friction relevance,Excluded from Master Registry & Corpus B under Section 10 DQA screening,Title: 'Govt prohibits sugar exports till September for domestic ava' | Query: India export DGFT
RAW-GDELT-543,prokerala.com,https://www.prokerala.com/news/articles/a1763728.html,2026-07-09,Section 10 DQA Rejection: Insufficient technical depth or agri-food trade friction relevance,Excluded from Master Registry & Corpus B under Section 10 DQA screening,"Title: 'Govt imposes fresh curbs on silver imports , approval now ma' | Query: India export DGFT"
RAW-GDELT-544,newkerala.com,https://www.newkerala.com/news/a/india-bans-sugar-exports-immediate-effect-until-september-294.htm,2026-07-09,Section 10 DQA Rejection: Non-English/Arabic/Asian script keyword-collision artifact,Excluded from Master Registry & Corpus B under Section 10 DQA screening,Title: 'India Bans Sugar Exports Until September 2026' | Query: India export DGFT
RAW-GDELT-546,orissapost.com,https://www.orissapost.com/govt-bans-sugar-exports-till-september/,2026-07-09,Section 10 DQA Rejection: Pharma/Geopolitical/Macro noise unrelated to Indian agri-food exports,Excluded from Master Registry & Corpus B under Section 10 DQA screening,Title: 'Govt bans sugar exports till September' | Query: India export DGFT
RAW-GDELT-548,freepressjournal.in,https://www.freepressjournal.in/business/govt-offers-interest-subsidy-on-167-iron-steel-products-msme-exporters-to-get-loan-relief-under-7295-crore-scheme,2026-07-09,Section 10 DQA Rejection: Insufficient technical depth or agri-food trade friction relevance,Excluded from Master Registry & Corpus B under Section 10 DQA screening,"Title: 'Govt Offers Interest Subsidy On 167 Iron & Steel Products , ' | Query: India export DGFT"
RAW-GDELT-549,newkerala.com,https://www.newkerala.com/news/a/govt-imposes-fresh-curbs-silver-imports-approval-now-139.htm,2026-07-09,Section 10 DQA Rejection: Non-English/Arabic/Asian script keyword-collision artifact,Excluded from Master Registry & Corpus B under Section 10 DQA screening,Title: 'India Imposes Fresh Curbs on Silver Imports' | Query: India export DGFT
RAW-GDELT-550,rediff.com,https://www.rediff.com/business/report/walmarts-india-sourcing-hits-40-billion-driving-global-export-growth/20260508.htm,2026-07-09,Section 10 DQA Rejection: Insufficient technical depth or agri-food trade friction relevance,Excluded from Master Registry & Corpus B under Section 10 DQA screening,"Title: 'Walmart India Sourcing Hits $40 Billion , Driving Global Exp' | Query: India export DGFT"
RAW-GDELT-552,economictimes.indiatimes.com,https://economictimes.indiatimes.com/industry/cons-products/fashion-/-cosmetics-/-jewellery/indian-banks-pause-gold-imports-as-renewed-finmin-notification-on-igst-hangs-fire-in-fy27/articleshow/130651181.cms,2026-07-09,Section 10 DQA Rejection: Unusable raw_text paywall/adblock/ETPrime stub or insufficient length,Excluded from Master Registry & Corpus B under Section 10 DQA screening,Title: 'Indian banks pause gold imports as renewed finmin notificati' | Query: India export DGFT
RAW-GDELT-553,dailypioneer.com,https://dailypioneer.com/news/india-bans-sugar-exports-till-september-due-to-domestic-supply-concerns,2026-07-09,Section 10 DQA Rejection: Insufficient technical depth or agri-food trade friction relevance,Excluded from Master Registry & Corpus B under Section 10 DQA screening,Title: 'India Prohibits Sugar Exports Till September Over Supply Con' | Query: India export DGFT
RAW-GDELT-554,siliconindia.com,https://www.siliconindia.com/news/general/india-halts-sugar-exports-till-september-eu-us-quotas-get-relief-nid-240632-cid-1.html,2026-07-09,Section 10 DQA Rejection: Pharma/Geopolitical/Macro noise unrelated to Indian agri-food exports,Excluded from Master Registry & Corpus B under Section 10 DQA screening,Title: 'India Halts Sugar Exports Till September ; EU US Quotas Get ' | Query: India export DGFT
RAW-GDELT-555,aninews.in,https://aninews.in/news/business/rupee-may-stay-under-pressure-as-geopolitical-risks-and-twin-deficits-keep-usd-inr-on-upward-trajectory-experts-say20260515171601/,2026-07-09,Section 10 DQA Rejection: Pharma/Geopolitical/Macro noise unrelated to Indian agri-food exports,Excluded from Master Registry & Corpus B under Section 10 DQA screening,Title: 'Rupee may stay under pressure as geopolitical risks and twin' | Query: India export DGFT
RAW-GDELT-557,openthemagazine.com,https://openthemagazine.com/business/india-bans-sugar-exports-until-sept-30-to-secure-domestic-supply,2026-07-09,Section 10 DQA Rejection: Insufficient technical depth or agri-food trade friction relevance,Excluded from Master Registry & Corpus B under Section 10 DQA screening,"Title: 'India Bans Sugar Exports Until September 30 , 2026 to Protec' | Query: India export DGFT"
RAW-GDELT-558,dailyexcelsior.com,https://www.dailyexcelsior.com/west-asia-crisis-poses-risks-to-indias-trade-and-macroeconomic-stability-niti-aayog-report/,2026-07-09,Section 10 DQA Rejection: Pharma/Geopolitical/Macro noise unrelated to Indian agri-food exports,Excluded from Master Registry & Corpus B under Section 10 DQA screening,Title: 'West Asia crisis poses risks to India trade and macroeconomi' | Query: India export DGFT
RAW-GDELT-560,batonrougepost.com,http://www.batonrougepost.com/news/279049496/india-bans-sugar-exports-with-immediate-effect-until-september-2026,2026-07-09,Section 10 DQA Rejection: Pharma/Geopolitical/Macro noise unrelated to Indian agri-food exports,Excluded from Master Registry & Corpus B under Section 10 DQA screening,Title: 'India bans sugar exports with immediate effect until Septemb' | Query: India export DGFT
RAW-GDELT-561,prokerala.com,https://www.prokerala.com/news/articles/a1760852.html,2026-07-09,Section 10 DQA Rejection: Insufficient technical depth or agri-food trade friction relevance,Excluded from Master Registry & Corpus B under Section 10 DQA screening,Title: 'ED action : Sanjeev Arora Hampton Sky Realty denies fund div' | Query: India export DGFT
RAW-GDELT-562,asiabulletin.com,http://www.asiabulletin.com/news/278996074/govt-strengthens-dgft-norms-committees-to-speed-up-export-authorisations-cut-delays,2026-07-09,Section 10 DQA Rejection: Pharma/Geopolitical/Macro noise unrelated to Indian agri-food exports,Excluded from Master Registry & Corpus B under Section 10 DQA screening,Title: 'Govt strengthens DGFT Norms Committees to speed up export au' | Query: India export DGFT
RAW-GDELT-564,thehindubusinessline.com,https://www.thehindubusinessline.com/economy/3-days-time-limit-be-complied-with-for-generation-of-rodtep-rosctl-scrolls-says-cbic/article70900324.ece,2026-07-09,Section 10 DQA Rejection: Insufficient technical depth or agri-food trade friction relevance,Excluded from Master Registry & Corpus B under Section 10 DQA screening,"Title: '3 day time limit be complied with for generation of RoDTEP ,' | Query: India export DGFT"
RAW-GDELT-565,dailypioneer.com,https://dailypioneer.com/news/saudi-uae-receive-export-consignment-valued-at-rs-2-35-crore-from-assam,2026-07-09,Section 10 DQA Rejection: Insufficient technical depth or agri-food trade friction relevance,Excluded from Master Registry & Corpus B under Section 10 DQA screening,Title: 'Assam Exports First Legally Approved Agarwood Shipment to Sa' | Query: India export DGFT
RAW-GDELT-566,thehindubusinessline.com,https://www.thehindubusinessline.com/economy/agri-business/indias-move-to-export-5-mt-wheat-unlikely-to-impact-global-market/article70895909.ece,2026-07-09,Section 10 DQA Rejection: Pharma/Geopolitical/Macro noise unrelated to Indian agri-food exports,Excluded from Master Registry & Corpus B under Section 10 DQA screening,Title: 'India move to export 5 mt wheat unlikely to impact global ma' | Query: India export DGFT
RAW-GDELT-568,newkerala.com,https://www.newkerala.com/news/a/rupee-may-stay-under-pressure-as-geopolitical-risks-543.htm,2026-07-09,Section 10 DQA Rejection: Non-English/Arabic/Asian script keyword-collision artifact,Excluded from Master Registry & Corpus B under Section 10 DQA screening,"Title: 'Rupee Under Pressure : Geopolitical Risks , Twin Deficits' | Query: India export DGFT"
RAW-GDELT-569,hindustantimes.com,https://www.hindustantimes.com/cities/chandigarh-news/after-ed-raid-hampton-sky-realty-says-company-cooperating-with-statutory-authorities-101778346911147.html,2026-07-09,Section 10 DQA Rejection: Insufficient technical depth or agri-food trade friction relevance,Excluded from Master Registry & Corpus B under Section 10 DQA screening,"Title: 'After ED raid , Hampton Sky Realty says company cooperating ' | Query: India export DGFT"
RAW-GDELT-570,rozanaspokesman.com,http://www.rozanaspokesman.com/news/punjab/110526/official-statement-hampton-sky-realty-limited.html,2026-07-09,Section 10 DQA Rejection: Pharma/Geopolitical/Macro noise unrelated to Indian agri-food exports,Excluded from Master Registry & Corpus B under Section 10 DQA screening,Title: 'OFFICIAL STATEMENT : HAMPTON SKY REALTY LIMITED' | Query: India export DGFT
RAW-GDELT-571,tribuneindia.com,https://www.tribuneindia.com/news/top-headlines/days-after-duty-hike-govt-restricts-import-of-silver/,2026-07-09,Section 10 DQA Rejection: Pharma/Geopolitical/Macro noise unrelated to Indian agri-food exports,Excluded from Master Registry & Corpus B under Section 10 DQA screening,"Title: 'Days after duty hike , govt restricts import of silver' | Query: India export DGFT"
RAW-GDELT-572,indiaeducationdiary.in,https://indiaeducationdiary.in/government-undertakes-reforms-to-strengthen-norms-committees-under-dgft-for-faster-disposal-of-advance-authorisation-applications/,2026-07-09,Section 10 DQA Rejection: Insufficient technical depth or agri-food trade friction relevance,Excluded from Master Registry & Corpus B under Section 10 DQA screening,Title: 'Government Undertakes Reforms to Strengthen Norms Committees' | Query: India export DGFT
RAW-GDELT-574,navbharattimes.indiatimes.com,https://navbharattimes.indiatimes.com/india/el-nio-effect-in-india-2026-modi-government-banned-sugar-exports-due-to-weak-monsoon-predictions-as-climate-change-imd-wmo-weather-updates/articleshow/131106804.cms,2026-07-09,Section 10 DQA Rejection: Non-English/Arabic/Asian script keyword-collision artifact,Excluded from Master Registry & Corpus B under Section 10 DQA screening,Title: 'EL niño effect in india 2026 :  एक छोटे बच्चे  ने भारत को सं' | Query: India export DGFT
RAW-GDELT-576,navhindtimes.in,https://navhindtimes.in/editorial/boosting-exports/,2026-07-09,Section 10 DQA Rejection: Insufficient technical depth or agri-food trade friction relevance,Excluded from Master Registry & Corpus B under Section 10 DQA screening,Title: 'Boosting exports - The Navhind Times' | Query: India export DGFT
RAW-GDELT-578,ibtimes.co.in,https://www.ibtimes.co.in/govt-tightens-silver-imports-imposes-stricter-rules-duty-free-gold-shipments-902112,2026-07-09,Section 10 DQA Rejection: Insufficient technical depth or agri-food trade friction relevance,Excluded from Master Registry & Corpus B under Section 10 DQA screening,"Title: 'Govt tightens silver imports , imposes stricter rules on dut' | Query: India export DGFT"
RAW-GDELT-579,livemint.com,https://www.livemint.com/industry/cotton-import-duty-exemption-cotton-imports-india-textile-industry-india-11780145727346.html,2026-07-09,Section 10 DQA Rejection: Pharma/Geopolitical/Macro noise unrelated to Indian agri-food exports,Excluded from Master Registry & Corpus B under Section 10 DQA screening,Title: 'Centre waives cotton import duty till 31 October to boost su' | Query: India export DGFT
RAW-GDELT-580,dw.com,https://www.dw.com/hi/top-news-dw-hindi-14-may/live-77156844,2026-07-09,Section 10 DQA Rejection: Non-English/Arabic/Asian script keyword-collision artifact,Excluded from Master Registry & Corpus B under Section 10 DQA screening,Title: 'डॉनल्ड ट्रंप और शी जिनपिंग की बीजिंग में मुलाकात' | Query: India export DGFT
RAW-GDELT-581,chinanationalnews.com,https://www.chinanationalnews.com/news/279083610/how-to-import-steel-in-india-a-complete-guide-for-steel-importers,2026-07-09,Section 10 DQA Rejection: Pharma/Geopolitical/Macro noise unrelated to Indian agri-food exports,Excluded from Master Registry & Corpus B under Section 10 DQA screening,Title: 'How to Import Steel in India : A Complete Guide for Steel Im' | Query: India export DGFT
RAW-GDELT-583,livemint.com,https://www.livemint.com/economy/india-milk-production-to-grow-6-per-cent-in-fy27-despite-monsoon-risks-11780817368314.html,2026-07-09,Section 10 DQA Rejection: Pharma/Geopolitical/Macro noise unrelated to Indian agri-food exports,Excluded from Master Registry & Corpus B under Section 10 DQA screening,Title: 'India milk output to grow 6 % in FY27 despite weak monsoon r' | Query: India export DGFT
RAW-GDELT-584,iraqsun.com,http://www.iraqsun.com/news/279048974/assam-ships-first-agarwood-export-to-the-gulf-unlocks-rs-50000-crore-industry-potential,2026-07-09,Section 10 DQA Rejection: Pharma/Geopolitical/Macro noise unrelated to Indian agri-food exports,Excluded from Master Registry & Corpus B under Section 10 DQA screening,"Title: 'Assam ships first Agarwood export to the Gulf , unlocks Rs 5' | Query: India export DGFT"
RAW-GDELT-585,moneycontrol.com,https://www.moneycontrol.com/news/business/temporary-slowdown-possible-after-pm-modi-urges-consumers-to-avoid-gold-purchases-say-jewellers-13914993.html,2026-07-09,Section 10 DQA Rejection: Pharma/Geopolitical/Macro noise unrelated to Indian agri-food exports,Excluded from Master Registry & Corpus B under Section 10 DQA screening,Title: 'Temporary slowdown possible after PM Modi urges consumers to' | Query: India export DGFT
RAW-GDELT-586,prokerala.com,https://www.prokerala.com/news/articles/a1767451.html,2026-07-09,Section 10 DQA Rejection: Pharma/Geopolitical/Macro noise unrelated to Indian agri-food exports,Excluded from Master Registry & Corpus B under Section 10 DQA screening,Title: 'HM Shah to hold meeting on crisis facing Maha onion growers ' | Query: India export DGFT
RAW-GDELT-587,indianexpress.com,https://indianexpress.com/article/explained/explained-economics/india-sugar-export-ban-el-nino-stocks-10689599/,2026-07-09,Section 10 DQA Rejection: Pharma/Geopolitical/Macro noise unrelated to Indian agri-food exports,Excluded from Master Registry & Corpus B under Section 10 DQA screening,Title: 'Why Modi government has banned sugar exports : 3 reasons' | Query: India export DGFT
RAW-GDELT-588,india-briefing.com,https://www.india-briefing.com/news/india-qco-exemption-sez-imports-ftp-2023-amendment-45518.html,2026-07-09,Section 10 DQA Rejection: Insufficient technical depth or agri-food trade friction relevance,Excluded from Master Registry & Corpus B under Section 10 DQA screening,Title: 'Mandatory QCO Exemption Extended to SEZ Units and Developers' | Query: India export DGFT
RAW-GDELT-589,newkerala.com,https://www.newkerala.com/news/a/hm-shah-hold-meeting-crisis-facing-maha-onion-679.htm,2026-07-09,Section 10 DQA Rejection: Pharma/Geopolitical/Macro noise unrelated to Indian agri-food exports,Excluded from Master Registry & Corpus B under Section 10 DQA screening,"Title: 'Amit Shah Meeting on Maharashtra Onion , Sugar Crisis' | Query: India export DGFT"
RAW-GDELT-592,thehindu.com,https://www.thehindu.com/news/national/andhra-pradesh/after-china-says-no-exporters-urge-andhra-pradesh-to-curb-high-risk-pesticides-in-chilli/article71109187.ece,2026-07-09,Section 10 DQA Rejection: Unusable raw_text paywall/adblock/ETPrime stub or insufficient length,Excluded from Master Registry & Corpus B under Section 10 DQA screening,"Title: 'After China says no , exporters urge Andhra Pradesh to curb ' | Query: India export rejection"
RAW-GDELT-596,thehindubusinessline.com,https://www.thehindubusinessline.com/economy/agri-business/compliance-as-strategy-why-food-labelling-will-define-indias-global-food-ambitions/article70902786.ece,2026-07-09,Section 10 DQA Rejection: Query 'India export rejection' yielded non-agri-food content (agri_hits=0),Excluded from Master Registry & Corpus B under Section 10 DQA screening,Title: 'Compliance as strategy : Why food labelling will define Indi' | Query: India export rejection
RAW-GDELT-597,jang.com.pk,https://jang.com.pk/news/1584761,2026-07-09,Section 10 DQA Rejection: Non-English/Arabic/Asian script keyword-collision artifact,Excluded from Master Registry & Corpus B under Section 10 DQA screening,Title: 'بھارتی گلوکارہ اندر کور نہر میں مردہ حالت میں پائی گئی ، شاد' | Query: India export rejection
RAW-GDELT-598,idrw.org,https://idrw.org/f-35-for-india-not-blocked-misreport-twists-lockheed-martins-statement-on-government-to-government-process/,2026-07-09,Section 10 DQA Rejection: Pharma/Geopolitical/Macro noise unrelated to Indian agri-food exports,Excluded from Master Registry & Corpus B under Section 10 DQA screening,Title: 'F - 35 for India Not  Blocked : Misreport Twists Lockheed Ma' | Query: India export rejection
RAW-GDELT-599,setn.com,https://www.setn.com/News.aspx?NewsID=1843680,2026-07-09,Section 10 DQA Rejection: Non-English/Arabic/Asian script keyword-collision artifact,Excluded from Master Registry & Corpus B under Section 10 DQA screening,Title: '日本鐵腕封殺這國新鮮芒果 ！ 果農慘丟五千萬出口額痛哭 | 國際 | 三立新聞網 SETN . COM' | Query: India export rejection
RAW-GDELT-600,livemint.com,https://www.livemint.com/opinion/online-views/austerity-export-aid-chemical-fertilizer-eu-market-access-europe-soil-sustainability-11778965031695.html,2026-07-09,Section 10 DQA Rejection: Pharma/Geopolitical/Macro noise unrelated to Indian agri-food exports,Excluded from Master Registry & Corpus B under Section 10 DQA screening,Title: 'Austerity as an export aid : using less chemical fertilizer ' | Query: India export rejection
RAW-GDELT-602,freshplaza.com,https://www.freshplaza.com/north-america/article/9848202/grade-b-mangoes-and-coconuts-become-a-zero-waste-business-opportunity/,2026-07-09,Section 10 DQA Rejection: Unusable raw_text paywall/adblock/ETPrime stub or insufficient length,Excluded from Master Registry & Corpus B under Section 10 DQA screening,Title: 'Grade B mangoes and coconuts become a  zero - waste  busines' | Query: India export rejection
RAW-GDELT-604,aljazeera.net,https://www.aljazeera.net/ebusiness/2026/4/21/%D8%AE%D8%A8%D9%8A%D8%B1-%D8%A7%D9%82%D8%AA%D8%B5%D8%A7%D8%AF%D9%8A-%D9%85%D9%84%D9%8A%D8%A7%D8%B1%D8%A7%D8%AA-%D8%A7%D9%84%D8%AF%D9%88%D9%84%D8%A7%D8%B1%D8%A7%D8%AA-%D8%AA%D9%88%D8%A7%D8%B5%D9%84,2026-07-09,Section 10 DQA Rejection: Non-English/Arabic/Asian script keyword-collision artifact,Excluded from Master Registry & Corpus B under Section 10 DQA screening,Title: 'خبير اقتصادي : مليارات الدولارات تواصل الهروب من روسيا لهذه ' | Query: India export rejection
RAW-GDELT-605,sify.com,https://www.sify.com/ai-analytics/how-india-can-effectively-fight-trumps-tariffs-with-ai/,2026-07-09,Section 10 DQA Rejection: Pharma/Geopolitical/Macro noise unrelated to Indian agri-food exports,Excluded from Master Registry & Corpus B under Section 10 DQA screening,Title: 'How India Can Effectively Fight Trump Tariffs With AI' | Query: India export rejection
RAW-GDELT-606,economictimes.indiatimes.com,https://economictimes.indiatimes.com/news/economy/agriculture/from-export-bans-to-price-crashes-why-onion-farmers-need-more-than-buffer-stock-purchases/articleshow/131956593.cms,2026-07-09,Section 10 DQA Rejection: Unusable raw_text paywall/adblock/ETPrime stub or insufficient length,Excluded from Master Registry & Corpus B under Section 10 DQA screening,Title: 'From export bans to price crashes : Why onion farmers need m' | Query: India export rejection
RAW-GDELT-607,thehindubusinessline.com,https://www.thehindubusinessline.com/economy/experts-urge-import-curbs-and-tax-reforms-amid-west-asia-crisis-risks/article71024667.ece,2026-07-09,Section 10 DQA Rejection: Query 'India export rejection' yielded non-agri-food content (agri_hits=0),Excluded from Master Registry & Corpus B under Section 10 DQA screening,Title: 'Experts call for import curbs and tax reforms amid West Asia' | Query: India export rejection
RAW-GDELT-608,andhrajyothy.com,https://www.andhrajyothy.com/2026/national/rajesh-exports-gold-scam-sebi-investigation-fake-revenue-lic-loss-stock-market-fraud-1529901.html,2026-07-09,Section 10 DQA Rejection: Non-English/Arabic/Asian script keyword-collision artifact,Excluded from Master Registry & Corpus B under Section 10 DQA screening,Title: '  బంగారం  లాంటి కట్టుకథ ! | Rajesh Exports Gold Scam Sebi In' | Query: India export rejection
RAW-GDELT-609,timesofindia.indiatimes.com,https://timesofindia.indiatimes.com/city/delhi/from-woods-to-city-wards-outfits-lethal-evolution/articleshow/131101337.cms,2026-07-09,Section 10 DQA Rejection: Unusable raw_text paywall/adblock/ETPrime stub or insufficient length,Excluded from Master Registry & Corpus B under Section 10 DQA screening,Title: '  Enemy within  strategy : NIA reveals Pakistan plan to push' | Query: India export rejection
RAW-GDELT-610,hindustantimes.com,https://www.hindustantimes.com/opinion/reimagining-asia-from-new-delhi-and-tokyo-101779978441188.html,2026-07-09,Section 10 DQA Rejection: Pharma/Geopolitical/Macro noise unrelated to Indian agri-food exports,Excluded from Master Registry & Corpus B under Section 10 DQA screening,Title: 'Reimagining Asia from New Delhi and Tokyo' | Query: India export rejection
RAW-GDELT-611,skynewsarabia.com,https://www.skynewsarabia.com/world/1863751-%D8%AA%D9%88%D8%A7%D9%81%D9%82-%D8%A5%D9%8A%D8%B1%D8%A7%D9%86-%D9%87%D9%8A-%D8%A7%D9%84%D9%88%D8%B1%D9%82%D8%A9-%D8%A7%D9%84%D8%A3%D8%AE%D9%8A%D8%B1%D8%A9-%D8%AA%D8%B1%D8%A7%D9%85%D8%A8,2026-07-09,Section 10 DQA Rejection: Non-English/Arabic/Asian script keyword-collision artifact,Excluded from Master Registry & Corpus B under Section 10 DQA screening,Title: 'إذا لم توافق إيران .. ما هي الورقة الأخيرة بيد ترامب ؟ ' | Query: India export rejection
RAW-GDELT-612,livemint.com,https://www.livemint.com/money/personal-finance/indian-stock-market-under-fpi-selling-pressure-what-should-domestic-retail-investors-do-now-experts-weigh-in-11779437248251.html,2026-07-09,Section 10 DQA Rejection: Pharma/Geopolitical/Macro noise unrelated to Indian agri-food exports,Excluded from Master Registry & Corpus B under Section 10 DQA screening,Title: 'Indian stock market under FPI selling pressure : What should' | Query: India export rejection
RAW-GDELT-613,albayan.ae,https://www.albayan.ae/news/middle-east/iran/1243587,2026-07-09,Section 10 DQA Rejection: Non-English/Arabic/Asian script keyword-collision artifact,Excluded from Master Registry & Corpus B under Section 10 DQA screening,Title: 'الحصار البحري الأمريكي يُعيد رسم ملامح الأزمة الإيرانية' | Query: India export rejection
RAW-GDELT-614,prokerala.com,https://www.prokerala.com/news/articles/a1753959.html,2026-07-09,Section 10 DQA Rejection: Pharma/Geopolitical/Macro noise unrelated to Indian agri-food exports,Excluded from Master Registry & Corpus B under Section 10 DQA screening,Title: 'West Asia developments raise scepticism on Pakistan ability ' | Query: India export rejection
RAW-GDELT-615,cna.com.tw,https://www.cna.com.tw:443/news/ahel/202606265002.aspx,2026-07-09,Section 10 DQA Rejection: Non-English/Arabic/Asian script keyword-collision artifact,Excluded from Master Registry & Corpus B under Section 10 DQA screening,Title: '早安世界 》 反制中共海上脅迫 總統提落實必要驅離措施等4重點 | 生活' | Query: India export rejection
RAW-GDELT-617,asahi.com,https://www.asahi.com/ajw/articles/16555310,2026-07-09,Section 10 DQA Rejection: Pharma/Geopolitical/Macro noise unrelated to Indian agri-food exports,Excluded from Master Registry & Corpus B under Section 10 DQA screening,"Title: 'Asian shares mixed , Nikkei falls after hitting record high ' | Query: India export rejection"
RAW-GDELT-618,bnnbloomberg.ca,https://www.bnnbloomberg.ca/business/international/2026/05/11/asian-shares-are-mixed-and-oil-jumps-3-after-trump-rejects-irans-response-to-ceasefire-proposal/,2026-07-09,Section 10 DQA Rejection: Pharma/Geopolitical/Macro noise unrelated to Indian agri-food exports,Excluded from Master Registry & Corpus B under Section 10 DQA screening,Title: 'Market news : Asian shares are mixed and oil price rises' | Query: India export rejection
RAW-GDELT-621,ksat.com,https://www.ksat.com/business/2026/05/11/asian-shares-are-mixed-and-oil-jumps-4-after-trump-rejects-irans-response-to-ceasefire-proposal/,2026-07-09,Section 10 DQA Rejection: Pharma/Geopolitical/Macro noise unrelated to Indian agri-food exports,Excluded from Master Registry & Corpus B under Section 10 DQA screening,Title: 'Asian shares are mixed and oil jumps 3 % after Trump rejects' | Query: India export rejection
RAW-GDELT-625,calcuttanews.net,http://www.calcuttanews.net/news/279076338/experts-weigh-import-curbs-tax-moderation-to-ringfence-economy-amid-west-asia-crisis,2026-07-09,Section 10 DQA Rejection: Query 'India export rejection' yielded non-agri-food content (agri_hits=0),Excluded from Master Registry & Corpus B under Section 10 DQA screening,"Title: 'Experts weigh import curbs , tax moderation to ringfence eco' | Query: India export rejection"
RAW-GDELT-627,thestandard.co.zw,https://www.thestandard.co.zw/business/article/200056245/tobacco-boom-leaves-farmers-counting-losses,2026-07-09,Section 10 DQA Rejection: Query 'India export rejection' yielded non-agri-food content (agri_hits=0),Excluded from Master Registry & Corpus B under Section 10 DQA screening,Title: 'Tobacco boom leaves farmers counting losses' | Query: India export rejection
RAW-GDELT-630,oilprice.com,https://oilprice.com/Energy/Energy-General/Ceasefire-Uncertainty-Remains-the-Biggest-Driver-for-Oil-Markets.html,2026-07-09,Section 10 DQA Rejection: Pharma/Geopolitical/Macro noise unrelated to Indian agri-food exports,Excluded from Master Registry & Corpus B under Section 10 DQA screening,Title: 'Ceasefire Uncertainty Remains the Biggest Driver for Oil Mar' | Query: India export rejection
RAW-GDELT-632,livemint.com,https://www.livemint.com/market/stock-market-news/stock-recommendations-for-29-june-from-marketsmith-india-11782438623529.html,2026-07-09,Section 10 DQA Rejection: Pharma/Geopolitical/Macro noise unrelated to Indian agri-food exports,Excluded from Master Registry & Corpus B under Section 10 DQA screening,Title: 'Stock recommendations for 29 June from MarketSmith India' | Query: India export rejection
RAW-GDELT-633,naharnet.com,https://naharnet.com/stories/en/320067-world-shares-mixed-oil-rises-after-trump-rejects-iran-s-response-to-ceasefire-proposal,2026-07-09,Section 10 DQA Rejection: Pharma/Geopolitical/Macro noise unrelated to Indian agri-food exports,Excluded from Master Registry & Corpus B under Section 10 DQA screening,"Title: 'World shares mixed , oil rises after Trump rejects Iran resp' | Query: India export rejection"
RAW-GDELT-634,livemint.com,https://www.livemint.com/market/stock-market-news/stock-recommendations-for-29-may-from-marketsmith-india-11779887426761.html,2026-07-09,Section 10 DQA Rejection: Pharma/Geopolitical/Macro noise unrelated to Indian agri-food exports,Excluded from Master Registry & Corpus B under Section 10 DQA screening,Title: 'Stock recommendations for 29 May from MarketSmith India' | Query: India export rejection
RAW-GDELT-637,livemint.com,https://www.livemint.com/market/stock-market-news/stock-recommendations-for-23-april-from-marketsmith-india-11776860337236.html,2026-07-09,Section 10 DQA Rejection: Pharma/Geopolitical/Macro noise unrelated to Indian agri-food exports,Excluded from Master Registry & Corpus B under Section 10 DQA screening,Title: 'Stock recommendations for 23 April from MarketSmith India' | Query: India export rejection
RAW-GDELT-638,thehindu.com,https://www.thehindu.com/brandhub/pr-release/viraj-profiles-decarbonisation-journey-building-a-circular-responsible-and-future-ready-stainless-steel-enterprise/article71064292.ece,2026-07-09,Section 10 DQA Rejection: Unusable raw_text paywall/adblock/ETPrime stub or insufficient length,Excluded from Master Registry & Corpus B under Section 10 DQA screening,Title: 'Viraj Profile Decarbonisation Journey : Building a Circular ' | Query: India export rejection
RAW-GDELT-641,lejdd.fr,https://www.lejdd.fr/economie/benoit-pietrement-president-dintercereales-sans-engrais-pas-de-ble-et-donc-pas-de-pain-174630,2026-07-09,Section 10 DQA Rejection: Non-English/Arabic/Asian script keyword-collision artifact,Excluded from Master Registry & Corpus B under Section 10 DQA screening,"Title: 'Benoît Piétrement , président dIntercéréales : « Sans engrai' | Query: India export rejection"
RAW-GDELT-642,fondsk.ru,https://fondsk.ru/news/2026/06/17/aziatsko-tikhookeanskiy-region-strana-tysyachi-ostrovov-pod-pristalnym-vzorom,2026-07-09,Section 10 DQA Rejection: Non-English/Arabic/Asian script keyword-collision artifact,Excluded from Master Registry & Corpus B under Section 10 DQA screening,Title: 'Азиатско - Тихоокеанский регион : « страна тысячи островов »' | Query: India export rejection
RAW-GDELT-643,bbc.com,https://www.bbc.com/urdu/articles/c5yzxkjvzxdo,2026-07-09,Section 10 DQA Rejection: Non-English/Arabic/Asian script keyword-collision artifact,Excluded from Master Registry & Corpus B under Section 10 DQA screening,Title: '  جلادوں کو پھانسی سے پہلے اولڈ مونک شراب دی گئی : دو قاتلوں' | Query: India export rejection
RAW-GDELT-644,dw.com,https://www.dw.com/en/india-news-cng-gas-price-hiked-in-delhi-ncr-amid-iran-war-fallout/live-77178271,2026-07-09,Section 10 DQA Rejection: Pharma/Geopolitical/Macro noise unrelated to Indian agri-food exports,Excluded from Master Registry & Corpus B under Section 10 DQA screening,Title: 'India news : Gas price hiked in Delhi NCR amid Iran fallout' | Query: India export rejection
RAW-GDELT-645,nhregister.com,https://www.nhregister.com/news/world/article/asian-shares-are-mixed-and-oil-jumps-4-after-22252314.php,2026-07-09,Section 10 DQA Rejection: Pharma/Geopolitical/Macro noise unrelated to Indian agri-food exports,Excluded from Master Registry & Corpus B under Section 10 DQA screening,Title: 'Asian shares are mixed and oil jumps 4 % after Trump rejects' | Query: India export rejection
RAW-GDELT-647,bbc.com,https://www.bbc.com/urdu/articles/cj4pgwgjyyno,2026-07-09,Section 10 DQA Rejection: Non-English/Arabic/Asian script keyword-collision artifact,Excluded from Master Registry & Corpus B under Section 10 DQA screening,Title: 'انڈین حکومت کا دہلی جم خانہ بند کرنے کا فیصلہ ، وہ مقام جہاں' | Query: India export rejection
RAW-GDELT-648,interfax.com.ua,https://interfax.com.ua/news/blog/1165143.html,2026-07-09,Section 10 DQA Rejection: Non-English/Arabic/Asian script keyword-collision artifact,Excluded from Master Registry & Corpus B under Section 10 DQA screening,"Title: 'П  ять подій на глобальному газовому ринку , за якими варто ' | Query: India export rejection"
RAW-GDELT-651,parbattanews.com,https://www.parbattanews.com/%E0%A6%AF%E0%A7%81%E0%A6%95%E0%A7%8D%E0%A6%A4%E0%A7%8D%E0%A6%B0%E0%A6%BE%E0%A6%B7%E0%A7%8D%E0%A6%9F%E0%A7%8D%E0%A6%B0%E0%A7%87%E0%A6%B0-%E0%A6%B8%E0%A6%99%E0%A7%8D%E0%A6%97%E0%A7%87-%E0%A6%A1/,2026-07-09,Section 10 DQA Rejection: Non-English/Arabic/Asian script keyword-collision artifact,Excluded from Master Registry & Corpus B under Section 10 DQA screening,Title: 'যুক্তরাষ্ট্রের সঙ্গে ড . ইউনূসের করা বাণিজ্যচুক্তি নিয়ে যা ব' | Query: India export rejection
RAW-GDELT-652,sudanile.com,https://sudanile.com/%D8%A7%D9%84%D8%B3%D9%88%D8%AF%D8%A7%D9%86-%D8%A8%D9%84%D8%AF-%D9%85%D9%8F%D8%B3%D8%AA%D8%B9%D9%85%D9%8E%D8%B1-%D9%85%D9%86-%D9%88%D8%B1%D8%A7%D8%A1-%D8%B3%D8%AA%D8%A7%D8%B1-%D9%87%D8%B0%D8%A7-%D9%87/,2026-07-09,Section 10 DQA Rejection: Non-English/Arabic/Asian script keyword-collision artifact,Excluded from Master Registry & Corpus B under Section 10 DQA screening,Title: 'السودان بلد مُستعمَر من وراء ستار : هذا هو مكْمن دائه ومِفتا' | Query: India export rejection
RAW-GDELT-653,digi.china.com,https://digi.china.com/articles/20260630/202606301905878.html,2026-07-09,Section 10 DQA Rejection: Non-English/Arabic/Asian script keyword-collision artifact,Excluded from Master Registry & Corpus B under Section 10 DQA screening,Title: '亚洲盛会 ， 再创新高 ！ 2026上海紧固件专业展完美收官 ， 明年3月新期待 ！_ 中华网' | Query: India export rejection
RAW-GDELT-654,raya.ps,https://www.raya.ps/news/1220109.html,2026-07-09,Section 10 DQA Rejection: Non-English/Arabic/Asian script keyword-collision artifact,Excluded from Master Registry & Corpus B under Section 10 DQA screening,Title: 'تقرير لـ  حركة المقاطعة : شحنة  فولاذ عسكري  للاحتلال وصلت ب' | Query: India export rejection
RAW-GDELT-655,indianexpress.com,https://indianexpress.com/article/upsc-current-affairs/upsc-key-kheer-bhawani-mela-right-to-walk-and-fire-safety-in-india-10753925/,2026-07-09,Section 10 DQA Rejection: Non-English/Arabic/Asian script keyword-collision artifact,Excluded from Master Registry & Corpus B under Section 10 DQA screening,"Title: 'UPSC Key - 23rd June 2026 : Kheer Bhawani Mela , Right to Wa' | Query: India export rejection"
RAW-GDELT-656,aninews.in,https://aninews.in/news/world/asia/turkey-may-join-abraham-accords-through-give-and-take-arrangement-former-diplomat-ashok-sajjanhar20260527201158/,2026-07-09,Section 10 DQA Rejection: Pharma/Geopolitical/Macro noise unrelated to Indian agri-food exports,Excluded from Master Registry & Corpus B under Section 10 DQA screening,Title: 'Turkey may join Abraham Accords through  give - and - take  ' | Query: India export rejection
RAW-GDELT-659,thehindubusinessline.com,https://www.thehindubusinessline.com/markets/sensex-nifty50-today-stock-market-live-updates-18th-may-2026/article70990074.ece,2026-07-09,Section 10 DQA Rejection: Pharma/Geopolitical/Macro noise unrelated to Indian agri-food exports,Excluded from Master Registry & Corpus B under Section 10 DQA screening,"Title: 'Stock Market Live , May 18 : Sensex sinks 800 pts , Nifty be' | Query: India export rejection"
RAW-GDELT-661,news.sina.com.cn,https://news.sina.com.cn/w/2026-04-20/doc-inhvcvua6860499.shtml,2026-07-09,Section 10 DQA Rejection: Non-English/Arabic/Asian script keyword-collision artifact,Excluded from Master Registry & Corpus B under Section 10 DQA screening,Title: '  霍尔木兹决战 ， 枪声又响了 _ 新浪新闻' | Query: India export rejection
RAW-GDELT-663,albayan.ae,https://www.albayan.ae/opinions/articles/1192498,2026-07-09,Section 10 DQA Rejection: Non-English/Arabic/Asian script keyword-collision artifact,Excluded from Master Registry & Corpus B under Section 10 DQA screening,Title: 'آل الهولي في الكويت .. رواد الغوص وأعلام التربية' | Query: India export rejection
RAW-GDELT-664,organiser.org,https://organiser.org/2026/07/05/365895/world/india-japan-strategic-axis-how-new-delhi-and-tokyo-are-building-a-china-resilient-indo-pacific/,2026-07-09,Section 10 DQA Rejection: Non-English/Arabic/Asian script keyword-collision artifact,Excluded from Master Registry & Corpus B under Section 10 DQA screening,Title: 'How New Delhi & Tokyo are building a China - resilient Indo ' | Query: India export rejection
RAW-GDELT-665,internationaltaxreview.com,https://www.internationaltaxreview.com/article/2gdcaqvrrdl6lghb2x728/sponsored/indias-tp-reset-for-the-digital-economy-safe-harbour-and-apa-reforms,2026-07-09,Section 10 DQA Rejection: Query 'India export rejection' yielded non-agri-food content (agri_hits=0),Excluded from Master Registry & Corpus B under Section 10 DQA screening,Title: 'India TP reset for the digital economy : safe harbour and AP' | Query: India export rejection
RAW-GDELT-666,shorouknews.com,https://www.shorouknews.com/news/view.aspx?cdate=10052026&id=28cd78aa-39a6-4c67-bff2-d03fd67dd328,2026-07-09,Section 10 DQA Rejection: Non-English/Arabic/Asian script keyword-collision artifact,Excluded from Master Registry & Corpus B under Section 10 DQA screening,Title: 'سلامة الغذاء يصدر تقريره الأسبوعي الـ17 لعام 2026 .. 230 ألف' | Query: India export rejection
RAW-GDELT-669,organiser.org,https://organiser.org/2026/05/29/355685/bharat/know-the-constitutional-position-and-laws-on-cow-protection/,2026-07-09,Section 10 DQA Rejection: Pharma/Geopolitical/Macro noise unrelated to Indian agri-food exports,Excluded from Master Registry & Corpus B under Section 10 DQA screening,Title: 'Know the constitutional position and laws on  cow  protectio' | Query: India export rejection
RAW-GDELT-670,thehindubusinessline.com,https://www.thehindubusinessline.com/markets/sensex-nifty50-today-stock-market-highlights-12th-may-2026/article70965622.ece,2026-07-09,Section 10 DQA Rejection: Pharma/Geopolitical/Macro noise unrelated to Indian agri-food exports,Excluded from Master Registry & Corpus B under Section 10 DQA screening,"Title: 'Stock Market Highlights , May 12 : Sensex plunges 1 , 456 pt' | Query: India export rejection"
RAW-GDELT-671,aninews.in,https://aninews.in/news/national/general-news/gujarat-to-global-empowering-medtech-ecosystem-to-be-held-in-gandhinagar-on-june-2320260620195240/,2026-07-09,Section 10 DQA Rejection: Pharma/Geopolitical/Macro noise unrelated to Indian agri-food exports,Excluded from Master Registry & Corpus B under Section 10 DQA screening,Title: 'Gujarat to Global : Empowering MedTech Ecosystem to be held ' | Query: India export FDA
RAW-GDELT-673,vetogate.com,https://www.vetogate.com/5651693,2026-07-09,Section 10 DQA Rejection: Non-English/Arabic/Asian script keyword-collision artifact,Excluded from Master Registry & Corpus B under Section 10 DQA screening,Title: 'تصدير 55 ألف طن فوسفات إلى الهند عبر ميناء سفاجا' | Query: India export FDA
RAW-GDELT-674,newkerala.com,https://www.newkerala.com/news/a/gujarat-global-empowering-medtech-ecosystem-held-gandhinagar-june-992.htm,2026-07-09,Section 10 DQA Rejection: Pharma/Geopolitical/Macro noise unrelated to Indian agri-food exports,Excluded from Master Registry & Corpus B under Section 10 DQA screening,Title: 'Gujarat to Global : MedTech Conference in Gandhinagar' | Query: India export FDA
RAW-GDELT-675,indiatvnews.com,https://www.indiatvnews.com/news/india/us-fda-flags-manufacturing-lapses-at-dabur-silvassa-plant-company-issues-clarification-says-no-product-quality-issues-found-2026-06-02-1043389,2026-07-09,Section 10 DQA Rejection: Pharma/Geopolitical/Macro noise unrelated to Indian agri-food exports,Excluded from Master Registry & Corpus B under Section 10 DQA screening,Title: 'US FDA flags manufacturing lapses at Dabur Silvassa plant ; ' | Query: India export FDA
RAW-GDELT-676,dostor.org,https://www.dostor.org/5547453,2026-07-09,Section 10 DQA Rejection: Non-English/Arabic/Asian script keyword-collision artifact,Excluded from Master Registry & Corpus B under Section 10 DQA screening,Title: '230 ألف طن صادرات غذائية .. والموالح والبطاطس على رأس القائم' | Query: India export FDA
RAW-GDELT-677,finance.yahoo.com,https://finance.yahoo.com/sectors/healthcare/articles/3b-blackbio-dx-ltd-bom-010330437.html,2026-07-09,Section 10 DQA Rejection: Query 'India export FDA' yielded non-agri-food content (agri_hits=0),Excluded from Master Registry & Corpus B under Section 10 DQA screening,Title: '3B BlackBio Dx Ltd ( BOM : 532067 ) Q4 2026 Earnings Call Hi' | Query: India export FDA
RAW-GDELT-678,slaati.com,https://slaati.com/2026/06/03/p2840872.html,2026-07-09,Section 10 DQA Rejection: Non-English/Arabic/Asian script keyword-collision artifact,Excluded from Master Registry & Corpus B under Section 10 DQA screening,Title: '  موانئ  تُعلن إضافة خدمة الشحن  SRS  إلى ميناء جدة الإسلامي' | Query: India export FDA
RAW-GDELT-679,thehindubusinessline.com,https://www.thehindubusinessline.com/economy/pharma-exports-to-clock-50-billion-by-2030-ministry-official/article71084301.ece,2026-07-09,Section 10 DQA Rejection: Pharma/Geopolitical/Macro noise unrelated to Indian agri-food exports,Excluded from Master Registry & Corpus B under Section 10 DQA screening,Title: 'Pharma exports to clock $50 billion by 2030 : Ministry offic' | Query: India export FDA
RAW-GDELT-681,timesofoman.com,https://timesofoman.com/article/172821-piyush-goyal-meets-ernst-young-ceo-discusses-indias-role-in-global-supply-chains,2026-07-09,Section 10 DQA Rejection: Pharma/Geopolitical/Macro noise unrelated to Indian agri-food exports,Excluded from Master Registry & Corpus B under Section 10 DQA screening,"Title: 'Piyush Goyal meets Ernst & Young CEO , discusses India role ' | Query: India export FDA"
RAW-GDELT-682,vetogate.com,https://www.vetogate.com/5656146,2026-07-09,Section 10 DQA Rejection: Non-English/Arabic/Asian script keyword-collision artifact,Excluded from Master Registry & Corpus B under Section 10 DQA screening,Title: 'الرعاية الصحية : إنشاء أول مركز وطني لتطبيقات الذكاء الاصطنا' | Query: India export FDA
RAW-GDELT-699,almasryalyoum.com,https://www.almasryalyoum.com/news/details/4271177,2026-07-09,Section 10 DQA Rejection: Non-English/Arabic/Asian script keyword-collision artifact,Excluded from Master Registry & Corpus B under Section 10 DQA screening,Title: 'مصر أمام منتدى قازان : نعمل على إنشاء أول مركز وطني لعلوم ال' | Query: India export FDA
RAW-GDELT-700,deccanchronicle.com,https://www.deccanchronicle.com/business/us-investments-intended-to-take-indian-pharma-up-the-value-chain-interview-1955854,2026-07-09,Section 10 DQA Rejection: Pharma/Geopolitical/Macro noise unrelated to Indian agri-food exports,Excluded from Master Registry & Corpus B under Section 10 DQA screening,Title: 'US Investments Intended To Take Indian Pharma Up The Value C' | Query: India export FDA
RAW-GDELT-701,raps.org,https://www.raps.org/resource/asia-pacific-roundup-india-decriminalizes-compliance-breaches-replacing-imprisonment-with-fines.html,2026-07-09,Section 10 DQA Rejection: Pharma/Geopolitical/Macro noise unrelated to Indian agri-food exports,Excluded from Master Registry & Corpus B under Section 10 DQA screening,Title: 'Asia - Pacific Roundup : India decriminalizes compliance bre' | Query: India export FDA
RAW-GDELT-702,hespress.com,https://www.hespress.com/%D8%A7%D9%84%D9%85%D8%BA%D8%B1%D8%A8-%D9%8A%D8%AA%D8%B5%D8%AF%D8%B1-%D9%88%D8%AC%D9%87%D8%A7%D8%AA-%D8%A7%D9%84%D9%82%D9%85%D8%AD-%D8%A7%D9%84%D8%B1%D9%88%D8%B3%D9%8A-1728373.html,2026-07-09,Section 10 DQA Rejection: Non-English/Arabic/Asian script keyword-collision artifact,Excluded from Master Registry & Corpus B under Section 10 DQA screening,Title: 'المغرب يتصدر وجهات القمح الروسي' | Query: India export FDA
RAW-GDELT-703,countercurrents.org,https://countercurrents.org/2026/05/indias-lax-drug-regulation-threatens-public-health-and-global-reputation-says-e-a-s-sarma/,2026-07-09,Section 10 DQA Rejection: Pharma/Geopolitical/Macro noise unrelated to Indian agri-food exports,Excluded from Master Registry & Corpus B under Section 10 DQA screening,Title: 'India Lax Drug Regulation Threatens Public Health and Global' | Query: India export FDA
RAW-GDELT-704,dostor.org,https://www.dostor.org/5557040,2026-07-09,Section 10 DQA Rejection: Non-English/Arabic/Asian script keyword-collision artifact,Excluded from Master Registry & Corpus B under Section 10 DQA screening,Title: 'المعمل المركزي لمتبقيات المبيدات يستقبل 38 ألف عينة أغذية خل' | Query: India export FDA
RAW-GDELT-705,hindi.moneycontrol.com,https://hindi.moneycontrol.com/news/markets/stocks-to-watch-today-kotak-bank-torrent-power-dr-reddys-kec-international-turtlemint-airtel-in-focus-on-29-june-sensex-nifty-iran-us-war-2415375.html,2026-07-09,Section 10 DQA Rejection: Non-English/Arabic/Asian script keyword-collision artifact,Excluded from Master Registry & Corpus B under Section 10 DQA screening,"Title: 'Stocks to Watch : दो स्टॉक्स की लिस्टिंग ; Lupin , Kotak Ban' | Query: India export FDA"
RAW-GDELT-707,newkerala.com,https://www.newkerala.com/news/a/we-can-see-pharmaceutical-industry-doubling-next-five-837.htm,2026-07-09,Section 10 DQA Rejection: Non-English/Arabic/Asian script keyword-collision artifact,Excluded from Master Registry & Corpus B under Section 10 DQA screening,Title: 'India Pharma Industry to Double in 5 Years : Piyush Goyal' | Query: India export FDA
RAW-GDELT-708,economictimes.indiatimes.com,https://economictimes.indiatimes.com/small-biz/trade/exports/insights/compliance-squeeze-global-scrutiny-redefine-indias-30-billion-pharma-export-playbook/articleshow/130624508.cms,2026-07-09,Section 10 DQA Rejection: Unusable raw_text paywall/adblock/ETPrime stub or insufficient length,Excluded from Master Registry & Corpus B under Section 10 DQA screening,"Title: 'Compliance squeeze , global scrutiny redefine India $30 bill' | Query: India export FDA"
RAW-GDELT-709,morningstar.com,https://www.morningstar.com/news/dow-jones/202606193319/dow-jones-top-company-headlines-at-7-pm-et-why-intel-hired-the-former-ceo-of-microns-big-rival-sk-hynix-charles,2026-07-09,Section 10 DQA Rejection: Pharma/Geopolitical/Macro noise unrelated to Indian agri-food exports,Excluded from Master Registry & Corpus B under Section 10 DQA screening,Title: 'Dow Jones Top Company Headlines at 7 PM ET : Why Intel Hired' | Query: India export FDA
RAW-GDELT-710,hindi.moneycontrol.com,https://hindi.moneycontrol.com/news/markets/stocks-to-watch-today-enviro-infra-advait-energy-astrazeneca-torrent-pharma-laxmi-organic-lt-in-focus-on-13-april-nifty-expiry-sensex-iran-us-war-2391358.html,2026-07-09,Section 10 DQA Rejection: Non-English/Arabic/Asian script keyword-collision artifact,Excluded from Master Registry & Corpus B under Section 10 DQA screening,"Title: 'Stocks to Watch : M & M , Lupin , L & T और Muthoot Finance स' | Query: India export FDA"
RAW-GDELT-711,news.webindia123.com,https://news.webindia123.com/news/Articles/Business/20260506/4446782.html,2026-07-09,Section 10 DQA Rejection: Pharma/Geopolitical/Macro noise unrelated to Indian agri-food exports,Excluded from Master Registry & Corpus B under Section 10 DQA screening,Title: 'Lord Mark Industries Ltd . Launches the World First AI - Pow' | Query: India export FDA
RAW-GDELT-715,faifaonline.net,https://faifaonline.net/%D8%A7%D9%84%D8%B5%D8%A7%D8%AF%D8%B1%D8%A7%D8%AA-%D8%A7%D9%84%D8%B3%D8%B9%D9%88%D8%AF%D9%8A%D8%A9-%D8%BA%D9%8A%D8%B1-%D8%A7%D9%84%D9%86%D9%81%D8%B7%D9%8A%D8%A9-%D8%AA%D8%B1%D8%AA%D9%81%D8%B9-19-%D9%81-3212/,2026-07-09,Section 10 DQA Rejection: Non-English/Arabic/Asian script keyword-collision artifact,Excluded from Master Registry & Corpus B under Section 10 DQA screening,Title: 'الصادرات السعودية غير النفطية ترتفع 19 % في 2025' | Query: India export FDA
RAW-GDELT-716,forbes.com,https://www.forbes.com/sites/prakharkhanna/2026/05/22/apple-rolls-out-two-crucial-health-features-for-apple-watch-and-airpods-in-india/,2026-07-09,Section 10 DQA Rejection: Pharma/Geopolitical/Macro noise unrelated to Indian agri-food exports,Excluded from Master Registry & Corpus B under Section 10 DQA screening,Title: 'Apple Rolls Out Two Crucial Health Features For Apple Watch ' | Query: India export FDA
RAW-GDELT-717,moneycontrol.com,https://www.moneycontrol.com/mc-buzz/lords-mark-industries-ltd-introduces-the-first-ai-powered-integrated-dialysis-ecosystem-in-india-article-13911988.html,2026-07-09,Section 10 DQA Rejection: Pharma/Geopolitical/Macro noise unrelated to Indian agri-food exports,Excluded from Master Registry & Corpus B under Section 10 DQA screening,Title: 'Lords Mark Industries Ltd . Introduces the First AI - powere' | Query: India export FDA
RAW-GDELT-718,moneylife.in,https://moneylife.in/article/market-this-week/80420.html,2026-07-09,Section 10 DQA Rejection: Query 'India export FDA' yielded non-agri-food content (agri_hits=0),Excluded from Master Registry & Corpus B under Section 10 DQA screening,Title: 'Market This Week' | Query: India export FDA
RAW-GDELT-719,moneycontrol.com,https://www.moneycontrol.com/news/business/indian-pharma-sites-see-fewer-usfda-official-actions-in-fy26-even-as-surprise-inspections-expand-13889876.html,2026-07-09,Section 10 DQA Rejection: Pharma/Geopolitical/Macro noise unrelated to Indian agri-food exports,Excluded from Master Registry & Corpus B under Section 10 DQA screening,Title: 'Indian pharma sites see fewer USFDA official actions in FY26' | Query: India export FDA
RAW-GDELT-720,manilatimes.net,https://www.manilatimes.net/2026/05/24/tmt-newswire/pr-newswire/informa-markets-puts-bangkok-at-the-center-of-southeast-asias-pharma-industry-uniting-400-exhibitors-experts-from-70-countries-at-cphi-south-east-asia/2350651,2026-07-09,Section 10 DQA Rejection: Pharma/Geopolitical/Macro noise unrelated to Indian agri-food exports,Excluded from Master Registry & Corpus B under Section 10 DQA screening,Title: 'Informa Markets Puts Bangkok at the Center of Southeast Asia' | Query: India export FDA
RAW-GDELT-724,cambodiantimes.com,http://www.cambodiantimes.com/news/279110181/we-can-see-pharmaceutical-industry-doubling-in-next-five-years-piyush-goyal,2026-07-09,Section 10 DQA Rejection: Pharma/Geopolitical/Macro noise unrelated to Indian agri-food exports,Excluded from Master Registry & Corpus B under Section 10 DQA screening,Title: 'We can see Pharmaceutical Industry doubling in next five yea' | Query: India export FDA
RAW-GDELT-727,finanznachrichten.de,https://www.finanznachrichten.de/nachrichten-2026-04/68196870-global-cmo-cdmo-market-set-for-steady-growth-as-biologics-outsourcing-and-specialized-manufacturing-drive-demand-future-market-insights-fmi-008.htm,2026-07-09,Section 10 DQA Rejection: Pharma/Geopolitical/Macro noise unrelated to Indian agri-food exports,Excluded from Master Registry & Corpus B under Section 10 DQA screening,Title: 'Global CMO / CDMO Market Set for Steady Growth as Biologics ' | Query: India export FDA
RAW-GDELT-728,moneycontrol.com,https://www.moneycontrol.com/news/business/from-apples-to-apparels-who-gains-what-in-the-india-new-zealand-fta-13900929.html,2026-07-09,Section 10 DQA Rejection: Pharma/Geopolitical/Macro noise unrelated to Indian agri-food exports,Excluded from Master Registry & Corpus B under Section 10 DQA screening,Title: 'From apples to apparels : Who gains what in the India – New ' | Query: India export FDA
RAW-GDELT-729,akhbarelyom.com,https://akhbarelyom.com/news/newdetails/4814804/1/-%D9%85%D8%B9%D9%84%D9%88%D9%85%D8%A7%D8%AA-%D8%A7%D9%84%D9%88%D8%B2%D8%B1%D8%A7%D8%A1--12-%D9%85%D9%84%D9%8A%D8%A7%D8%B1-%D8%AF%D9%88%D9%84%D8%A7%D8%B1-%D9%82%D9%8A%D9%85%D8%A9-%D8%A7%D9%84,2026-07-09,Section 10 DQA Rejection: Non-English/Arabic/Asian script keyword-collision artifact,Excluded from Master Registry & Corpus B under Section 10 DQA screening,Title: ' « معلومات الوزراء »: 12 مليار دولار قيمة الصادرات غير البتر' | Query: India export FDA
RAW-GDELT-730,aninews.in,https://aninews.in/news/business/indias-manufacturing-boom-fuels-surge-in-demand-for-foreign-language-interpreters-amp-localisation-services20260529133532/,2026-07-09,Section 10 DQA Rejection: Pharma/Geopolitical/Macro noise unrelated to Indian agri-food exports,Excluded from Master Registry & Corpus B under Section 10 DQA screening,Title: 'India Manufacturing Boom Fuels Surge in Demand for Foreign L' | Query: India export FDA
RAW-GDELT-731,almasryalyoum.com,https://www.almasryalyoum.com/news/details/4261128,2026-07-09,Section 10 DQA Rejection: Non-English/Arabic/Asian script keyword-collision artifact,Excluded from Master Registry & Corpus B under Section 10 DQA screening,Title: 'بنسبة ارتفاع 7 . 1 ٪ عن الربع الرابع من 2025 .. فى تقرير لـ ' | Query: India export FDA
RAW-GDELT-732,manilatimes.net,https://www.manilatimes.net/2026/06/22/tmt-newswire/plentisoft/flexitank-market-2026-2035-growth-forecast-leading-manufacturers-and-operational-safety-insights/2370167,2026-07-09,Section 10 DQA Rejection: Pharma/Geopolitical/Macro noise unrelated to Indian agri-food exports,Excluded from Master Registry & Corpus B under Section 10 DQA screening,"Title: 'Flexitank Market 2026 - 2035 : Growth Forecast , Leading Man' | Query: India export FDA"
RAW-GDELT-733,the-star.co.ke,https://www.the-star.co.ke/news/world/2026-06-04-why-canada-has-generic-ozempic-and-the-us-doesnt,2026-07-09,Section 10 DQA Rejection: Pharma/Geopolitical/Macro noise unrelated to Indian agri-food exports,Excluded from Master Registry & Corpus B under Section 10 DQA screening,"Title: 'Why Canada has generic Ozempic , and the US doesnt' | Query: India export FDA"
RAW-GDELT-734,thehindubusinessline.com,https://www.thehindubusinessline.com/markets/buzzing-stocks-cms-info-nbcc-i-3i-infotech-zaggle-alkem-lab-ghv-infra-innovation-texmaco-jsw-steel-kims-exato-tech-steelco-gujarat-om-freight-tvs-motor/article70964210.ece,2026-07-09,Section 10 DQA Rejection: Pharma/Geopolitical/Macro noise unrelated to Indian agri-food exports,Excluded from Master Registry & Corpus B under Section 10 DQA screening,"Title: 'Buzzing stocks : CMS Info , NBCC ( I ), 3i Infotech , Zaggle' | Query: India export FDA"
RAW-GDELT-735,moneycontrol.com,https://www.moneycontrol.com/news/business/markets/sensex-today-stock-market-live-updates-nifty50-share-price-crude-fii-gift-nifty-rupee-latest-updates-29-06-2026-liveblog-13960670.html,2026-07-09,Section 10 DQA Rejection: Pharma/Geopolitical/Macro noise unrelated to Indian agri-food exports,Excluded from Master Registry & Corpus B under Section 10 DQA screening,"Title: 'Sensex Today | Stock Market Live : Sensex , Nifty trade flat' | Query: India export FDA"
RAW-GDELT-736,mondaq.com,https://www.mondaq.com:443/unitedstates/international-trade-investment/1771056/trade-winds-shift-for-pharma-understanding-the-section-232-tariff-proclamation-on-pharmaceuticals,2026-07-09,Section 10 DQA Rejection: Pharma/Geopolitical/Macro noise unrelated to Indian agri-food exports,Excluded from Master Registry & Corpus B under Section 10 DQA screening,Title: 'Trade Winds Shift For Pharma : Understanding The Section 232' | Query: India export FDA
RAW-GDELT-739,prnewswire.com,https://www.prnewswire.com/news-releases/fertility-pregnancy-rapid-test-kits-market-to-reach-usd-2-6-billion-by-2036-as-connected-reproductive-health-platforms-and-consumer-self-testing-trends-transform-the-industry-302779059.html,2026-07-09,Section 10 DQA Rejection: Pharma/Geopolitical/Macro noise unrelated to Indian agri-food exports,Excluded from Master Registry & Corpus B under Section 10 DQA screening,Title: 'Fertility Pregnancy Rapid Test Kits Market to Reach USD 2 . ' | Query: India export FDA
RAW-GDELT-749,globalsecurity.org,https://www.globalsecurity.org/wmd/library/news/india/2026/india-260506-india-meab01.htm,2026-07-09,Section 10 DQA Rejection: Pharma/Geopolitical/Macro noise unrelated to Indian agri-food exports,Excluded from Master Registry & Corpus B under Section 10 DQA screening,Title: 'Transcript of Special Briefing by MEA on the State Visit of ' | Query: India export FDA
RAW-GDELT-750,finanznachrichten.de,https://www.finanznachrichten.de/nachrichten-2026-05/68563847-future-market-insights-fertility-pregnancy-rapid-test-kits-market-to-reach-usd-2-6-billion-by-2036-as-connected-reproductive-health-platforms-and-con-008.htm,2026-07-09,Section 10 DQA Rejection: Pharma/Geopolitical/Macro noise unrelated to Indian agri-food exports,Excluded from Master Registry & Corpus B under Section 10 DQA screening,Title: 'Future Market Insights : Fertility Pregnancy Rapid Test Kits' | Query: India export FDA
RAW-GDELT-751,riotimesonline.com,https://www.riotimesonline.com/brazil-agribusiness-q1-2026-record-us-china-trade/,2026-07-09,Section 10 DQA Rejection: Pharma/Geopolitical/Macro noise unrelated to Indian agri-food exports,Excluded from Master Registry & Corpus B under Section 10 DQA screening,Title: 'Brazil Agribusiness Q1 Hits Record US$38 Billion' | Query: India export EUDR
RAW-GDELT-752,globalissues.org,https://www.globalissues.org/news/2026/06/08/43229,2026-07-09,Section 10 DQA Rejection: Query 'India export EUDR' yielded non-agri-food content (agri_hits=0),Excluded from Master Registry & Corpus B under Section 10 DQA screening,Title: 'Billions Lost as Secret Financial Networks Fuel Forest Destr' | Query: India export EUDR
RAW-GDELT-753,ipsnews.net,https://www.ipsnews.net/2026/06/billions-lost-as-secret-financial-networks-fuel-forest-destruction-in-brazil-and-cameroon/,2026-07-09,Section 10 DQA Rejection: Query 'India export EUDR' yielded non-agri-food content (agri_hits=0),Excluded from Master Registry & Corpus B under Section 10 DQA screening,Title: 'Billions Lost as Secret Financial Networks Fuel Forest Destr' | Query: India export EUDR
A-MPEDA-002,MPEDA Marine Products Export Development Authority,https://mpeda.gov.in/wp-content/uploads/2026/06/she_Box_revised.pdf,2026-07-09,"Section 6/10 Privacy Excluded: Internal Complaints Committee notice containing real individuals' private contact details (names, phone numbers, emails)",Permanently deleted from Corpus A and Master Registry; personal contact information hidden and purged from research corpus,Title: She_Box_Revised / Internal Complaints Committee Notice [ALL PII REDACTED AND HIDDEN]
A-INDIA-003,India Code (National Informatics Centre),https://cdsco.gov.in/opencms/export/sites/CDSCO_WEB/Pdf-documents/acts_rules/2016DrugsandCosmeticsAct1940Rules1945.pdf,2026-07-09,"Section 6/10 Scope Excluded: Off-topic statutory document (Drugs and Cosmetics Rules, 1945) completely unrelated to agri-food and marine MSME export compliance.","Permanently deleted from Corpus A source directories, removed from Master Registry, and purged all 188 derived modeling chunks.","Title: Drugs and Cosmetics Rules, 1945 [OFF-TOPIC PURGED]"
A-APEDA-100,Corpus A Classified Pool [APEDA],1_Advisory_for_Rice_Exports_to_Lebanon_-reg..pdf,2026-07-09,Extraction failure / Zero words extracted via pypdf: Scanned image PDF without digital text layer.,Set full_text_available='no (image scan - OCR queued)' in Master Registry to prevent BERTopic from ingesting empty text. Queued for OCR.,Scanned image PDF (A-APEDA-100)
A-APEDA-101,Corpus A Classified Pool [APEDA],2_Advisory_for_rice_exports_to_Senegal-_reg..pdf,2026-07-09,Extraction failure / Zero words extracted via pypdf: Scanned image PDF without digital text layer.,Set full_text_available='no (image scan - OCR queued)' in Master Registry to prevent BERTopic from ingesting empty text. Queued for OCR.,Scanned image PDF (A-APEDA-101)
A-APEDA-102,Corpus A Classified Pool [APEDA],3_Advisory_for_rice_exports_to_Philippines-_reg..pdf,2026-07-09,Extraction failure / Zero words extracted via pypdf: Scanned image PDF without digital text layer.,Set full_text_available='no (image scan - OCR queued)' in Master Registry to prevent BERTopic from ingesting empty text. Queued for OCR.,Scanned image PDF (A-APEDA-102)
A-MPEDA-003,MPEDA Marine Products Export Development Authority,https://mpeda.gov.in/wp-content/uploads/2024/09/30-05-24Viglance_0001.pdf,2026-07-09,Extraction failure / Zero words extracted via pypdf: Scanned image PDF without digital text layer.,Set full_text_available='no (image scan - OCR queued)' in Master Registry to prevent BERTopic from ingesting empty text. Queued for OCR.,Scanned image PDF (A-MPEDA-003)
A-SPICE-003,Spices Board Ministry of Commerce & Industry,https://indianspices.com/indianspices/sites/default/files/Circular%2001.2026.27%20Restuffing%20of%20Consignment%20returned%20due%20to%20West%20Asia%20Crisis.pdf,2026-07-09,Extraction failure / Zero words extracted via pypdf: Scanned image PDF without digital text layer.,Set full_text_available='no (image scan - OCR queued)' in Master Registry to prevent BERTopic from ingesting empty text. Queued for OCR.,Scanned image PDF (A-SPICE-003)
A-SPICE-004,Spices Board Ministry of Commerce & Industry,https://indianspices.com/indianspices/sites/default/files/SUBMISSION%20OF%20PENDING%20QER%20-%20CIRCULAR.pdf,2026-07-09,Extraction failure / Zero words extracted via pypdf: Scanned image PDF without digital text layer.,Set full_text_available='no (image scan - OCR queued)' in Master Registry to prevent BERTopic from ingesting empty text. Queued for OCR.,Scanned image PDF (A-SPICE-004)
RCAC-001,APEDA Official Portal / AgriExchange,https://apeda.gov.in/sites/default/files/documents/2026-03/Advisory_Rice_Exports_Lebanon.pdf,2026-07-09,Extraction failure / Zero words extracted via pypdf: Scanned image PDF without digital text layer.,Set full_text_available='no (image scan - OCR queued)' in Master Registry to prevent BERTopic from ingesting empty text. Queued for OCR.,Scanned image PDF (RCAC-001)
RCAC-002,APEDA Official Portal / AgriExchange,https://apeda.gov.in/sites/default/files/documents/2026-01/Adviosry_Rice_Exports_Senegal_Jan2026.pdf,2026-07-09,Extraction failure / Zero words extracted via pypdf: Scanned image PDF without digital text layer.,Set full_text_available='no (image scan - OCR queued)' in Master Registry to prevent BERTopic from ingesting empty text. Queued for OCR.,Scanned image PDF (RCAC-002)
RCAC-003,APEDA Official Portal / AgriExchange,https://apeda.gov.in/sites/default/files/documents/2026-01/Advisory_rice_exporters_Philippines_12012026.pdf,2026-07-09,Extraction failure / Zero words extracted via pypdf: Scanned image PDF without digital text layer.,Set full_text_available='no (image scan - OCR queued)' in Master Registry to prevent BERTopic from ingesting empty text. Queued for OCR.,Scanned image PDF (RCAC-003)
EX-A-EU-006,A-EU-006,https://eur-lex.europa.eu/legal-content/EN/TXT/?uri=CELEX:32017R0625,2026-07-10,failed-data-quality,Inadequate score during §6 DQA audit
EX-A-EU-007,A-EU-007,https://eur-lex.europa.eu/legal-content/EN/TXT/?uri=CELEX:32005R0396,2026-07-10,failed-data-quality,Inadequate score during §6 DQA audit
EX-A-EU-008,A-EU-008,https://eur-lex.europa.eu/legal-content/EN/TXT/?uri=CELEX:32011D0163,2026-07-10,failed-data-quality,Inadequate score during §6 DQA audit
EX-A-EU-009,A-EU-009,https://eur-lex.europa.eu/legal-content/EN/TXT/?uri=CELEX:32021R0404,2026-07-10,failed-data-quality,Inadequate score during §6 DQA audit
EX-A-EU-010,A-EU-010,https://eur-lex.europa.eu/legal-content/EN/TXT/?uri=CELEX:32021R0808,2026-07-10,failed-data-quality,Inadequate score during §6 DQA audit
EX-A-EU-011,A-EU-011,https://eur-lex.europa.eu/legal-content/EN/TXT/?uri=CELEX:32019R2090,2026-07-10,failed-data-quality,Inadequate score during §6 DQA audit
EX-A-EU-013,A-EU-013,https://eur-lex.europa.eu/legal-content/EN/TXT/?uri=CELEX:32023R0915,2026-07-10,failed-data-quality,Inadequate score during §6 DQA audit
EX-A-EU-014,A-EU-014,https://eur-lex.europa.eu/legal-content/EN/TXT/?uri=CELEX:32002R0178,2026-07-10,failed-data-quality,Inadequate score during §6 DQA audit
EX-A-EU-015,A-EU-015,https://eur-lex.europa.eu/legal-content/EN/TXT/?uri=CELEX:32020R2235,2026-07-10,failed-data-quality,Inadequate score during §6 DQA audit
EX-A-INDIA-001,A-INDIA-001,https://www.indiacode.nic.in/handle/123456789/1546,2026-07-10,failed-data-quality,Inadequate score during §6 DQA audit
EX-A-INDIA-002,A-INDIA-002,https://www.indiacode.nic.in/handle/123456789/2403,2026-07-10,failed-data-quality,Inadequate score during §6 DQA audit
EX-A-GAZ-001,A-GAZ-001,https://egazette.nic.in/,2026-07-10,failed-data-quality,Inadequate score during §6 DQA audit
EX-A-GAZ-002,A-GAZ-002,https://egazette.nic.in/,2026-07-10,failed-data-quality,Inadequate score during §6 DQA audit
EX-A-GAZ-003,A-GAZ-003,https://egazette.nic.in/,2026-07-10,failed-data-quality,Inadequate score during §6 DQA audit
EX-A-GAZ-004,A-GAZ-004,https://egazette.nic.in/Notification.aspx?SO=1377(E),2026-07-10,failed-data-quality,Inadequate score during §6 DQA audit
EX-A-GAZ-005,A-GAZ-005,https://egazette.nic.in/Notification.aspx?SO=1378(E),2026-07-10,failed-data-quality,Inadequate score during §6 DQA audit
EX-A-GAZ-006,A-GAZ-006,https://egazette.nic.in/Notification.aspx?SO=722(E),2026-07-10,failed-data-quality,Inadequate score during §6 DQA audit
EX-A-GAZ-007,A-GAZ-007,https://egazette.nic.in/Notification.aspx?SO=1227(E),2026-07-10,failed-data-quality,Inadequate score during §6 DQA audit
EX-A-GAZ-008,A-GAZ-008,https://egazette.nic.in/Notification.aspx?SO=730(E),2026-07-10,failed-data-quality,Inadequate score during §6 DQA audit
EX-A-STATE-001,A-STATE-001,https://www.indiacode.nic.in/handle/123456789/12345,2026-07-10,failed-data-quality,Inadequate score during §6 DQA audit
EX-A-STATE-002,A-STATE-002,https://www.indiacode.nic.in/handle/123456789/11223,2026-07-10,failed-data-quality,Inadequate score during §6 DQA audit
EX-A-STATE-003,A-STATE-003,https://apsada.ap.gov.in/,2026-07-10,failed-data-quality,Inadequate score during §6 DQA audit
EX-A-FDA-001,A-FDA-001,https://www.accessdata.fda.gov/scripts/importrefusals/index.cfm?action=export:refusalReport,2026-07-10,failed-data-quality,Inadequate score during §6 DQA audit
EX-A-FDA-002,A-FDA-002,https://www.accessdata.fda.gov/scripts/importrefusals/index.cfm?action=export:refusalReport,2026-07-10,failed-data-quality,Inadequate score during §6 DQA audit
EX-A-FDA-003,A-FDA-003,https://www.accessdata.fda.gov/scripts/importrefusals/index.cfm?action=export:refusalReport,2026-07-10,failed-data-quality,Inadequate score during §6 DQA audit
EX-A-FDA-004,A-FDA-004,https://www.accessdata.fda.gov/scripts/importrefusals/index.cfm?action=export:refusalReport,2026-07-10,failed-data-quality,Inadequate score during §6 DQA audit
EX-A-FDA-005,A-FDA-005,https://www.fda.gov/food/food-safety-modernization-act-fsma/foreign-supplier-verification-program-fsvp,2026-07-10,failed-data-quality,Inadequate score during §6 DQA audit
EX-A-FDA-006,A-FDA-006,https://www.fda.gov/food/guidance-regulation-food-and-dietary-supplements/registration-food-facilities-and-other-submissions,2026-07-10,failed-data-quality,Inadequate score during §6 DQA audit
EX-A-EUMOFA-001,A-EUMOFA-001,https://www.eumofa.eu/market-analysis,2026-07-10,failed-data-quality,Inadequate score during §6 DQA audit
EX-A-EFSA-001,A-EFSA-001,https://www.efsa.europa.eu/en/publications,2026-07-10,failed-data-quality,Inadequate score during §6 DQA audit
EX-A-RASFF-001,A-RASFF-001,https://webgate.ec.europa.eu/rasff-window/portal/?event=searchResultList,2026-07-10,failed-data-quality,Inadequate score during §6 DQA audit
EX-A-SANTE-001,A-SANTE-001,https://ec.europa.eu/food/audits-analysis/audit_reports/details.cfm?rep_id=7891,2026-07-10,failed-data-quality,Inadequate score during §6 DQA audit
EX-A-EUMOFA-002,A-EUMOFA-002,https://www.eumofa.eu/publications,2026-07-10,failed-data-quality,Inadequate score during §6 DQA audit
EX-RCAC-001,RCAC-001,https://apeda.gov.in/sites/default/files/documents/2026-03/Advisory_Rice_Exports_Lebanon.pdf,2026-07-10,failed-data-quality,Inadequate score during §6 DQA audit
EX-RCAC-002,RCAC-002,https://apeda.gov.in/sites/default/files/documents/2026-01/Adviosry_Rice_Exports_Senegal_Jan2026.pdf,2026-07-10,failed-data-quality,Inadequate score during §6 DQA audit
EX-RCAC-003,RCAC-003,https://apeda.gov.in/sites/default/files/documents/2026-01/Advisory_rice_exporters_Philippines_12012026.pdf,2026-07-10,failed-data-quality,Inadequate score during §6 DQA audit
EX-BRCGS-001,BRCGS-001,https://directory.brcgs.com/,2026-07-10,failed-data-quality,Inadequate score during §6 DQA audit
EX-GLOBALGAP-001,GLOBALGAP-001,https://database.globalgap.org/,2026-07-10,failed-data-quality,Inadequate score during §6 DQA audit
EX-ASC-001,ASC-001,https://www.asc-aqua.org/find-a-farm/,2026-07-10,failed-data-quality,Inadequate score during §6 DQA audit
EX-A-CSR-100,A-CSR-100,DHL-Group-Supplier-Code-of-Conduct-v2020-5.pdf,2026-07-10,failed-data-quality,Inadequate score during §6 DQA audit
EX-A-CSR-101,A-CSR-101,Identifying modern slavery in global supply chains.pdf,2026-07-10,failed-data-quality,Inadequate score during §6 DQA audit
EX-A-CSR-102,A-CSR-102,nestle-scope-3-removals-framework.pdf,2026-07-10,failed-data-quality,Inadequate score during §6 DQA audit
EX-A-DATA-100,A-DATA-100,Country-wise Merchandise Export.pdf,2026-07-10,failed-data-quality,Inadequate score during §6 DQA audit
EX-A-DATA-101,A-DATA-101,"DGCIS, based on Quick Estimate May, 2026.pdf",2026-07-10,failed-data-quality,Inadequate score during §6 DQA audit
EX-A-DATA-102,A-DATA-102,Merchanise export April-May 26-27.pdf,2026-07-10,failed-data-quality,Inadequate score during §6 DQA audit
EX-A-MOFPI-100,A-MOFPI-100,Action-Points-for-the-Ministry-of-Food-Processing-Industries-(MoFPI).pdf,2026-07-10,failed-data-quality,Inadequate score during §6 DQA audit
EX-A-MOFPI-101,A-MOFPI-101,Factsheet Details_Factsheet Details _ PIB.pdf,2026-07-10,failed-data-quality,Inadequate score during §6 DQA audit
EX-A-MOFPI-102,A-MOFPI-102,INTRODUCTION TO.pdf,2026-07-10,failed-data-quality,Inadequate score during §6 DQA audit
EX-A-MOFPI-103,A-MOFPI-103,Press Note Details_ Press Information Bureau.pdf,2026-07-10,failed-data-quality,Inadequate score during §6 DQA audit
EX-A-MOFPI-104,A-MOFPI-104,Press Release Page  - Press Information Bureau - MoFPI.pdf,2026-07-10,failed-data-quality,Inadequate score during §6 DQA audit
EX-A-MOFPI-105,A-MOFPI-105,Press Release Page _ Press Information Bureau - Indian Agricultural Exports.pdf,2026-07-10,failed-data-quality,Inadequate score during §6 DQA audit
EX-A-MOFPI-106,A-MOFPI-106,Press Release Page _ Press Information Bureau.pdf,2026-07-10,failed-data-quality,Inadequate score during §6 DQA audit
EX-A-MSME-100,A-MSME-100,Annual-Survey-MSMEs_India_2025.pdf,2026-07-10,failed-data-quality,Inadequate score during §6 DQA audit
EX-A-MSME-101,A-MSME-101,Boosting Exports from MSMEs_March 20244_0.pdf,2026-07-10,failed-data-quality,Inadequate score during §6 DQA audit
EX-A-MSME-102,A-MSME-102,Enhancing_Competitiveness_of_MSMEs_in_India NITI Aayog.pdf,2026-07-10,failed-data-quality,Inadequate score during §6 DQA audit
EX-A-MSME-103,A-MSME-103,MSME_West-Bengal_2025.pdf,2026-07-10,failed-data-quality,Inadequate score during §6 DQA audit
EX-A-MSME-104,A-MSME-104,RGMNAV000131.pdf,2026-07-10,failed-data-quality,Inadequate score during §6 DQA audit
EX-RCAC-200,RCAC-200,India-Newzealand.jpg,2026-07-10,failed-data-quality,Inadequate score during §6 DQA audit
EX-RCAC-201,RCAC-201,India-Uk CETA.jpg,2026-07-10,failed-data-quality,Inadequate score during §6 DQA audit
A-SPICE-006,Spices Board Official Portal,http://www.indianspices.com/trade/trade-notifications/revision-analytical-charges,2026-07-14,failed-data-quality — raw HTML scrape debris and navigation/auction ticker markup,Excluded during embedding verification and logged to exceptions per user review,Raw HTML scrape debris in place of text summary
EX-A-MOFPI-100,A-MOFPI-100,Action-Points-for-the-Ministry-of-Food-Processing-Industries-(MoFPI).pdf,2026-07-14,failed-data-quality,Inadequate score during §6 DQA audit
EX-A-MOFPI-101,A-MOFPI-101,Factsheet Details_Factsheet Details _ PIB.pdf,2026-07-14,failed-data-quality,Inadequate score during §6 DQA audit
EX-A-MOFPI-102,A-MOFPI-102,INTRODUCTION TO.pdf,2026-07-14,failed-data-quality,Inadequate score during §6 DQA audit
EX-A-MOFPI-103,A-MOFPI-103,Press Note Details_ Press Information Bureau.pdf,2026-07-14,failed-data-quality,Inadequate score during §6 DQA audit
EX-A-MOFPI-104,A-MOFPI-104,Press Release Page  - Press Information Bureau - MoFPI.pdf,2026-07-14,failed-data-quality,Inadequate score during §6 DQA audit
EX-A-MOFPI-105,A-MOFPI-105,Press Release Page _ Press Information Bureau - Indian Agricultural Exports.pdf,2026-07-14,failed-data-quality,Inadequate score during §6 DQA audit
EX-A-MOFPI-106,A-MOFPI-106,Press Release Page _ Press Information Bureau.pdf,2026-07-14,failed-data-quality,Inadequate score during §6 DQA audit
EX-A-MSME-100,A-MSME-100,Annual-Survey-MSMEs_India_2025.pdf,2026-07-14,failed-data-quality,Inadequate score during §6 DQA audit
EX-A-MSME-101,A-MSME-101,Boosting Exports from MSMEs_March 20244_0.pdf,2026-07-14,failed-data-quality,Inadequate score during §6 DQA audit
EX-A-MSME-102,A-MSME-102,Enhancing_Competitiveness_of_MSMEs_in_India NITI Aayog.pdf,2026-07-14,failed-data-quality,Inadequate score during §6 DQA audit
EX-A-MSME-103,A-MSME-103,MSME_West-Bengal_2025.pdf,2026-07-14,failed-data-quality,Inadequate score during §6 DQA audit
EX-A-MSME-104,A-MSME-104,RGMNAV000131.pdf,2026-07-14,failed-data-quality,Inadequate score during §6 DQA audit
A-APEDA-001-C01,2026-07-22,preprocessing-noise,BERTopic noise gate
A-APEDA-001-C05,2026-07-22,preprocessing-noise,BERTopic noise gate
A-APEDA-001-C09,2026-07-22,preprocessing-noise,BERTopic noise gate
A-APEDA-002-C01,2026-07-22,preprocessing-noise,BERTopic noise gate
A-APEDA-002-C02,2026-07-22,preprocessing-noise,BERTopic noise gate
A-APEDA-005-C01,2026-07-22,preprocessing-noise,BERTopic noise gate
A-APEDA-005-C02,2026-07-22,preprocessing-noise,BERTopic noise gate
A-APEDA-007-C01,2026-07-22,preprocessing-noise,BERTopic noise gate
A-APEDA-007-C04,2026-07-22,preprocessing-noise,BERTopic noise gate
A-APEDA-008-C01,2026-07-22,preprocessing-noise,BERTopic noise gate
A-APEDA-008-C04,2026-07-22,preprocessing-noise,BERTopic noise gate
A-APEDA-009-C01,2026-07-22,preprocessing-noise,BERTopic noise gate
A-APEDA-009-C03,2026-07-22,preprocessing-noise,BERTopic noise gate
A-APEDA-010-C01,2026-07-22,preprocessing-noise,BERTopic noise gate
A-APEDA-010-C02,2026-07-22,preprocessing-noise,BERTopic noise gate
A-IEC-003-C01,2026-07-22,preprocessing-noise,BERTopic noise gate
A-IEC-003-C02,2026-07-22,preprocessing-noise,BERTopic noise gate
A-IEC-004-C01,2026-07-22,preprocessing-noise,BERTopic noise gate
B-GD-009-C04,2026-07-22,preprocessing-noise,BERTopic noise gate
B-GD-018-C01,2026-07-22,preprocessing-noise,BERTopic noise gate
B-GD-018-C03,2026-07-22,preprocessing-noise,BERTopic noise gate
B-GD-023-C03,2026-07-22,preprocessing-noise,BERTopic noise gate
B-GD-023-C06,2026-07-22,preprocessing-noise,BERTopic noise gate
B-GD-027-C03,2026-07-22,preprocessing-noise,BERTopic noise gate
B-GD-029-C04,2026-07-22,preprocessing-noise,BERTopic noise gate
B-GD-035-C01,2026-07-22,preprocessing-noise,BERTopic noise gate
B-GD-035-C03,2026-07-22,preprocessing-noise,BERTopic noise gate
B-GD-038-C01,2026-07-22,preprocessing-noise,BERTopic noise gate
B-GD-038-C03,2026-07-22,preprocessing-noise,BERTopic noise gate
B-GD-039-C01,2026-07-22,preprocessing-noise,BERTopic noise gate
B-GD-039-C02,2026-07-22,preprocessing-noise,BERTopic noise gate
B-GD-040-C02,2026-07-22,preprocessing-noise,BERTopic noise gate
B-GD-041-C01,2026-07-22,preprocessing-noise,BERTopic noise gate
B-GD-041-C04,2026-07-22,preprocessing-noise,BERTopic noise gate
B-GD-043-C02,2026-07-22,preprocessing-noise,BERTopic noise gate
B-GD-045-C01,2026-07-22,preprocessing-noise,BERTopic noise gate
B-GD-046-C01,2026-07-22,preprocessing-noise,BERTopic noise gate
B-GD-046-C03,2026-07-22,preprocessing-noise,BERTopic noise gate
B-GD-047-C01,2026-07-22,preprocessing-noise,BERTopic noise gate
B-GD-050-C01,2026-07-22,preprocessing-noise,BERTopic noise gate
B-GD-050-C02,2026-07-22,preprocessing-noise,BERTopic noise gate
B-GD-052-C01,2026-07-22,preprocessing-noise,BERTopic noise gate
B-GD-052-C04,2026-07-22,preprocessing-noise,BERTopic noise gate
B-GD-055-C01,2026-07-22,preprocessing-noise,BERTopic noise gate
B-GD-055-C02,2026-07-22,preprocessing-noise,BERTopic noise gate
B-GD-069-C04,2026-07-22,preprocessing-noise,BERTopic noise gate
B-GD-070-C01,2026-07-22,preprocessing-noise,BERTopic noise gate
B-GD-070-C02,2026-07-22,preprocessing-noise,BERTopic noise gate
B-GD-071-C06,2026-07-22,preprocessing-noise,BERTopic noise gate
B-GD-089-C06,2026-07-22,preprocessing-noise,BERTopic noise gate
B-GD-095-C01,2026-07-22,preprocessing-noise,BERTopic noise gate
B-GD-095-C04,2026-07-22,preprocessing-noise,BERTopic noise gate
B-GD-097-C01,2026-07-22,preprocessing-noise,BERTopic noise gate
B-GD-097-C02,2026-07-22,preprocessing-noise,BERTopic noise gate
B-GD-098-C01,2026-07-22,preprocessing-noise,BERTopic noise gate
B-GD-098-C03,2026-07-22,preprocessing-noise,BERTopic noise gate
B-GD-098-C05,2026-07-22,preprocessing-noise,BERTopic noise gate
B-GD-100-C05,2026-07-22,preprocessing-noise,BERTopic noise gate
B-GD-101-C13,2026-07-22,preprocessing-noise,BERTopic noise gate
B-GD-105-C04,2026-07-22,preprocessing-noise,BERTopic noise gate
B-GD-108-C06,2026-07-22,preprocessing-noise,BERTopic noise gate
B-YT-002-C01,2026-07-22,preprocessing-noise,BERTopic noise gate
B-YT-002-C02,2026-07-22,preprocessing-noise,BERTopic noise gate
B-YT-005-C01,2026-07-22,preprocessing-noise,BERTopic noise gate
B-YT-005-C02,2026-07-22,preprocessing-noise,BERTopic noise gate
B-YT-009-C01,2026-07-22,preprocessing-noise,BERTopic noise gate
B-YT-009-C02,2026-07-22,preprocessing-noise,BERTopic noise gate
A-APEDA-004,2026-07-22,preprocessing-noise,BERTopic noise gate
B-GD-028,2026-07-22,preprocessing-noise,BERTopic noise gate
B-GD-042,2026-07-22,preprocessing-noise,BERTopic noise gate
B-GD-048,2026-07-22,preprocessing-noise,BERTopic noise gate
B-GD-049,2026-07-22,preprocessing-noise,BERTopic noise gate
B-GD-051,2026-07-22,preprocessing-noise,BERTopic noise gate
B-GD-062,2026-07-22,preprocessing-noise,BERTopic noise gate
B-GD-102,2026-07-22,preprocessing-noise,BERTopic noise gate
B-REDDIT-001,2026-07-22,preprocessing-noise,BERTopic noise gate
B-YT-001,2026-07-22,preprocessing-noise,BERTopic noise gate
B-YT-003,2026-07-22,preprocessing-noise,BERTopic noise gate
B-YT-004,2026-07-22,preprocessing-noise,BERTopic noise gate
B-YT-006,2026-07-22,preprocessing-noise,BERTopic noise gate
B-YT-007,2026-07-22,preprocessing-noise,BERTopic noise gate
B-YT-008,2026-07-22,preprocessing-noise,BERTopic noise gate
B-YT-010,2026-07-22,preprocessing-noise,BERTopic noise gate
B-YT-011,2026-07-22,preprocessing-noise,BERTopic noise gate
B-YT-012,2026-07-22,preprocessing-noise,BERTopic noise gate
B-YT-013,2026-07-22,preprocessing-noise,BERTopic noise gate
B-YT-014,2026-07-22,preprocessing-noise,BERTopic noise gate
B-YT-015,2026-07-22,preprocessing-noise,BERTopic noise gate
B-YT-016,2026-07-22,preprocessing-noise,BERTopic noise gate
B-YT-017,2026-07-22,preprocessing-noise,BERTopic noise gate
B-YT-019,2026-07-22,preprocessing-noise,BERTopic noise gate
B-YT-020,2026-07-22,preprocessing-noise,BERTopic noise gate
B-YT-021,2026-07-22,preprocessing-noise,BERTopic noise gate
B-YT-022,2026-07-22,preprocessing-noise,BERTopic noise gate
B-YT-023,2026-07-22,preprocessing-noise,BERTopic noise gate
B-YT-024,2026-07-22,preprocessing-noise,BERTopic noise gate
B-YT-025,2026-07-22,preprocessing-noise,BERTopic noise gate
B-YT-026,2026-07-22,preprocessing-noise,BERTopic noise gate
B-YT-027,2026-07-22,preprocessing-noise,BERTopic noise gate
B-YT-028,2026-07-22,preprocessing-noise,BERTopic noise gate
B-YT-029,2026-07-22,preprocessing-noise,BERTopic noise gate
B-YT-030,2026-07-22,preprocessing-noise,BERTopic noise gate
B-YT-031,2026-07-22,preprocessing-noise,BERTopic noise gate
B-YT-032,2026-07-22,preprocessing-noise,BERTopic noise gate
B-YT-033,2026-07-22,preprocessing-noise,BERTopic noise gate
B-YT-034,2026-07-22,preprocessing-noise,BERTopic noise gate
B-YT-035,2026-07-22,preprocessing-noise,BERTopic noise gate
B-YT-036,2026-07-22,preprocessing-noise,BERTopic noise gate
B-YT-037,2026-07-22,preprocessing-noise,BERTopic noise gate
B-YT-038,2026-07-22,preprocessing-noise,BERTopic noise gate
B-YT-039,2026-07-22,preprocessing-noise,BERTopic noise gate
