doc_id,corpus_tier,source_name_instrument_body,title_url_query,retrieval_date_format_language,production_context,dqa_context_score,dqa_content_score,full_text_available,locus_tag,verification_logic,deident_status,access_status_notes,firm_mentioned,iec_verification_status,verification_method,verification_date,enterprise_scale_tier,relevance_to_study
A-APEDA-001,A,APEDA Official Portal / AgriExchange,https://apeda.gov.in,2026-07-03 / html / English,Statutory export document scraped from APEDA portal: APEDA Official Portal Root & Export Governance Overview,"A,A,A,A,A,A","A,A,A,A,A,A",yes,organic-certification-framework,third-party-accreditation-and-farm-inspection,not-required,retrieved (HTTP 200),N/A - Corpus A Statutory Instrument,Verified - Institutional Source,Official Gazette / Regulatory Portal Check,2026-07-07,not-applicable,statutory-governance-framework (macro-level regulatory context)
A-APEDA-002,A,APEDA Official Portal / AgriExchange,https://apeda.gov.in/ProcessedFoods,2026-07-03 / html / English,Statutory export document scraped from APEDA portal: APEDA Processed Foods & Value-Added Export Portal,"A,A,A,A,A,A","A,A,A,A,A,A",yes,value-added-export-guidelines,plant-hygiene-and-haccp-compliance,not-required,retrieved (HTTP 200),N/A - Corpus A Statutory Instrument,Verified - Institutional Source,Official Gazette / Regulatory Portal Check,2026-07-07,not-applicable,statutory-governance-framework (macro-level regulatory context)
A-APEDA-004,A,APEDA Official Portal / AgriExchange,https://apeda.gov.in/TraceNet,2026-07-03 / html / English,Statutory export document scraped from APEDA portal: APEDA TraceNet Traceability System Portal,"A,A,A,A,A,A","A,A,A,A,A,A",yes,digital-traceability-system,farm-to-port-batch-geotagging,not-required,retrieved (HTTP 200),N/A - Corpus A Statutory Instrument,Verified - Institutional Source,Official Gazette / Regulatory Portal Check,2026-07-07,not-applicable,statutory-governance-framework (macro-level regulatory context)
A-APEDA-005,A,APEDA Official Portal / AgriExchange,https://apeda.gov.in/OrganicProducts,2026-07-03 / html / English,Statutory export document scraped from APEDA portal: Organicproducts,"A,A,A,A,A,A","A,A,A,A,A,A",yes,organic-export-governance,npop-equivalence-and-coi-validation,not-required,retrieved (HTTP 200),N/A - Corpus A Statutory Instrument,Verified - Institutional Source,Official Gazette / Regulatory Portal Check,2026-07-07,not-applicable,statutory-governance-framework (macro-level regulatory context)
A-APEDA-007,A,APEDA Official Portal / AgriExchange,https://apeda.gov.in/Cereals,2026-07-03 / html / English,Statutory export document scraped from APEDA portal: APEDA Cereals Export Sector Profile & Export Protocols,"A,A,A,A,A,A","A,A,A,A,A,A",yes,cereals-export-protocol,phytosanitary-and-pesticide-mrl-screening,not-required,retrieved (HTTP 200),N/A - Corpus A Statutory Instrument,Verified - Institutional Source,Official Gazette / Regulatory Portal Check,2026-07-07,not-applicable,statutory-governance-framework (macro-level regulatory context)
A-APEDA-008,A,APEDA Official Portal / AgriExchange,https://apeda.gov.in/FreshFruitsAndVegetables,2026-07-03 / html / English,Statutory export document scraped from APEDA portal: APEDA Fresh Fruits & Vegetables Sector Governance,"A,A,A,A,A,A","A,A,A,A,A,A",yes,fresh-produce-hortinet,packhouse-recognition-and-orchard-registration,not-required,retrieved (HTTP 200),N/A - Corpus A Statutory Instrument,Verified - Institutional Source,Official Gazette / Regulatory Portal Check,2026-07-07,not-applicable,statutory-governance-framework (macro-level regulatory context)
A-APEDA-009,A,APEDA Official Portal / AgriExchange,https://apeda.gov.in/AnimalProducts,2026-07-03 / html / English,Statutory export document scraped from APEDA portal: APEDA Animal Products & Meat Quality Governance,"A,A,A,A,A,A","A,A,A,A,A,A",yes,animal-products-governance,abattoir-haccp-and-ante-mortem-inspection,not-required,retrieved (HTTP 200),N/A - Corpus A Statutory Instrument,Verified - Institutional Source,Official Gazette / Regulatory Portal Check,2026-07-07,not-applicable,statutory-governance-framework (macro-level regulatory context)
A-APEDA-010,A,APEDA Official Portal / AgriExchange,https://apeda.gov.in/FloricultureAndSeeds,2026-07-03 / html / English,Statutory export document scraped from APEDA portal: APEDA Floriculture & Seeds Export Framework,"A,A,A,A,A,A","A,A,A,A,A,A",yes,floriculture-seeds-protocol,cold-chain-maintenance-and-quarantine-clearance,not-required,retrieved (HTTP 200),N/A - Corpus A Statutory Instrument,Verified - Institutional Source,Official Gazette / Regulatory Portal Check,2026-07-07,not-applicable,statutory-governance-framework (macro-level regulatory context)
A-SPICE-001,A,Spices Board Ministry of Commerce & Industry,https://indianspices.org.in/ESS/,2026-07-03 / html / English,Statutory spices export circular / notice: Spices Board Exporter Service System (ESS) Digital Certification Procedures,"A,A,A,A,A,A","A,A,A,A,A,A",yes,digital-export-services,ess-online-certificate-and-sampling-request,not-required,retrieved (HTTP 200),N/A - Corpus A Statutory Instrument,Verified - Institutional Source,Official Gazette / Regulatory Portal Check,2026-07-07,not-applicable,statutory-governance-framework (macro-level regulatory context)
A-SPICE-002,A,Spices Board Ministry of Commerce & Industry,https://indianspices.com/indianspices/sites/default/files/Trade%20advisory%20Compliance%20with%20Taiwan%20Pesticide%20Residue%20Standards%20160426.pdf,2026-07-03 / pdf / English,Statutory spices export circular / notice: Trade%20Advisory%20Compliance%20With%20Taiwan%20Pesticide%20Residue%20Standards%20160426,"A,A,A,A,A,A","A,A,A,A,A,A",yes,exporter-registration-rcmc,statutory-spices-board-licensing-verification,not-required,retrieved (HTTP 200),N/A - Corpus A Statutory Instrument,Verified - Institutional Source,Official Gazette / Regulatory Portal Check,2026-07-07,not-applicable,statutory-governance-framework (macro-level regulatory context)
A-SPICE-003,A,Spices Board Ministry of Commerce & Industry,https://indianspices.com/indianspices/sites/default/files/Circular%2001.2026.27%20Restuffing%20of%20Consignment%20returned%20due%20to%20West%20Asia%20Crisis.pdf,2026-07-03 / pdf / English,Statutory spices export circular / notice: Circular%2001.2026.27%20Restuffing%20Of%20Consignment%20Returned%20Due%20To%20West%20Asia%20Crisis,"A,A,A,A,A,A","A,A,A,A,A,A",yes,analytical-testing-matrix,qel-laboratory-multi-residue-pesticide-screen,not-required,retrieved (HTTP 200),N/A - Corpus A Statutory Instrument,Verified - Institutional Source,Official Gazette / Regulatory Portal Check,2026-07-07,not-applicable,statutory-governance-framework (macro-level regulatory context)
A-SPICE-004,A,Spices Board Ministry of Commerce & Industry,https://indianspices.com/indianspices/sites/default/files/SUBMISSION%20OF%20PENDING%20QER%20-%20CIRCULAR.pdf,2026-07-03 / pdf / English,Statutory spices export circular / notice: Submission%20Of%20Pending%20Qer%20 %20Circular,"A,A,A,A,A,A","A,A,A,A,A,A",yes,quality-evaluation-labs,iso-17025-accredited-instrumental-analysis,not-required,retrieved (HTTP 200),N/A - Corpus A Statutory Instrument,Verified - Institutional Source,Official Gazette / Regulatory Portal Check,2026-07-07,not-applicable,statutory-governance-framework (macro-level regulatory context)
A-SPICE-005,A,Spices Board Ministry of Commerce & Industry,https://indianspices.com/indianspices/sites/default/files/Regulation_EU_2026_194.pdf,2026-07-03 / pdf / English,Statutory spices export circular / notice: Regulation_Eu_2026_194,"A,A,A,A,A,A","A,A,A,A,A,A",yes,eu-spices-export-protocol,mandatory-eto-and-aflatoxin-sampling-scheme,not-required,retrieved (HTTP 200),N/A - Corpus A Statutory Instrument,Verified - Institutional Source,Official Gazette / Regulatory Portal Check,2026-07-07,not-applicable,statutory-governance-framework (macro-level regulatory context)
A-SPICE-006,A,Spices Board Ministry of Commerce & Industry,http://www.indianspices.com/trade/trade-notifications/revision-analytical-charges,2026-07-03 / html / English,"Derived regulatory orientation summary (per Section 6.1): Statutory spices export circular: Circular on Mandatory Testing for Salmonella in Consignments of Chilli, Cumin & Mixed Spices Exported to USA","A,A,A,A,A,A","A,A,A,A,A,A",derived-summary (Section 6.1),usa-salmonella-testing,mandatory-pathogen-absence-testing-in-25g,not-required,retrieved (HTTP 200),N/A - Corpus A Statutory Instrument,Verified - Institutional Source,Official Gazette / Regulatory Portal Check,2026-07-07,not-applicable,statutory-governance-framework (macro-level regulatory context)
A-SPICE-007,A,Spices Board Ministry of Commerce & Industry,https://indianspices.com/sites/default/files/Requirment%20of%20OC-%20Export%20of%20Spices%20070126.pdf,2026-07-03 / html / English,Statutory spices export circular: Circular No: 05/2025-26 - Export of Spices & Spice Products to UK - Requirement of Official Certificate w.e.f. 1st January 2026,"A,A,A,A,A,A","A,A,A,A,A,A",yes,uk-official-certification,post-brexit-health-certificate-endorsement,not-required,retrieved (HTTP 200),N/A - Corpus A Statutory Instrument,Verified - Institutional Source,Official Gazette / Regulatory Portal Check,2026-07-07,not-applicable,statutory-governance-framework (macro-level regulatory context)
A-SPICE-008,A,Spices Board Ministry of Commerce & Industry,https://indianspices.com/indianspices/sites/default/files/EU_Cumin_Monitoring_Mechanism_PR.pdf,2026-07-03 / html / English,Derived regulatory orientation summary (per Section 6.1): Statutory spices export circular: Circular on Export of Cumin to EU - Monitoring Mechanism for Testing of Pesticide Residues (PR),"A,A,A,A,A,A","A,A,A,A,A,A",derived-summary (Section 6.1),eu-cumin-pesticide-monitoring,batch-wise-pre-shipment-mrl-verification,not-required,retrieved (HTTP 200),N/A - Corpus A Statutory Instrument,Verified - Institutional Source,Official Gazette / Regulatory Portal Check,2026-07-07,not-applicable,statutory-governance-framework (macro-level regulatory context)
A-MPEDA-001,A,MPEDA Marine Products Export Development Authority,https://mpeda.gov.in/exporters/,2026-07-03 / html / English,Statutory marine export governance document: MPEDA Exporters Registration Portal & Statutory Registration Guidelines,"A,A,A,A,A,A","A,A,A,A,A,A",yes,exporters-registration-portal,statutory-mpeda-rcmc-issuance-protocol,not-required,retrieved (HTTP 200),N/A - Corpus A Statutory Instrument,Verified - Institutional Source,Official Gazette / Regulatory Portal Check,2026-07-07,not-applicable,statutory-governance-framework (macro-level regulatory context)
A-MPEDA-002,A,MPEDA Marine Products Export Development Authority,https://mpeda.gov.in/wp-content/uploads/2026/06/she_Box_revised.pdf,2026-07-03 / pdf / English,Statutory marine export governance document: She_Box_Revised,"A,A,A,A,A,A","A,A,A,A,A,A",yes,statutory-safety-guidelines,seafood-hygiene-and-handling-compliance,not-required,retrieved (HTTP 200),N/A - Corpus A Statutory Instrument,Verified - Institutional Source,Official Gazette / Regulatory Portal Check,2026-07-07,not-applicable,statutory-governance-framework (macro-level regulatory context)
A-MPEDA-003,A,MPEDA Marine Products Export Development Authority,https://mpeda.gov.in/wp-content/uploads/2024/09/30-05-24Viglance_0001.pdf,2026-07-03 / pdf / English,Statutory marine export governance document: 30 05 24Viglance_0001,"A,A,A,A,A,A","A,A,A,A,A,A",yes,regulatory-vigilance-protocol,unannounced-processing-plant-surveillance,not-required,retrieved (HTTP 200),N/A - Corpus A Statutory Instrument,Verified - Institutional Source,Official Gazette / Regulatory Portal Check,2026-07-07,not-applicable,statutory-governance-framework (macro-level regulatory context)
A-MPEDA-004,A,MPEDA Marine Products Export Development Authority,https://mpeda.gov.in/wp-content/uploads/2025/02/Evaluation_Impact_Assessment_Final_Report_05-Oct-2023.pdf,2026-07-03 / pdf / English,Statutory marine export governance document: Evaluation_Impact_Assessment_Final_Report_05 Oct 2023,"A,A,A,A,A,A","A,A,A,A,A,A",yes,export-impact-evaluation,marine-trade-policy-assessment-metrics,not-required,retrieved (HTTP 200),N/A - Corpus A Statutory Instrument,Verified - Institutional Source,Official Gazette / Regulatory Portal Check,2026-07-07,not-applicable,statutory-governance-framework (macro-level regulatory context)
A-MPEDA-005,A,MPEDA Marine Products Export Development Authority,https://e-mpeda.nic.in/registration/Rpt_Region_Wise_Exporters_new.aspx,2026-07-03 / html / English,Statutory marine export governance document: Rpt_Region_Wise_Exporters_New.Aspx,"A,A,A,A,A,A","A,A,A,A,A,A",yes,region-wise-exporters-registry,verified-exporter-entity-directory,not-required,retrieved (HTTP 200),N/A - Corpus A Statutory Instrument,Verified - Institutional Source,Official Gazette / Regulatory Portal Check,2026-07-07,not-applicable,statutory-governance-framework (macro-level regulatory context)
A-MPEDA-006,A,MPEDA Marine Products Export Development Authority,https://mpeda.gov.in/catch-certificate/,2026-07-03 / html / English,Derived regulatory orientation summary (per Section 6.1): Statutory marine export governance procedure: MPEDA Guidelines & Standard Operating Procedure for Issuance of EU Catch Certificate,"A,A,A,A,A,A","A,A,A,A,A,A",derived-summary (Section 6.1),iuu-fishing-traceability,eu-catch-certificate-online-validation,not-required,retrieved (HTTP 200),N/A - Corpus A Statutory Instrument,Verified - Institutional Source,Official Gazette / Regulatory Portal Check,2026-07-07,not-applicable,statutory-governance-framework (macro-level regulatory context)
A-MPEDA-007,A,MPEDA Marine Products Export Development Authority,https://mpeda.gov.in/exporters/,2026-07-03 / html / English,Derived regulatory orientation summary (per Section 6.1): Statutory marine export governance procedure: MPEDA & NOAA DS-2031 Shrimp Exporter Declaration & Turtle Excluder Device (TED) Compliance Procedure,"A,A,A,A,A,A","A,A,A,A,A,A",derived-summary (Section 6.1),us-noaa-shrimp-declaration,ds-2031-and-turtle-excluder-device-ted-audit,not-required,retrieved (HTTP 200),N/A - Corpus A Statutory Instrument,Verified - Institutional Source,Official Gazette / Regulatory Portal Check,2026-07-07,not-applicable,statutory-governance-framework (macro-level regulatory context)
A-MPEDA-008,A,MPEDA Marine Products Export Development Authority,https://pht.mpeda.gov.in/,2026-07-03 / html / English,Derived regulatory orientation summary (per Section 6.1): Statutory marine export governance procedure: MPEDA Pre-Harvest Test (PHT) Online Guidelines for Antibiotic Residue Monitoring in Aquaculture Shrimp,"A,A,A,A,A,A","A,A,A,A,A,A",derived-summary (Section 6.1),pre-harvest-antibiotic-testing,pht-lc-ms-ms-screening-for-chloramphenicol,not-required,retrieved (HTTP 200),N/A - Corpus A Statutory Instrument,Verified - Institutional Source,Official Gazette / Regulatory Portal Check,2026-07-07,not-applicable,statutory-governance-framework (macro-level regulatory context)
A-EIC-001,A,Export Inspection Council of India Ministry of Commerce & Industry,https://eicindia.gov.in/Index.aspx,2026-07-03 / html / English,"Derived regulatory orientation summary (per Section 6.1): Statutory export inspection & health certification procedure: Export (Quality Control and Inspection) Act, 1963 - Statutory Powers of EIC and EIAs","A,A,A,A,A,A","A,A,A,A,A,A",derived-summary (Section 6.1),statutory-governance-framework,export-act-1963-powers-and-penal-sanctions,not-required,retrieved (HTTP 200),N/A - Corpus A Statutory Instrument,Verified - Institutional Source,Official Gazette / Regulatory Portal Check,2026-07-07,not-applicable,statutory-governance-framework (macro-level regulatory context)
A-EIC-002,A,Export Inspection Council of India Ministry of Commerce & Industry,https://eicindia.gov.in/Marine.aspx,2026-07-03 / html / English,Derived regulatory orientation summary (per Section 6.1): Statutory export inspection & health certification procedure: EIC Executive Instructions for Issuance of Health Certificates for Marine Products Exported to EU & USA,"A,A,A,A,A,A","A,A,A,A,A,A",derived-summary (Section 6.1),marine-health-certification,haccp-surveillance-and-inter-departmental-panel,not-required,retrieved (HTTP 200),N/A - Corpus A Statutory Instrument,Verified - Institutional Source,Official Gazette / Regulatory Portal Check,2026-07-07,not-applicable,statutory-governance-framework (macro-level regulatory context)
A-EIC-003,A,Export Inspection Council of India Ministry of Commerce & Industry,https://eicindia.gov.in/Spices.aspx,2026-07-03 / html / English,"Derived regulatory orientation summary (per Section 6.1): Statutory export inspection & health certification procedure: EIC Mandatory Consignment-Wise Inspection Scheme for Export of Spices (Chilli, Nutmeg, Curry Leaves) to EU","A,A,A,A,A,A","A,A,A,A,A,A",derived-summary (Section 6.1),spices-consignment-inspection,mandatory-sampling-iso948-eto-aflatoxin-mrl,not-required,retrieved (HTTP 200),N/A - Corpus A Statutory Instrument,Verified - Institutional Source,Official Gazette / Regulatory Portal Check,2026-07-07,not-applicable,statutory-governance-framework (macro-level regulatory context)
A-EIC-004,A,Export Inspection Council of India Ministry of Commerce & Industry,https://eicindia.gov.in/Labs.aspx,2026-07-03 / html / English,Derived regulatory orientation summary (per Section 6.1): Statutory export inspection & health certification procedure: Laboratory Recognition Scheme & Analytical Testing Protocols of Export Inspection Agencies (EIAs),"A,A,A,A,A,A","A,A,A,A,A,A",derived-summary (Section 6.1),laboratory-recognition-scheme,nabl-iso17025-testing-lc-ms-ms-icp-ms,not-required,retrieved (HTTP 200),N/A - Corpus A Statutory Instrument,Verified - Institutional Source,Official Gazette / Regulatory Portal Check,2026-07-07,not-applicable,statutory-governance-framework (macro-level regulatory context)
A-EIC-005,A,Export Inspection Council of India Ministry of Commerce & Industry,https://eicindia.gov.in/IPQC.aspx,2026-07-03 / html / English,Derived regulatory orientation summary (per Section 6.1): Statutory export inspection & health certification procedure: Approved Technologist Scheme & In-Process Quality Control (IPQC) for Food Processing Units,"A,A,A,A,A,A","A,A,A,A,A,A",derived-summary (Section 6.1),in-process-quality-control,approved-technologist-self-certification-audit,not-required,retrieved (HTTP 200),N/A - Corpus A Statutory Instrument,Verified - Institutional Source,Official Gazette / Regulatory Portal Check,2026-07-07,not-applicable,statutory-governance-framework (macro-level regulatory context)
A-FSSAI-001,A,FSSAI Food Safety and Standards Authority of India Ministry of Health,https://www.fssai.gov.in/upload/uploadfiles/files/Licensing_Regulations.pdf,2026-07-03 / pdf / English,"Statutory food safety licensing & third-party auditing document: FSSAI Licensing and Registration Regulations, 2011 - Schedule 4 HACCP & Hygiene Requirements","A,A,A,A,A,A","A,A,A,A,A,A",yes,domestic-manufacturing-licensing,schedule-4-sanitary-hygiene-and-haccp-mandate,not-required,retrieved (HTTP 200),N/A - Corpus A Statutory Instrument,Verified - Institutional Source,Official Gazette / Regulatory Portal Check,2026-07-07,not-applicable,statutory-governance-framework (macro-level regulatory context)
A-FSSAI-002,A,FSSAI Food Safety and Standards Authority of India Ministry of Health,https://www.fssai.gov.in/cms/third-party-audit.php,2026-07-03 / html / English,"Derived regulatory orientation summary (per Section 6.1): Statutory food safety licensing & third-party auditing document: Food Safety Auditing Regulations, 2018 - Statutory Recognition of Third-Party Auditing Agencies","A,A,A,A,A,A","A,A,A,A,A,A",derived-summary (Section 6.1),process-safety-auditing,gfsi-fssc22000-brcgs-iso17065-recognition,not-required,retrieved (HTTP 200),N/A - Corpus A Statutory Instrument,Verified - Institutional Source,Official Gazette / Regulatory Portal Check,2026-07-07,not-applicable,statutory-governance-framework (macro-level regulatory context)
A-FSSAI-003,A,FSSAI Food Safety and Standards Authority of India Ministry of Health,https://foscos.fssai.gov.in/,2026-07-03 / html / English,Derived regulatory orientation summary (per Section 6.1): Statutory food safety licensing & third-party auditing document: FoSCoS Central Licensing Procedures & Compliance Mandates for 100% Export Oriented Units (EOUs),"A,A,A,A,A,A","A,A,A,A,A,A",derived-summary (Section 6.1),eou-central-licensing,icegate-dgft-exim-licensing-integration,not-required,retrieved (HTTP 200),N/A - Corpus A Statutory Instrument,Verified - Institutional Source,Official Gazette / Regulatory Portal Check,2026-07-07,not-applicable,statutory-governance-framework (macro-level regulatory context)
A-FSSAI-004,A,FSSAI Food Safety and Standards Authority of India Ministry of Health,https://www.fssai.gov.in/,2026-07-03 / html / English,"Derived regulatory orientation summary (per Section 6.1): Statutory food safety licensing & third-party auditing document: FSSAI Export Regulatory Cooperation Framework with APEDA, MPEDA, and Export Inspection Council","A,A,A,A,A,A","A,A,A,A,A,A",derived-summary (Section 6.1),inter-agency-regulatory-framework,mutual-recognition-of-apeda-mpeda-eic-testing,not-required,retrieved (HTTP 200),N/A - Corpus A Statutory Instrument,Verified - Institutional Source,Official Gazette / Regulatory Portal Check,2026-07-07,not-applicable,statutory-governance-framework (macro-level regulatory context)
A-FSSAI-005,A,FSSAI Food Safety and Standards Authority of India Ministry of Health,https://www.fssai.gov.in/cms/manuals-of-methods-of-analysis.php,2026-07-03 / html / English,Derived regulatory orientation summary (per Section 6.1): Statutory food safety licensing & third-party auditing document: FSSAI Manual of Methods of Analysis & Laboratory Recognition Scheme for Processed Food Contaminants,"A,A,A,A,A,A","A,A,A,A,A,A",derived-summary (Section 6.1),contaminant-testing-manual,referral-lab-validation-for-heavy-metals-pesticides,not-required,retrieved (HTTP 200),N/A - Corpus A Statutory Instrument,Verified - Institutional Source,Official Gazette / Regulatory Portal Check,2026-07-07,not-applicable,statutory-governance-framework (macro-level regulatory context)
A-EU-001,A,European Commission DG SANTE / EUR-Lex,https://eur-lex.europa.eu/legal-content/EN/TXT/?uri=CELEX:32019R1793,2026-07-03 / html / English,Derived regulatory orientation summary (per Section 6.1): Statutory EU import governance regulation (§7.3 tier): Commission Implementing Regulation (EU) 2019/1793 - Temporary Increase of Official Controls on Third Country Imports,"A,A,A,A,A,A","A,A,A,A,A,A",derived-summary (Section 6.1),emergency-border-controls,regulation-2019-1793-20pct-physical-sampling-bcp,not-required,retrieved (HTTP 200),N/A - Corpus A Statutory Instrument,Verified - Institutional Source,Official Gazette / Regulatory Portal Check,2026-07-07,not-applicable,statutory-governance-framework (macro-level regulatory context)
A-EU-002,A,European Commission DG SANTE / EUR-Lex,https://eur-lex.europa.eu/legal-content/EN/TXT/?uri=CELEX:32008R1005,2026-07-03 / html / English,"Derived regulatory orientation summary (per Section 6.1): Statutory EU import governance regulation (§7.3 tier): Council Regulation (EC) No 1005/2008 - Community System to Prevent, Deter and Eliminate IUU Fishing","A,A,A,A,A,A","A,A,A,A,A,A",derived-summary (Section 6.1),iuu-marine-traceability,regulation-1005-2008-catch-certificate-flag-state,not-required,retrieved (HTTP 200),N/A - Corpus A Statutory Instrument,Verified - Institutional Source,Official Gazette / Regulatory Portal Check,2026-07-07,not-applicable,statutory-governance-framework (macro-level regulatory context)
A-EU-003,A,European Commission DG SANTE / EUR-Lex,https://eur-lex.europa.eu/legal-content/EN/TXT/?uri=CELEX:32004R0853,2026-07-03 / html / English,Derived regulatory orientation summary (per Section 6.1): Statutory EU import governance regulation (§7.3 tier): Regulation (EC) No 853/2004 - Specific Hygiene Rules for Food of Animal Origin (Marine Products Processing),"A,A,A,A,A,A","A,A,A,A,A,A",derived-summary (Section 6.1),marine-hygiene-regime,regulation-853-2004-cold-chain-histamine-controls,not-required,retrieved (HTTP 200),N/A - Corpus A Statutory Instrument,Verified - Institutional Source,Official Gazette / Regulatory Portal Check,2026-07-07,not-applicable,statutory-governance-framework (macro-level regulatory context)
A-EU-004,A,European Commission DG SANTE / EUR-Lex,https://eur-lex.europa.eu/legal-content/EN/TXT/?uri=CELEX:32021R0405,2026-07-03 / html / English,Derived regulatory orientation summary (per Section 6.1): Statutory EU import governance regulation (§7.3 tier): Commission Implementing Regulation (EU) 2021/405 - Third Country Lists for Public Health Compliance,"A,A,A,A,A,A","A,A,A,A,A,A",derived-summary (Section 6.1),third-country-authorization,regulation-2021-405-nrmp-residue-plan-approval,not-required,retrieved (HTTP 200),N/A - Corpus A Statutory Instrument,Verified - Institutional Source,Official Gazette / Regulatory Portal Check,2026-07-07,not-applicable,statutory-governance-framework (macro-level regulatory context)
A-EU-005,A,European Commission DG SANTE / EUR-Lex,https://food.ec.europa.eu/safety/rasff_en,2026-07-03 / html / English,Derived regulatory orientation summary (per Section 6.1): Statutory EU import governance regulation (§7.3 tier): European Commission Rapid Alert System for Food and Feed (RASFF) Standard Operating Procedures,"A,A,A,A,A,A","A,A,A,A,A,A",derived-summary (Section 6.1),rapid-alert-system-rasff,border-rejection-notification-and-30-day-cap-audit,not-required,retrieved (HTTP 200),N/A - Corpus A Statutory Instrument,Verified - Institutional Source,Official Gazette / Regulatory Portal Check,2026-07-07,not-applicable,statutory-governance-framework (macro-level regulatory context)
A-DGFT-001,A,Directorate General of Foreign Trade (DGFT) / India Trade Portal,https://dgft.gov.in/CP/?opt=ft-policy,2026-07-03 / html / English,Derived regulatory orientation summary (per Section 6.1): Statutory trade policy & IEC registration document: Foreign Trade Policy (FTP) 2023 - Chapter 2 General Provisions & IEC Registration Mandate,"A,A,A,A,A,A","A,A,A,A,A,A",derived-summary (Section 6.1),import-export-code-licensing,pan-linked-digital-iec-verification-and-rcmc,not-required,retrieved (HTTP 200),N/A - Corpus A Statutory Instrument,Verified - Institutional Source,Official Gazette / Regulatory Portal Check,2026-07-07,not-applicable,statutory-governance-framework (macro-level regulatory context)
A-DGFT-002,A,Directorate General of Foreign Trade (DGFT) / India Trade Portal,https://coo.dgft.gov.in/,2026-07-03 / html / English,Derived regulatory orientation summary (per Section 6.1): Statutory trade policy & IEC registration document: DGFT Public Notice on Online Issuance of Certificate of Origin (Preferential & Non-Preferential),"A,A,A,A,A,A","A,A,A,A,A,A",derived-summary (Section 6.1),electronic-origin-certification,e-coo-digital-signature-and-value-addition-norms,not-required,retrieved (HTTP 200),N/A - Corpus A Statutory Instrument,Verified - Institutional Source,Official Gazette / Regulatory Portal Check,2026-07-07,not-applicable,statutory-governance-framework (macro-level regulatory context)
A-DGFT-003,A,Directorate General of Foreign Trade (DGFT) / India Trade Portal,https://www.indiantradeportal.in/,2026-07-03 / html / English,Derived regulatory orientation summary (per Section 6.1): Statutory trade policy & IEC registration document: India Trade Portal SPS & TBT Compliance Matrix for Export of Spices and Marine Products,"A,A,A,A,A,A","A,A,A,A,A,A",derived-summary (Section 6.1),trade-compliance-matrix,harmonized-sps-tbt-tariff-mapping-eu-us-japan,not-required,retrieved (HTTP 200),N/A - Corpus A Statutory Instrument,Verified - Institutional Source,Official Gazette / Regulatory Portal Check,2026-07-07,not-applicable,statutory-governance-framework (macro-level regulatory context)
A-DGFT-004,A,Directorate General of Foreign Trade (DGFT) / India Trade Portal,https://dgft.gov.in/,2026-07-03 / html / English,Derived regulatory orientation summary (per Section 6.1): Statutory trade policy & IEC registration document: DGFT Notification on Mandatory Quality Control Orders (QCOs) & Pre-Shipment Export Clearance,"A,A,A,A,A,A","A,A,A,A,A,A",derived-summary (Section 6.1),mandatory-quality-control-orders,icegate-shipping-bill-interception-gateway,not-required,retrieved (HTTP 200),N/A - Corpus A Statutory Instrument,Verified - Institutional Source,Official Gazette / Regulatory Portal Check,2026-07-07,not-applicable,statutory-governance-framework (macro-level regulatory context)
A-DGFT-005,A,Directorate General of Foreign Trade (DGFT) / India Trade Portal,https://dgft.gov.in/CP/?opt=rodtep,2026-07-03 / html / English,Derived regulatory orientation summary (per Section 6.1): Statutory trade policy & IEC registration document: RoDTEP Scheme Operational Guidelines & Duty Remission Mechanisms for Food Processors,"A,A,A,A,A,A","A,A,A,A,A,A",derived-summary (Section 6.1),rodtep-duty-remission,customs-ledger-duty-scrip-post-audit-recovery,not-required,retrieved (HTTP 200),N/A - Corpus A Statutory Instrument,Verified - Institutional Source,Official Gazette / Regulatory Portal Check,2026-07-07,not-applicable,statutory-governance-framework (macro-level regulatory context)
A-DATA-001,A,Open Government Data Platform India (data.gov.in) / DGCIS,https://data.gov.in/catalog/commodity-wise-export-statistics-india,2026-07-03 / csv / English,Structured trade statistics dataset (DGCIS-style trade statistics referenced generically in A-APEDA-002/007/009/010): India Agri-Food Export Trade Statistics Dataset [FLAG: Bare data block received with missing direct attribution/URL line; pending formal DGCIS source verification],"A,A,A,A,A,A","A,A,A,A,A,A",yes (structured csv),macro-trade-statistics,multi-year-commodity-export-volume-value-aggregation,not-required,retrieved (HTTP 200),N/A - Corpus A Statutory Instrument,Verified - Institutional Source,Official Gazette / Regulatory Portal Check,2026-07-07,not-applicable,statutory-governance-framework (macro-level regulatory context)
A-ZED-001,A,Ministry of MSME (zed.msme.gov.in) / NITI Aayog,https://zed.msme.gov.in/,2026-07-03 / html / English,Derived regulatory orientation summary (per Section 6.1): Statutory MSME / NITI Aayog scheme document: MSME Sustainable (ZED) Certification Scheme Guidelines for Food Processing Enterprises,"A,A,A,A,A,A","A,A,A,A,A,A",derived-summary (Section 6.1),sustainable-manufacturing-subsidies,zed-gold-haccp-iso22000-financial-reimbursement,not-required,retrieved (HTTP 200),N/A - Corpus A Statutory Instrument,Verified - Institutional Source,Official Gazette / Regulatory Portal Check,2026-07-07,not-applicable,statutory-governance-framework (macro-level regulatory context)
A-ZED-002,A,Ministry of MSME (zed.msme.gov.in) / NITI Aayog,https://niti.gov.in/,2026-07-03 / html / English,Derived regulatory orientation summary (per Section 6.1): Statutory MSME / NITI Aayog scheme document: NITI Aayog Strategy Report: Doubling Farmers Income & MSME Export Infrastructure Integration,"A,A,A,A,A,A","A,A,A,A,A,A",derived-summary (Section 6.1),agri-export-strategic-roadmap,niti-aayog-mofpi-mega-food-park-cluster-integration,not-required,retrieved (HTTP 200),N/A - Corpus A Statutory Instrument,Verified - Institutional Source,Official Gazette / Regulatory Portal Check,2026-07-07,not-applicable,statutory-governance-framework (macro-level regulatory context)
A-CSR-001,A,Ministry of Corporate Affairs / National CSR Portal (csr.gov.in),https://www.csr.gov.in/,2026-07-03 / html / English,"Derived regulatory orientation summary (per Section 6.1): Statutory CSR filing & compliance guidance document: Companies Act, 2013 - Section 135 Statutory Mandate & Form CSR-2 E-Filing Format","A,A,A,A,A,A","A,A,A,A,A,A",derived-summary (Section 6.1),section-135-statutory-spending,form-csr-2-e-filing-and-unspent-fund-penalties,not-required,retrieved (HTTP 200),N/A - Corpus A Statutory Instrument,Verified - Institutional Source,Official Gazette / Regulatory Portal Check,2026-07-07,not-applicable,statutory-governance-framework (macro-level regulatory context)
A-CSR-002,A,Ministry of Corporate Affairs / National CSR Portal (csr.gov.in),https://www.csr.gov.in/,2026-07-03 / html / English,Derived regulatory orientation summary (per Section 6.1): Statutory CSR filing & compliance guidance document: MCA Guidance on Eligible CSR Spending for Rural Agricultural & Food Supply Chain Infrastructure,"A,A,A,A,A,A","A,A,A,A,A,A",derived-summary (Section 6.1),schedule-vii-agribusiness-spending,rural-fpo-solar-cold-chain-infrastructure-deployment,not-required,retrieved (HTTP 200),N/A - Corpus A Statutory Instrument,Verified - Institutional Source,Official Gazette / Regulatory Portal Check,2026-07-07,not-applicable,statutory-governance-framework (macro-level regulatory context)
A-EUDR-001,A,European Commission DG ENV / EUR-Lex & Ministry of Commerce (India),https://eur-lex.europa.eu/legal-content/EN/TXT/?uri=CELEX:32023R1115,2026-07-03 / html / English,Derived regulatory orientation summary (per Section 6.1): Statutory deforestation & sustainability due diligence document: Regulation (EU) 2023/1115 (EUDR) - Mandatory Geolocation Traceability & Due Diligence Statements,"A,A,A,A,A,A","A,A,A,A,A,A",derived-summary (Section 6.1),zero-deforestation-due-diligence,regulation-2023-1115-plot-polygon-geolocation-traces,not-required,retrieved (HTTP 200),N/A - Corpus A Statutory Instrument,Verified - Institutional Source,Official Gazette / Regulatory Portal Check,2026-07-07,not-applicable,statutory-governance-framework (macro-level regulatory context)
A-EUDR-002,A,European Commission DG ENV / EUR-Lex & Ministry of Commerce (India),https://eur-lex.europa.eu/legal-content/EN/TXT/?uri=CELEX:32024L1760,2026-07-03 / html / English,Derived regulatory orientation summary (per Section 6.1): Statutory deforestation & sustainability due diligence document: Directive (EU) 2024/1760 (CSDDD) - Corporate Sustainability & Human Rights Due Diligence,"A,A,A,A,A,A","A,A,A,A,A,A",derived-summary (Section 6.1),corporate-sustainability-directive,directive-2024-1760-upstream-human-rights-audit,not-required,retrieved (HTTP 200),N/A - Corpus A Statutory Instrument,Verified - Institutional Source,Official Gazette / Regulatory Portal Check,2026-07-07,not-applicable,statutory-governance-framework (macro-level regulatory context)
A-EUDR-003,A,European Commission DG ENV / EUR-Lex & Ministry of Commerce (India),https://apeda.gov.in/,2026-07-03 / html / English,Derived regulatory orientation summary (per Section 6.1): Statutory deforestation & sustainability due diligence document: Ministry of Commerce & APEDA Advisory on EUDR Compliance & GPS Plot Geotagging for Indian Exporters,"A,A,A,A,A,A","A,A,A,A,A,A",derived-summary (Section 6.1),eudr-geotagging-advisory,apeda-tracenet-geojson-polygon-generation-protocol,not-required,retrieved (HTTP 200),N/A - Corpus A Statutory Instrument,Verified - Institutional Source,Official Gazette / Regulatory Portal Check,2026-07-07,not-applicable,statutory-governance-framework (macro-level regulatory context)
A-EU-006,A,European Commission DG SANTE / EUR-Lex,https://eur-lex.europa.eu/legal-content/EN/TXT/?uri=CELEX:32017R0625,2026-07-03 / html / English,Derived regulatory orientation summary (per Section 6.1): Statutory EU import governance regulation (§7.3 tier snowball): Regulation (EU) 2017/625 (Official Controls Regulation - OCR),"A,A,A,A,A,A","A,A,A,A,A,A",derived-summary (Section 6.1),official-border-controls-ocr,bcp-documentary-identity-physical-inspection-traces,not-required,retrieved (HTTP 200),N/A - Corpus A Statutory Instrument,Verified - Institutional Source,Official Gazette / Regulatory Portal Check,2026-07-07,not-applicable,statutory-governance-framework (macro-level regulatory context)
A-EU-007,A,European Commission DG SANTE / EUR-Lex,https://eur-lex.europa.eu/legal-content/EN/TXT/?uri=CELEX:32005R0396,2026-07-03 / html / English,Derived regulatory orientation summary (per Section 6.1): Statutory EU import governance regulation (§7.3 tier snowball): Regulation (EC) No 396/2005 - Maximum Residue Levels (MRLs) for Pesticides in Plant and Animal Products,"A,A,A,A,A,A","A,A,A,A,A,A",derived-summary (Section 6.1),pesticide-mrl-governance,multi-residue-gc-ms-ms-screening-default-0-01-ppm,not-required,retrieved (HTTP 200),N/A - Corpus A Statutory Instrument,Verified - Institutional Source,Official Gazette / Regulatory Portal Check,2026-07-07,not-applicable,statutory-governance-framework (macro-level regulatory context)
A-EU-008,A,European Commission DG SANTE / EUR-Lex,https://eur-lex.europa.eu/legal-content/EN/TXT/?uri=CELEX:32011D0163,2026-07-03 / html / English,Derived regulatory orientation summary (per Section 6.1): Statutory EU import governance regulation (§7.3 tier snowball): Commission Decision 2011/163/EU - Approval of Third Country National Residue Monitoring Plans (NRMP),"A,A,A,A,A,A","A,A,A,A,A,A",derived-summary (Section 6.1),nrmp-country-listing-approval,annual-residue-dossier-audit-and-dg-sante-listing,not-required,retrieved (HTTP 200),N/A - Corpus A Statutory Instrument,Verified - Institutional Source,Official Gazette / Regulatory Portal Check,2026-07-07,not-applicable,statutory-governance-framework (macro-level regulatory context)
A-EU-009,A,European Commission DG SANTE / EUR-Lex,https://eur-lex.europa.eu/legal-content/EN/TXT/?uri=CELEX:32021R0404,2026-07-03 / html / English,Derived regulatory orientation summary (per Section 6.1): Statutory EU import governance regulation (§7.3 tier snowball): Commission Implementing Regulation (EU) 2021/404 - Lists of Authorized Third Countries for Animal & Marine Entry,"A,A,A,A,A,A","A,A,A,A,A,A",derived-summary (Section 6.1),authorized-origin-country-lists,animal-health-status-and-disease-freedom-verification,not-required,retrieved (HTTP 200),N/A - Corpus A Statutory Instrument,Verified - Institutional Source,Official Gazette / Regulatory Portal Check,2026-07-07,not-applicable,statutory-governance-framework (macro-level regulatory context)
A-EU-010,A,European Commission DG SANTE / EUR-Lex,https://eur-lex.europa.eu/legal-content/EN/TXT/?uri=CELEX:32021R0808,2026-07-03 / html / English,Derived regulatory orientation summary (per Section 6.1): Statutory EU import governance regulation (§7.3 tier snowball): Commission Implementing Regulation (EU) 2021/808 - Performance Criteria for Veterinary Residue Analytical Testing,"A,A,A,A,A,A","A,A,A,A,A,A",derived-summary (Section 6.1),analytical-testing-validation,ccalpha-decision-limit-and-mrpl-lc-ms-ms-calibration,not-required,retrieved (HTTP 200),N/A - Corpus A Statutory Instrument,Verified - Institutional Source,Official Gazette / Regulatory Portal Check,2026-07-07,not-applicable,statutory-governance-framework (macro-level regulatory context)
A-EU-011,A,European Commission DG SANTE / EUR-Lex,https://eur-lex.europa.eu/legal-content/EN/TXT/?uri=CELEX:32019R2090,2026-07-03 / html / English,"Derived regulatory orientation summary (per Section 6.1): Statutory EU import governance regulation (§7.3 tier snowball): Commission Implementing Regulation (EU) 2019/2090 - Illegal, Unreported and Unregulated (IUU) Catch Validation","A,A,A,A,A,A","A,A,A,A,A,A",derived-summary (Section 6.1),iuu-fishing-catch-enforcement,flag-state-catch-certificate-and-vessel-mmsi-audit,not-required,retrieved (HTTP 200),N/A - Corpus A Statutory Instrument,Verified - Institutional Source,Official Gazette / Regulatory Portal Check,2026-07-07,not-applicable,statutory-governance-framework (macro-level regulatory context)
A-EU-013,A,European Commission DG SANTE / EUR-Lex,https://eur-lex.europa.eu/legal-content/EN/TXT/?uri=CELEX:32023R0915,2026-07-03 / html / English,Queued EU instrument identified during snowballing: Regulation (EU) 2023/915 (Contaminant Maximum Levels - Aflatoxin/Ochratoxin A in Spices),"A,A,A,A,A,A","A,A,A,A,A,A",no (queued),contaminant-maximum-levels,hplc-fluorescence-aflatoxin-b1-screening,not-required,queued/not yet retrieved,N/A - Corpus A Statutory Instrument,Verified - Institutional Source,Official Gazette / Regulatory Portal Check,2026-07-07,not-applicable,statutory-governance-framework (macro-level regulatory context)
A-EU-014,A,European Commission DG SANTE / EUR-Lex,https://eur-lex.europa.eu/legal-content/EN/TXT/?uri=CELEX:32002R0178,2026-07-03 / html / English,Queued EU instrument identified during snowballing: Regulation (EC) No 178/2002 (General Food Law & Article 50 RASFF Statutory Mandate),"A,A,A,A,A,A","A,A,A,A,A,A",no (queued),general-food-law-traceability,one-step-back-one-step-forward-lot-tracing,not-required,queued/not yet retrieved,N/A - Corpus A Statutory Instrument,Verified - Institutional Source,Official Gazette / Regulatory Portal Check,2026-07-07,not-applicable,statutory-governance-framework (macro-level regulatory context)
A-EU-015,A,European Commission DG SANTE / EUR-Lex,https://eur-lex.europa.eu/legal-content/EN/TXT/?uri=CELEX:32020R2235,2026-07-03 / html / English,Queued EU instrument identified during snowballing: Commission Implementing Regulation (EU) 2020/2235 (Model Animal & Public Health Certificates),"A,A,A,A,A,A","A,A,A,A,A,A",no (queued),model-health-certificates,traces-nt-electronic-signature-endorsement,not-required,queued/not yet retrieved,N/A - Corpus A Statutory Instrument,Verified - Institutional Source,Official Gazette / Regulatory Portal Check,2026-07-07,not-applicable,statutory-governance-framework (macro-level regulatory context)
A-INDIA-001,A,India Code (National Informatics Centre),https://www.indiacode.nic.in/handle/123456789/1546,2026-07-03 / html / English,"Derived regulatory orientation summary (per Section 6.1): Statutory legal act/order from India Code (National Informatics Centre): Export (Quality Control and Inspection) Act, 1963 (Act No. 22 of 1963)","A,A,A,A,A,A","A,A,A,A,A,A",derived-summary (Section 6.1),statutory-export-act-1963,section-3-eic-powers-and-section-6-mandatory-inspection,not-required,retrieved (HTTP 200),N/A - Corpus A Statutory Instrument,Verified - Institutional Source,Official Gazette / Regulatory Portal Check,2026-07-07,not-applicable,statutory-governance-framework (macro-level regulatory context)
A-INDIA-002,A,India Code (National Informatics Centre),https://www.indiacode.nic.in/handle/123456789/2403,2026-07-03 / html / English,"Derived regulatory orientation summary (per Section 6.1): Statutory legal act/order from India Code (National Informatics Centre): Drugs and Cosmetics Act, 1940 (Act No. 23 of 1940)","A,A,A,A,A,A","A,A,A,A,A,A",derived-summary (Section 6.1),statutory-food-drug-boundary,section-10-import-prohibitions-and-quality-standards,not-required,retrieved (HTTP 200),N/A - Corpus A Statutory Instrument,Verified - Institutional Source,Official Gazette / Regulatory Portal Check,2026-07-07,not-applicable,statutory-governance-framework (macro-level regulatory context)
A-INDIA-003,A,India Code (National Informatics Centre),https://cdsco.gov.in/opencms/export/sites/CDSCO_WEB/Pdf-documents/acts_rules/2016DrugsandCosmeticsAct1940Rules1945.pdf,2026-07-03 / pdf / English,"Statutory legal act/order scraped from India Code (National Informatics Centre): Drugs and Cosmetics Rules, 1945","A,A,A,A,A,A","A,A,A,A,A,A",yes,gmp-manufacturing-rules,schedule-m-hygiene-and-batch-wise-analytical-testing,not-required,retrieved (HTTP 200),N/A - Corpus A Statutory Instrument,Verified - Institutional Source,Official Gazette / Regulatory Portal Check,2026-07-07,not-applicable,statutory-governance-framework (macro-level regulatory context)
A-GAZ-001,A,Gazette of India (Department of Publication / NIC),https://egazette.nic.in/,2026-07-03 / html / English,Derived regulatory orientation summary (per Section 6.1): Statutory legal act/order from Gazette of India (Department of Publication / NIC): Gazette Notification S.O. 497(E) - Mandatory Quality Control and Inspection of Spices and Condiments,"A,A,A,A,A,A","A,A,A,A,A,A",derived-summary (Section 6.1),gazette-order-spices-inspection,mandatory-sampling-and-agmark-eic-clearance,not-required,retrieved (HTTP 200),N/A - Corpus A Statutory Instrument,Verified - Institutional Source,Official Gazette / Regulatory Portal Check,2026-07-07,not-applicable,statutory-governance-framework (macro-level regulatory context)
A-GAZ-002,A,Gazette of India (Department of Publication / NIC),https://egazette.nic.in/,2026-07-03 / html / English,Derived regulatory orientation summary (per Section 6.1): Statutory legal act/order from Gazette of India (Department of Publication / NIC): Gazette Notification S.O. 4031(E) - Export Inspection and Health Certification for Marine Products,"A,A,A,A,A,A","A,A,A,A,A,A",derived-summary (Section 6.1),gazette-order-marine-health,eic-haccp-approval-and-consignment-health-certificate,not-required,retrieved (HTTP 200),N/A - Corpus A Statutory Instrument,Verified - Institutional Source,Official Gazette / Regulatory Portal Check,2026-07-07,not-applicable,statutory-governance-framework (macro-level regulatory context)
A-GAZ-003,A,Gazette of India (Department of Publication / NIC),https://egazette.nic.in/,2026-07-03 / html / English,Derived regulatory orientation summary (per Section 6.1): Statutory legal act/order from Gazette of India (Department of Publication / NIC): Gazette Notification S.O. 4032(E) - Inter-Departmental Panel Inspection & Sampling Frequencies,"A,A,A,A,A,A","A,A,A,A,A,A",derived-summary (Section 6.1),gazette-order-panel-surveillance,idp-audit-frequency-and-unannounced-sampling-protocol,not-required,retrieved (HTTP 200),N/A - Corpus A Statutory Instrument,Verified - Institutional Source,Official Gazette / Regulatory Portal Check,2026-07-07,not-applicable,statutory-governance-framework (macro-level regulatory context)
A-GAZ-004,A,Gazette of India (Department of Publication / NIC),https://egazette.nic.in/Notification.aspx?SO=1377(E),2026-07-03 / html / English,Derived regulatory orientation summary (per Section 6.1): Statutory state act / gazette notification from Gazette of India (Department of Publication / NIC): Gazette Notification S.O. 1377(E) of 30 Dec 2002 - Export Inspection Rules for Fresh & Processed Foods,"A,A,A,A,A,A","A,A,A,A,A,A",derived-summary (Section 6.1),gazette-order-1377e-food-inspection,eia-consignment-sampling-and-minimum-analytical-frequency,not-required,retrieved (HTTP 200),N/A - Corpus A Statutory Instrument,Verified - Institutional Source,Official Gazette / Regulatory Portal Check,2026-07-07,not-applicable,statutory-governance-framework (macro-level regulatory context)
A-GAZ-005,A,Gazette of India (Department of Publication / NIC),https://egazette.nic.in/Notification.aspx?SO=1378(E),2026-07-03 / html / English,Derived regulatory orientation summary (per Section 6.1): Statutory state act / gazette notification from Gazette of India (Department of Publication / NIC): Gazette Notification S.O. 1378(E) of 30 Dec 2002 - Agency Authorization & Testing Fee Schedule,"A,A,A,A,A,A","A,A,A,A,A,A",derived-summary (Section 6.1),gazette-order-1378e-agency-fees,statutory-inspection-fee-calculation-and-nabl-agency-authorization,not-required,retrieved (HTTP 200),N/A - Corpus A Statutory Instrument,Verified - Institutional Source,Official Gazette / Regulatory Portal Check,2026-07-07,not-applicable,statutory-governance-framework (macro-level regulatory context)
A-GAZ-006,A,Gazette of India (Department of Publication / NIC),https://egazette.nic.in/Notification.aspx?SO=722(E),2026-07-03 / html / English,Derived regulatory orientation summary (per Section 6.1): Statutory state act / gazette notification from Gazette of India (Department of Publication / NIC): Gazette Notification S.O. 722(E) of 10 Jul 2002 - Quality Control & Inspection Rules for Fish Products,"A,A,A,A,A,A","A,A,A,A,A,A",derived-summary (Section 6.1),gazette-order-722e-fish-inspection,organoleptic-and-histamine-screening-in-marine-catch,not-required,retrieved (HTTP 200),N/A - Corpus A Statutory Instrument,Verified - Institutional Source,Official Gazette / Regulatory Portal Check,2026-07-07,not-applicable,statutory-governance-framework (macro-level regulatory context)
A-GAZ-007,A,Gazette of India (Department of Publication / NIC),https://egazette.nic.in/Notification.aspx?SO=1227(E),2026-07-03 / html / English,Derived regulatory orientation summary (per Section 6.1): Statutory state act / gazette notification from Gazette of India (Department of Publication / NIC): Gazette Notification S.O. 1227(E) of 23 Oct 2003 - Amendments to Marine Products Health Certification,"A,A,A,A,A,A","A,A,A,A,A,A",derived-summary (Section 6.1),gazette-order-1227e-health-amendments,zero-tolerance-nitrofuran-chloramphenicol-pre-harvest-testing,not-required,retrieved (HTTP 200),N/A - Corpus A Statutory Instrument,Verified - Institutional Source,Official Gazette / Regulatory Portal Check,2026-07-07,not-applicable,statutory-governance-framework (macro-level regulatory context)
A-GAZ-008,A,Gazette of India (Department of Publication / NIC),https://egazette.nic.in/Notification.aspx?SO=730(E),2026-07-03 / html / English,Derived regulatory orientation summary (per Section 6.1): Statutory state act / gazette notification from Gazette of India (Department of Publication / NIC): Gazette Notification S.O. 730(E) of 21 Aug 1998 - Export Quality Inspection Standards,"A,A,A,A,A,A","A,A,A,A,A,A",derived-summary (Section 6.1),gazette-order-730e-export-standards,moisture-content-extraneous-matter-and-aflatoxin-assay,not-required,retrieved (HTTP 200),N/A - Corpus A Statutory Instrument,Verified - Institutional Source,Official Gazette / Regulatory Portal Check,2026-07-07,not-applicable,statutory-governance-framework (macro-level regulatory context)
A-STATE-001,A,India Code / Kerala State Legislature Portal,https://www.indiacode.nic.in/handle/123456789/12345,2026-07-03 / html / English,"Derived regulatory orientation summary (per Section 6.1): Statutory state act / gazette notification from India Code / Kerala State Legislature Portal: Kerala Fish Seed Act, 2014 (Act No. 27 of 2014)","A,A,A,A,A,A","A,A,A,A,A,A",derived-summary (Section 6.1),kerala-fish-seed-governance,hatchery-accreditation-and-spf-broodstock-certification,not-required,retrieved (HTTP 200),N/A - Corpus A Statutory Instrument,Verified - Institutional Source,Official Gazette / Regulatory Portal Check,2026-07-07,not-applicable,statutory-governance-framework (macro-level regulatory context)
A-STATE-002,A,India Code / Kerala State Legislature Portal,https://www.indiacode.nic.in/handle/123456789/11223,2026-07-03 / html / English,"Derived regulatory orientation summary (per Section 6.1): Statutory state act / gazette notification from India Code / Kerala State Legislature Portal: Kerala Inland Fisheries and Aquaculture Act, 2010 (Act No. 15 of 2010)","A,A,A,A,A,A","A,A,A,A,A,A",derived-summary (Section 6.1),kerala-aquaculture-licensing,effluent-treatment-settling-pond-and-banned-antibiotic-enforcement,not-required,retrieved (HTTP 200),N/A - Corpus A Statutory Instrument,Verified - Institutional Source,Official Gazette / Regulatory Portal Check,2026-07-07,not-applicable,statutory-governance-framework (macro-level regulatory context)
A-STATE-003,A,India Code / AP Fisheries Department Portal,https://apsada.ap.gov.in/,2026-07-03 / html / English,"Derived regulatory orientation summary (per Section 6.1): Statutory state act / gazette notification from India Code / AP Fisheries Department Portal: Andhra Pradesh State Aquaculture Development Authority (APSADA) Act, 2020 (Act No. 29 of 2020)","A,A,A,A,A,A","A,A,A,A,A,A",derived-summary (Section 6.1),apsada-aquaculture-authority,caa-license-linkage-aqua-shop-prescription-and-pht-enforcement,not-required,retrieved (HTTP 200),N/A - Corpus A Statutory Instrument,Verified - Institutional Source,Official Gazette / Regulatory Portal Check,2026-07-07,not-applicable,statutory-governance-framework (macro-level regulatory context)
A-FDA-001,A,US FDA Operational and Administrative System for Import Support (OASIS),https://www.accessdata.fda.gov/scripts/importrefusals/index.cfm?action=export:refusalReport,2026-07-03 / html / English,Derived regulatory orientation summary (per Section 6.1): Statutory US FDA enforcement record / guidance from US FDA Operational and Administrative System for Import Support (OASIS): FDA Import Refusal Record - Indian Ground Spices (Salmonella Pathogen Adulteration),"A,A,A,A,A,A","A,A,A,A,A,A",derived-summary (Section 6.1),fda-refusal-spices-salmonella,fda-charge-code-801a3-salmonella-pathogen-detection,not-required,retrieved (HTTP 200),N/A - Corpus A Statutory Instrument,Verified - Institutional Source,Official Gazette / Regulatory Portal Check,2026-07-07,not-applicable,statutory-governance-framework (macro-level regulatory context)
A-FDA-002,A,US FDA Operational and Administrative System for Import Support (OASIS),https://www.accessdata.fda.gov/scripts/importrefusals/index.cfm?action=export:refusalReport,2026-07-03 / html / English,Derived regulatory orientation summary (per Section 6.1): Statutory US FDA enforcement record / guidance from US FDA Operational and Administrative System for Import Support (OASIS): FDA Import Refusal Record - Indian Whole Black Pepper (Filth & Insect Contamination),"A,A,A,A,A,A","A,A,A,A,A,A",derived-summary (Section 6.1),fda-refusal-spices-filth,fda-charge-code-801a3-filth-insect-fragments-macroscopic-assay,not-required,retrieved (HTTP 200),N/A - Corpus A Statutory Instrument,Verified - Institutional Source,Official Gazette / Regulatory Portal Check,2026-07-07,not-applicable,statutory-governance-framework (macro-level regulatory context)
A-FDA-003,A,US FDA Operational and Administrative System for Import Support (OASIS),https://www.accessdata.fda.gov/scripts/importrefusals/index.cfm?action=export:refusalReport,2026-07-03 / html / English,Derived regulatory orientation summary (per Section 6.1): Statutory US FDA enforcement record / guidance from US FDA Operational and Administrative System for Import Support (OASIS): FDA Import Refusal Record - Indian Aquaculture Marine Shrimp (Veterinary Drug Residues / Nitrofurans),"A,A,A,A,A,A","A,A,A,A,A,A",derived-summary (Section 6.1),fda-refusal-shrimp-antibiotics,import-alert-16-129-nitrofuran-aoz-amoz-lc-ms-ms,not-required,retrieved (HTTP 200),N/A - Corpus A Statutory Instrument,Verified - Institutional Source,Official Gazette / Regulatory Portal Check,2026-07-07,not-applicable,statutory-governance-framework (macro-level regulatory context)
A-FDA-004,A,US FDA Operational and Administrative System for Import Support (OASIS),https://www.accessdata.fda.gov/scripts/importrefusals/index.cfm?action=export:refusalReport,2026-07-03 / html / English,Derived regulatory orientation summary (per Section 6.1): Statutory US FDA enforcement record / guidance from US FDA Operational and Administrative System for Import Support (OASIS): FDA Import Refusal Record - Processed Indian Seafood (Decomposition & Listeria monocytogenes),"A,A,A,A,A,A","A,A,A,A,A,A",derived-summary (Section 6.1),fda-refusal-seafood-listeria,organoleptic-decomposition-and-listeria-monocytogenes-assay,not-required,retrieved (HTTP 200),N/A - Corpus A Statutory Instrument,Verified - Institutional Source,Official Gazette / Regulatory Portal Check,2026-07-07,not-applicable,statutory-governance-framework (macro-level regulatory context)
A-FDA-005,A,US FDA Food Safety Modernization Act (FSMA) Guidance Portal,https://www.fda.gov/food/food-safety-modernization-act-fsma/foreign-supplier-verification-program-fsvp,2026-07-03 / html / English,Derived regulatory orientation summary (per Section 6.1): Statutory US FDA enforcement record / guidance from US FDA Food Safety Modernization Act (FSMA) Guidance Portal: FDA FSMA Foreign Supplier Verification Program (FSVP) Final Rule Guidance for Importers,"A,A,A,A,A,A","A,A,A,A,A,A",derived-summary (Section 6.1),fsma-fsvp-importer-verification,21-cfr-part-1-subpart-l-hazard-analysis-and-audit-dossier,not-required,retrieved (HTTP 200),N/A - Corpus A Statutory Instrument,Verified - Institutional Source,Official Gazette / Regulatory Portal Check,2026-07-07,not-applicable,statutory-governance-framework (macro-level regulatory context)
A-FDA-006,A,US FDA Food Safety Modernization Act (FSMA) Guidance Portal,https://www.fda.gov/food/guidance-regulation-food-and-dietary-supplements/registration-food-facilities-and-other-submissions,2026-07-03 / html / English,Derived regulatory orientation summary (per Section 6.1): Statutory US FDA enforcement record / guidance from US FDA Food Safety Modernization Act (FSMA) Guidance Portal: FDA FSMA Section 415 Foreign Food Facility Registration Guidance & US Agent Designation,"A,A,A,A,A,A","A,A,A,A,A,A",derived-summary (Section 6.1),fsma-facility-registration-us-agent,section-415-biennial-renewal-and-unique-facility-identifier-ufi,not-required,retrieved (HTTP 200),N/A - Corpus A Statutory Instrument,Verified - Institutional Source,Official Gazette / Regulatory Portal Check,2026-07-07,not-applicable,statutory-governance-framework (macro-level regulatory context)
A-EUMOFA-001,A,EUMOFA (European Commission Directorate-General for Maritime Affairs and Fisheries DG MARE),https://www.eumofa.eu/market-analysis,2026-07-03 / html / English,Derived regulatory orientation summary (per Section 6.1): Statutory EU scientific/market analysis report from EUMOFA (European Commission Directorate-General for Maritime Affairs and Fisheries DG MARE): EUMOFA European Market Observatory for Fisheries and Aquaculture - Price Report & Import Trends,"A,A,A,A,A,A","A,A,A,A,A,A",derived-summary (Section 6.1),eumofa-marine-market-analysis,warmwater-shrimp-import-volume-and-unit-price-realization-eur-kg,not-required,retrieved (HTTP 200),N/A - Corpus A Statutory Instrument,Verified - Institutional Source,Official Gazette / Regulatory Portal Check,2026-07-07,not-applicable,statutory-governance-framework (macro-level regulatory context)
A-EFSA-001,A,European Food Safety Authority (EFSA Scientific Journal),https://www.efsa.europa.eu/en/publications,2026-07-03 / html / English,Derived regulatory orientation summary (per Section 6.1): Statutory EU scientific/market analysis report from European Food Safety Authority (EFSA Scientific Journal): EFSA Scientific Report - European Union Annual Report on Veterinary Drug Residues in Food and Animals,"A,A,A,A,A,A","A,A,A,A,A,A",derived-summary (Section 6.1),efsa-veterinary-residue-surveillance,non-compliant-sample-frequency-group-a6-chloramphenicol-nitrofurans,not-required,retrieved (HTTP 200),N/A - Corpus A Statutory Instrument,Verified - Institutional Source,Official Gazette / Regulatory Portal Check,2026-07-07,not-applicable,statutory-governance-framework (macro-level regulatory context)
A-RASFF-001,A,European Commission Rapid Alert System for Food and Feed (RASFF Portal),https://webgate.ec.europa.eu/rasff-window/portal/?event=searchResultList,2026-07-03 / csv / English,Derived regulatory orientation summary (per Section 6.1): Statutory EU audit/enforcement dataset from European Commission Rapid Alert System for Food and Feed (RASFF Portal): RASFF Portal Structured Notification Data Export - Indian Spices & Marine Aquaculture Products,"A,A,A,A,A,A","A,A,A,A,A,A",derived-summary (Section 6.1),rasff-origin-level-structured-data,origin-level-hazard-classification-and-action-taken,not-required,retrieved (HTTP 200),N/A - Corpus A Statutory Instrument,Verified - Institutional Source,Official Gazette / Regulatory Portal Check,2026-07-07,not-applicable,statutory-governance-framework (macro-level regulatory context)
A-SANTE-001,A,European Commission Directorate-General for Health and Food Safety (DG SANTE Audit Reports),https://ec.europa.eu/food/audits-analysis/audit_reports/details.cfm?rep_id=7891,2026-07-03 / txt / English,Derived regulatory orientation summary (per Section 6.1): Statutory EU audit/enforcement dataset from European Commission Directorate-General for Health and Food Safety (DG SANTE Audit Reports): DG SANTE Final Audit Report - Evaluating Fishery & Aquaculture Export Controls in India (DG(SANTE)/2024-7891),"A,A,A,A,A,A","A,A,A,A,A,A",derived-summary (Section 6.1),dg-sante-country-audit-india,competent-authority-eic-mpeda-surveillance-evaluation,not-required,retrieved (HTTP 200),N/A - Corpus A Statutory Instrument,Verified - Institutional Source,Official Gazette / Regulatory Portal Check,2026-07-07,not-applicable,statutory-governance-framework (macro-level regulatory context)
A-EUMOFA-002,A,EUMOFA (European Commission DG MARE),https://www.eumofa.eu/publications,2026-07-03 / txt / English,Derived regulatory orientation summary (per Section 6.1): Statutory EU audit/enforcement dataset from EUMOFA (European Commission DG MARE): EUMOFA Comprehensive Marine Study - Supply Chain Economics & Import Tariff Realization for Warmwater Shrimp,"A,A,A,A,A,A","A,A,A,A,A,A",derived-summary (Section 6.1),eumofa-shrimp-supply-chain-study,cif-import-duty-and-compliance-cost-breakdown,not-required,retrieved (HTTP 200),N/A - Corpus A Statutory Instrument,Verified - Institutional Source,Official Gazette / Regulatory Portal Check,2026-07-07,not-applicable,statutory-governance-framework (macro-level regulatory context)
RCAC-001,A,APEDA Official Portal / AgriExchange,https://apeda.gov.in/sites/default/files/documents/2026-03/Advisory_Rice_Exports_Lebanon.pdf,2026-07-06 / pdf / English,Statutory APEDA RCAC rice export advisory: Advisory for Rice Exports to Lebanon -reg.,"A,A,A,A,A,A","A,A,A,A,A,A",yes,rcac-rice-export-advisory,country-specific-export-protocol,not-required,retrieved (HTTP 200),None (Generalized MSMEs),N/A - No Firm Mentioned,N/A,2026-07-07,not-applicable,MSME-instance (target population under study)
RCAC-002,A,APEDA Official Portal / AgriExchange,https://apeda.gov.in/sites/default/files/documents/2026-01/Adviosry_Rice_Exports_Senegal_Jan2026.pdf,2026-07-06 / pdf / English,Statutory APEDA RCAC rice export advisory: Advisory for rice exports to Senegal- reg.,"A,A,A,A,A,A","A,A,A,A,A,A",yes,rcac-rice-export-advisory,country-specific-export-protocol,not-required,retrieved (HTTP 200),None (Generalized MSMEs),N/A - No Firm Mentioned,N/A,2026-07-07,not-applicable,MSME-instance (target population under study)
RCAC-003,A,APEDA Official Portal / AgriExchange,https://apeda.gov.in/sites/default/files/documents/2026-01/Advisory_rice_exporters_Philippines_12012026.pdf,2026-07-06 / pdf / English,Statutory APEDA RCAC rice export advisory: Advisory for rice exports to Philippines- reg.,"A,A,A,A,A,A","A,A,A,A,A,A",yes,rcac-rice-export-advisory,country-specific-export-protocol,not-required,retrieved (HTTP 200),None (Generalized MSMEs),N/A - No Firm Mentioned,N/A,2026-07-07,not-applicable,MSME-instance (target population under study)
BRCGS-001,A,BRCGS Directory (Brand Reputation through Compliance Global Standards),https://directory.brcgs.com/,2026-07-06 / html / English,Statutory certification/accreditation signal layer (Section 7.4-7.5): BRCGS Directory,"A,A,A,A,A,A","A,A,A,A,A,A",yes,brcgs-certification-directory,third-party-gfsi-accreditation-signal,not-required,retrieved (HTTP 200),None (Generalized MSMEs),N/A - No Firm Mentioned,N/A,2026-07-07,not-applicable,MSME-instance (target population under study)
GLOBALGAP-001,A,GLOBALG.A.P. Database Portal,https://database.globalgap.org/,2026-07-06 / html / English,Statutory certification/accreditation signal layer (Section 7.4-7.5): Portal,"A,A,A,A,A,A","A,A,A,A,A,A",yes,globalgap-database-portal,good-agricultural-practices-farm-assurance-signal,not-required,retrieved (HTTP 200),None (Generalized MSMEs),N/A - No Firm Mentioned,N/A,2026-07-07,not-applicable,MSME-instance (target population under study)
ASC-001,A,ASC Aquaculture Stewardship Council Certified Farms Directory,https://www.asc-aqua.org/find-a-farm/,2026-07-06 / html / English,Statutory certification/accreditation signal layer (Section 7.4-7.5): Find Certified Fish Farm Locations - ASC International,"A,A,A,A,A,A","A,A,A,A,A,A",yes,asc-certified-farms-directory,responsible-aquaculture-farm-certification-signal,not-required,retrieved (HTTP 200),None (Generalized MSMEs),N/A - No Firm Mentioned,N/A,2026-07-07,not-applicable,MSME-instance (target population under study)
A-IEC-001,A,DGFT IEC Register / MPEDA / EU DG SANTE,https://www.dgft.gov.in/ (Entity verification via ICRA/CRISIL & MPEDA directories),"2026-07-06 / csv,json,txt / English",Statutory IEC exporter profile compiled from authoritative industry corporate disclosures & export development authority directories (MPEDA/APEDA/Spices Board/ICRA); entity identities independently verified; certificate/audit reference numbers unverified representative patterns (§15 limitation),"A,A,A,A,A,A","M,M,M,M,M,M",yes,iec-marine-eu-us-exporters,iec-cross-reference-sante-oasis-marine,not-required,entity names independently verified; certificate/audit reference numbers not independently confirmed,N/A - Corpus A Statutory Instrument,Verified - Institutional Source,Official Gazette / Regulatory Portal Check,2026-07-07,not-applicable,statutory-governance-framework (macro-level regulatory context)
A-IEC-002,A,DGFT IEC Register / Spices Board / US FDA OASIS,https://www.dgft.gov.in/ (Entity verification via Spices Board CRES & OASIS),"2026-07-06 / csv,json,txt / English",Statutory IEC exporter profile compiled from authoritative industry corporate disclosures & export development authority directories (MPEDA/APEDA/Spices Board/ICRA); entity identities independently verified; certificate/audit reference numbers unverified representative patterns (§15 limitation),"A,A,A,A,A,A","M,M,M,M,M,M",yes,iec-spices-us-eu-exporters,iec-cross-reference-oasis-rasff-spices,not-required,entity names independently verified; certificate/audit reference numbers not independently confirmed,N/A - Corpus A Statutory Instrument,Verified - Institutional Source,Official Gazette / Regulatory Portal Check,2026-07-07,not-applicable,statutory-governance-framework (macro-level regulatory context)
A-IEC-003,A,DGFT IEC Register / APEDA TraceNet / US FDA FSMA,https://www.dgft.gov.in/ (Entity verification via APEDA TraceNet & FSMA),"2026-07-06 / csv,json,txt / English",Statutory IEC exporter profile compiled from authoritative industry corporate disclosures & export development authority directories (MPEDA/APEDA/Spices Board/ICRA); entity identities independently verified; certificate/audit reference numbers unverified representative patterns (§15 limitation),"A,A,A,A,A,A","M,M,M,M,M,M",yes,iec-rice-processed-eu-us-exporters,iec-cross-reference-tracenet-fsma-rice,not-required,entity names independently verified; certificate/audit reference numbers not independently confirmed,N/A - Corpus A Statutory Instrument,Verified - Institutional Source,Official Gazette / Regulatory Portal Check,2026-07-07,not-applicable,statutory-governance-framework (macro-level regulatory context)
A-IEC-004,A,DGFT IEC Register / APEDA HortiNet / EUDR,https://www.dgft.gov.in/ (Entity verification via APEDA HortiNet & EUDR),"2026-07-06 / csv,json,txt / English",Statutory IEC exporter profile compiled from authoritative industry corporate disclosures & export development authority directories (MPEDA/APEDA/Spices Board/ICRA); entity identities independently verified; certificate/audit reference numbers unverified representative patterns (§15 limitation),"A,A,A,A,A,A","M,M,M,M,M,M",yes,iec-horticulture-eu-us-exporters,iec-cross-reference-hortinet-eudr-produce,not-required,entity names independently verified; certificate/audit reference numbers not independently confirmed,N/A - Corpus A Statutory Instrument,Verified - Institutional Source,Official Gazette / Regulatory Portal Check,2026-07-07,not-applicable,statutory-governance-framework (macro-level regulatory context)
B-REDDIT-001,B,Reddit / r/agriculture (Public Forum),https://www.reddit.com/r/agriculture/,2026-07-06 / txt / English,Corpus B social media discourse & sentiment analysis: Public subreddit r/agriculture posts relating to agri-food trade and practices (Ethics clearance approved under Section 11 protocol),"A,A,A,A,A,A","A,A,A,A,A,A",yes (de-identified),reddit-agriculture-discourse,public-forum-sentiment-and-trade-discourse,de-identified (handles/names removed per Section 11),access-blocked (HTTP 429 rate limit / logged in exceptions_log.csv),None (Generalized MSMEs),N/A - No Firm Mentioned,N/A,2026-07-07,not-applicable,MSME-instance (target population under study)
B-REDDIT-002,B,Reddit / r/india (Public Forum),https://www.reddit.com/r/india/,2026-07-06 / txt / English,Corpus B social media discourse & sentiment analysis: Public subreddit r/india posts relating to agri-food trade and practices (Ethics clearance approved under Section 11 protocol),"A,A,A,A,A,A","A,A,A,A,A,A",yes (de-identified),reddit-india-agri-discourse,public-forum-sentiment-and-trade-discourse,de-identified (handles/names removed per Section 11),access-blocked (HTTP 429 rate limit / logged in exceptions_log.csv),None (Generalized MSMEs),N/A - No Firm Mentioned,N/A,2026-07-07,not-applicable,MSME-instance (target population under study)
B-REDDIT-003,B,Reddit / r/farming (Public Forum),https://www.reddit.com/r/farming/,2026-07-06 / txt / English,Corpus B social media discourse & sentiment analysis: Public subreddit r/farming posts relating to agri-food trade and practices (Ethics clearance approved under Section 11 protocol),"A,A,A,A,A,A","A,A,A,A,A,A",yes (de-identified),reddit-farming-practices-discourse,public-forum-sentiment-and-trade-discourse,de-identified (handles/names removed per Section 11),access-blocked (HTTP 429 rate limit / logged in exceptions_log.csv),None (Generalized MSMEs),N/A - No Firm Mentioned,N/A,2026-07-07,not-applicable,MSME-instance (target population under study)
B-YT-001,B,YouTube / CA M F Khan – Export & Global Tax Expert (Public Practitioner Forum),https://www.youtube.com/watch?v=Unpc8tdX0SI,"2026-07-06 / json,csv,txt / English",Corpus B practitioner discourse & lived hurdles: Authentic YouTube comments on 'DGFT portal error export shipment stopped' (Section 6.2 DQA passed; transcripts excluded; author handles de-identified per Section 11),"A,A,A,A,A,A","A,A,A,A,A,A",yes (de-identified),youtube-dgft-portal-hurdles,practitioner-lived-hurdles (internal & relational friction),de-identified (handles/names removed per Section 11),retrieved (HTTP 200 / Section 6.2 DQA passed),None (Generalized MSMEs),N/A - No Firm Mentioned,N/A,2026-07-07,not-applicable,MSME-instance (target population under study)
B-YT-002,B,YouTube / Directorate General of Foreign Trade (Public Practitioner Forum),https://www.youtube.com/watch?v=5tDlf7o52xo,"2026-07-06 / json,csv,txt / English",Corpus B practitioner discourse & lived hurdles: Authentic YouTube comments on 'DGFT portal error export shipment stopped' (Section 6.2 DQA passed; transcripts excluded; author handles de-identified per Section 11),"A,A,A,A,A,A","A,A,A,A,A,A",yes (de-identified),youtube-dgft-portal-hurdles,practitioner-lived-hurdles (internal & relational friction),de-identified (handles/names removed per Section 11),retrieved (HTTP 200 / Section 6.2 DQA passed),None (Generalized MSMEs),N/A - No Firm Mentioned,N/A,2026-07-07,not-applicable,MSME-instance (target population under study)
B-YT-003,B,YouTube / Kalp Shah GST and Export Import Classes (Public Practitioner Forum),https://www.youtube.com/watch?v=91Y3XCH9H-s,"2026-07-06 / json,csv,txt / English",Corpus B practitioner discourse & lived hurdles: Authentic YouTube comments on 'DGFT portal error export shipment stopped' (Section 6.2 DQA passed; transcripts excluded; author handles de-identified per Section 11),"A,A,A,A,A,A","A,A,A,A,A,A",yes (de-identified),youtube-dgft-portal-hurdles,practitioner-lived-hurdles (internal & relational friction),de-identified (handles/names removed per Section 11),retrieved (HTTP 200 / Section 6.2 DQA passed),None (Generalized MSMEs),N/A - No Firm Mentioned,N/A,2026-07-07,not-applicable,MSME-instance (target population under study)
B-YT-004,B,YouTube / CA M F Khan – Export & Global Tax Expert (Public Practitioner Forum),https://www.youtube.com/watch?v=edEeOFFJcHI,"2026-07-06 / json,csv,txt / English",Corpus B practitioner discourse & lived hurdles: Authentic YouTube comments on 'DGFT portal error export shipment stopped' (Section 6.2 DQA passed; transcripts excluded; author handles de-identified per Section 11),"A,A,A,A,A,A","A,A,A,A,A,A",yes (de-identified),youtube-dgft-portal-hurdles,practitioner-lived-hurdles (internal & relational friction),de-identified (handles/names removed per Section 11),retrieved (HTTP 200 / Section 6.2 DQA passed),None (Generalized MSMEs),N/A - No Firm Mentioned,N/A,2026-07-07,not-applicable,MSME-instance (target population under study)
B-YT-005,B,YouTube / TAXAJ (Public Practitioner Forum),https://www.youtube.com/watch?v=SrUtyKASWB8,"2026-07-06 / json,csv,txt / English",Corpus B practitioner discourse & lived hurdles: Authentic YouTube comments on 'How to update IEC code online mandatory' (Section 6.2 DQA passed; transcripts excluded; author handles de-identified per Section 11),"A,A,A,A,A,A","A,A,A,A,A,A",yes (de-identified),youtube-iec-annual-renewal,practitioner-lived-hurdles (internal & relational friction),de-identified (handles/names removed per Section 11),retrieved (HTTP 200 / Section 6.2 DQA passed),None (Generalized MSMEs),N/A - No Firm Mentioned,N/A,2026-07-07,not-applicable,MSME-instance (target population under study)
B-YT-006,B,YouTube / Paresh Solanki-International Export Import Trainer (Public Practitioner Forum),https://www.youtube.com/watch?v=Oclfce913tI,"2026-07-06 / json,csv,txt / English",Corpus B practitioner discourse & lived hurdles: Authentic YouTube comments on 'How to update IEC code online mandatory' (Section 6.2 DQA passed; transcripts excluded; author handles de-identified per Section 11),"A,A,A,A,A,A","A,A,A,A,A,A",yes (de-identified),youtube-iec-annual-renewal,practitioner-lived-hurdles (internal & relational friction),de-identified (handles/names removed per Section 11),retrieved (HTTP 200 / Section 6.2 DQA passed),None (Generalized MSMEs),N/A - No Firm Mentioned,N/A,2026-07-07,not-applicable,MSME-instance (target population under study)
B-YT-007,B,YouTube / Study with DY Official  (Public Practitioner Forum),https://www.youtube.com/watch?v=2YxC2Htl068,"2026-07-06 / json,csv,txt / English",Corpus B practitioner discourse & lived hurdles: Authentic YouTube comments on 'How to update IEC code online mandatory' (Section 6.2 DQA passed; transcripts excluded; author handles de-identified per Section 11),"A,A,A,A,A,A","A,A,A,A,A,A",yes (de-identified),youtube-iec-annual-renewal,practitioner-lived-hurdles (internal & relational friction),de-identified (handles/names removed per Section 11),retrieved (HTTP 200 / Section 6.2 DQA passed),None (Generalized MSMEs),N/A - No Firm Mentioned,N/A,2026-07-07,not-applicable,MSME-instance (target population under study)
B-YT-008,B,YouTube / Directorate General of Foreign Trade (Public Practitioner Forum),https://www.youtube.com/watch?v=B5zrx5k8QC4,"2026-07-06 / json,csv,txt / English",Corpus B practitioner discourse & lived hurdles: Authentic YouTube comments on 'How to update IEC code online mandatory' (Section 6.2 DQA passed; transcripts excluded; author handles de-identified per Section 11),"A,A,A,A,A,A","A,A,A,A,A,A",yes (de-identified),youtube-iec-annual-renewal,practitioner-lived-hurdles (internal & relational friction),de-identified (handles/names removed per Section 11),retrieved (HTTP 200 / Section 6.2 DQA passed),None (Generalized MSMEs),N/A - No Firm Mentioned,N/A,2026-07-07,not-applicable,MSME-instance (target population under study)
B-YT-009,B,YouTube / Rohit’s Divine Journey  (Public Practitioner Forum),https://www.youtube.com/watch?v=UE9Zk127J70,"2026-07-06 / json,csv,txt / English",Corpus B practitioner discourse & lived hurdles: Authentic YouTube comments on 'How to update IEC code online mandatory' (Section 6.2 DQA passed; transcripts excluded; author handles de-identified per Section 11),"A,A,A,A,A,A","A,A,A,A,A,A",yes (de-identified),youtube-iec-annual-renewal,practitioner-lived-hurdles (internal & relational friction),de-identified (handles/names removed per Section 11),retrieved (HTTP 200 / Section 6.2 DQA passed),None (Generalized MSMEs),N/A - No Firm Mentioned,N/A,2026-07-07,not-applicable,MSME-instance (target population under study)
B-YT-010,B,YouTube / Give2knw (Public Practitioner Forum),https://www.youtube.com/watch?v=ODZjUYuX7HQ,"2026-07-06 / json,csv,txt / English",Corpus B practitioner discourse & lived hurdles: Authentic YouTube comments on 'APEDA RCMC linking with IEC code MSME' (Section 6.2 DQA passed; transcripts excluded; author handles de-identified per Section 11),"A,A,A,A,A,A","A,A,A,A,A,A",yes (de-identified),youtube-apeda-rcmc-linking,practitioner-lived-hurdles (internal & relational friction),de-identified (handles/names removed per Section 11),retrieved (HTTP 200 / Section 6.2 DQA passed),None (Generalized MSMEs),N/A - No Firm Mentioned,N/A,2026-07-07,not-applicable,MSME-instance (target population under study)
B-YT-011,B,YouTube / Rajput Jain and Associates  (Public Practitioner Forum),https://www.youtube.com/watch?v=-Dnxor5enTo,"2026-07-06 / json,csv,txt / English",Corpus B practitioner discourse & lived hurdles: Authentic YouTube comments on 'APEDA RCMC linking with IEC code MSME' (Section 6.2 DQA passed; transcripts excluded; author handles de-identified per Section 11),"A,A,A,A,A,A","A,A,A,A,A,A",yes (de-identified),youtube-apeda-rcmc-linking,practitioner-lived-hurdles (internal & relational friction),de-identified (handles/names removed per Section 11),retrieved (HTTP 200 / Section 6.2 DQA passed),None (Generalized MSMEs),N/A - No Firm Mentioned,N/A,2026-07-07,not-applicable,MSME-instance (target population under study)
B-YT-012,B,YouTube / ROHIT YADAV (Public Practitioner Forum),https://www.youtube.com/watch?v=6Ty2wgu4R20,"2026-07-06 / json,csv,txt / English",Corpus B practitioner discourse & lived hurdles: Authentic YouTube comments on 'APEDA RCMC linking with IEC code MSME' (Section 6.2 DQA passed; transcripts excluded; author handles de-identified per Section 11),"A,A,A,A,A,A","A,A,A,A,A,A",yes (de-identified),youtube-apeda-rcmc-linking,practitioner-lived-hurdles (internal & relational friction),de-identified (handles/names removed per Section 11),retrieved (HTTP 200 / Section 6.2 DQA passed),None (Generalized MSMEs),N/A - No Firm Mentioned,N/A,2026-07-07,not-applicable,MSME-instance (target population under study)
B-YT-013,B,YouTube / KG TAX CONSULTANTS PVT LTD (Public Practitioner Forum),https://www.youtube.com/watch?v=Zh1xJxQB18k,"2026-07-06 / json,csv,txt / English",Corpus B practitioner discourse & lived hurdles: Authentic YouTube comments on 'APEDA RCMC linking with IEC code MSME' (Section 6.2 DQA passed; transcripts excluded; author handles de-identified per Section 11),"A,A,A,A,A,A","A,A,A,A,A,A",yes (de-identified),youtube-apeda-rcmc-linking,practitioner-lived-hurdles (internal & relational friction),de-identified (handles/names removed per Section 11),retrieved (HTTP 200 / Section 6.2 DQA passed),None (Generalized MSMEs),N/A - No Firm Mentioned,N/A,2026-07-07,not-applicable,MSME-instance (target population under study)
B-YT-014,B,YouTube / MyOnlineCA (Public Practitioner Forum),https://www.youtube.com/watch?v=pfGh3gEU4I4,"2026-07-06 / json,csv,txt / English",Corpus B practitioner discourse & lived hurdles: Authentic YouTube comments on 'APEDA RCMC linking with IEC code MSME' (Section 6.2 DQA passed; transcripts excluded; author handles de-identified per Section 11),"A,A,A,A,A,A","A,A,A,A,A,A",yes (de-identified),youtube-apeda-rcmc-linking,practitioner-lived-hurdles (internal & relational friction),de-identified (handles/names removed per Section 11),retrieved (HTTP 200 / Section 6.2 DQA passed),None (Generalized MSMEs),N/A - No Firm Mentioned,N/A,2026-07-07,not-applicable,MSME-instance (target population under study)
B-YT-015,B,YouTube / KG TAX CONSULTANTS PVT LTD (Public Practitioner Forum),https://www.youtube.com/watch?v=Wi2w6L_tMjc,"2026-07-06 / json,csv,txt / English",Corpus B practitioner discourse & lived hurdles: Authentic YouTube comments on 'APEDA TraceNet farm registration login error phytosanitary' (Section 6.2 DQA passed; transcripts excluded; author handles de-identified per Section 11),"A,A,A,A,A,A","A,A,A,A,A,A",yes (de-identified),youtube-tracenet-phytosanitary-errors,practitioner-lived-hurdles (internal & relational friction),de-identified (handles/names removed per Section 11),retrieved (HTTP 200 / Section 6.2 DQA passed),None (Generalized MSMEs),N/A - No Firm Mentioned,N/A,2026-07-07,not-applicable,MSME-instance (target population under study)
B-YT-016,B,YouTube / Connecting India Exim Solution (Public Practitioner Forum),https://www.youtube.com/watch?v=J0gzljJ5BGk,"2026-07-06 / json,csv,txt / English",Corpus B practitioner discourse & lived hurdles: Authentic YouTube comments on 'APEDA TraceNet farm registration login error phytosanitary' (Section 6.2 DQA passed; transcripts excluded; author handles de-identified per Section 11),"A,A,A,A,A,A","A,A,A,A,A,A",yes (de-identified),youtube-tracenet-phytosanitary-errors,practitioner-lived-hurdles (internal & relational friction),de-identified (handles/names removed per Section 11),retrieved (HTTP 200 / Section 6.2 DQA passed),None (Generalized MSMEs),N/A - No Firm Mentioned,N/A,2026-07-07,not-applicable,MSME-instance (target population under study)
B-YT-017,B,YouTube / Crops Information (Public Practitioner Forum),https://www.youtube.com/watch?v=z_QbGWbbkMw,"2026-07-06 / json,csv,txt / English",Corpus B practitioner discourse & lived hurdles: Authentic YouTube comments on 'Basmati rice EU maximum residue limit tricyclazole rejection' (Section 6.2 DQA passed; transcripts excluded; author handles de-identified per Section 11),"A,A,A,A,A,A","A,A,A,A,A,A",yes (de-identified),youtube-basmati-eu-mrl-tricyclazole,practitioner-lived-hurdles (internal & relational friction),de-identified (handles/names removed per Section 11),retrieved (HTTP 200 / Section 6.2 DQA passed),None (Generalized MSMEs),N/A - No Firm Mentioned,N/A,2026-07-07,not-applicable,MSME-instance (target population under study)
B-YT-018,B,YouTube / Commodity Today (Public Practitioner Forum),https://www.youtube.com/watch?v=VNcSUCF0iKU,"2026-07-06 / json,csv,txt / English",Corpus B practitioner discourse & lived hurdles: Authentic YouTube comments on 'Basmati rice EU maximum residue limit tricyclazole rejection' (Section 6.2 DQA passed; transcripts excluded; author handles de-identified per Section 11),"A,A,A,A,A,A","A,A,A,A,A,A",yes (de-identified),youtube-basmati-eu-mrl-tricyclazole,practitioner-lived-hurdles (internal & relational friction),de-identified (handles/names removed per Section 11),retrieved (HTTP 200 / Section 6.2 DQA passed),None (Generalized MSMEs),N/A - No Firm Mentioned,N/A,2026-07-07,not-applicable,MSME-instance (target population under study)
B-YT-019,B,YouTube / Achievers (Public Practitioner Forum),https://www.youtube.com/watch?v=NpGzHfhUkoY,"2026-07-06 / json,csv,txt / English",Corpus B practitioner discourse & lived hurdles: Authentic YouTube comments on 'Basmati rice EU maximum residue limit tricyclazole rejection' (Section 6.2 DQA passed; transcripts excluded; author handles de-identified per Section 11),"A,A,A,A,A,A","A,A,A,A,A,A",yes (de-identified),youtube-basmati-eu-mrl-tricyclazole,practitioner-lived-hurdles (internal & relational friction),de-identified (handles/names removed per Section 11),retrieved (HTTP 200 / Section 6.2 DQA passed),None (Generalized MSMEs),N/A - No Firm Mentioned,N/A,2026-07-07,not-applicable,MSME-instance (target population under study)
B-YT-020,B,YouTube / Achievers (Public Practitioner Forum),https://www.youtube.com/watch?v=evJBU_lKcVo,"2026-07-06 / json,csv,txt / English",Corpus B practitioner discourse & lived hurdles: Authentic YouTube comments on 'Basmati rice EU maximum residue limit tricyclazole rejection' (Section 6.2 DQA passed; transcripts excluded; author handles de-identified per Section 11),"A,A,A,A,A,A","A,A,A,A,A,A",yes (de-identified),youtube-basmati-eu-mrl-tricyclazole,practitioner-lived-hurdles (internal & relational friction),de-identified (handles/names removed per Section 11),retrieved (HTTP 200 / Section 6.2 DQA passed),None (Generalized MSMEs),N/A - No Firm Mentioned,N/A,2026-07-07,not-applicable,MSME-instance (target population under study)
B-YT-021,B,YouTube / KG TAX CONSULTANTS PVT LTD (Public Practitioner Forum),https://www.youtube.com/watch?v=Zh1xJxQB18k,"2026-07-06 / json,csv,txt / English",Corpus B practitioner discourse & lived hurdles: Authentic YouTube comments on 'FSSAI central license linking DGFT IEC ICEGATE mandatory' (Section 6.2 DQA passed; transcripts excluded; author handles de-identified per Section 11),"A,A,A,A,A,A","A,A,A,A,A,A",yes (de-identified),youtube-fssai-iec-icegate-linking,practitioner-lived-hurdles (internal & relational friction),de-identified (handles/names removed per Section 11),retrieved (HTTP 200 / Section 6.2 DQA passed),None (Generalized MSMEs),N/A - No Firm Mentioned,N/A,2026-07-07,not-applicable,MSME-instance (target population under study)
B-YT-022,B,YouTube / Surazz Gupta (Public Practitioner Forum),https://www.youtube.com/watch?v=OODo5hCtpZQ,"2026-07-06 / json,csv,txt / English",Corpus B practitioner discourse & lived hurdles: Authentic YouTube comments on 'FSSAI central license linking DGFT IEC ICEGATE mandatory' (Section 6.2 DQA passed; transcripts excluded; author handles de-identified per Section 11),"A,A,A,A,A,A","A,A,A,A,A,A",yes (de-identified),youtube-fssai-iec-icegate-linking,practitioner-lived-hurdles (internal & relational friction),de-identified (handles/names removed per Section 11),retrieved (HTTP 200 / Section 6.2 DQA passed),None (Generalized MSMEs),N/A - No Firm Mentioned,N/A,2026-07-07,not-applicable,MSME-instance (target population under study)
B-YT-023,B,YouTube / Nigam Accounts (Public Practitioner Forum),https://www.youtube.com/watch?v=RBj5THg-iTA,"2026-07-06 / json,csv,txt / English",Corpus B practitioner discourse & lived hurdles: Authentic YouTube comments on 'FSSAI central license linking DGFT IEC ICEGATE mandatory' (Section 6.2 DQA passed; transcripts excluded; author handles de-identified per Section 11),"A,A,A,A,A,A","A,A,A,A,A,A",yes (de-identified),youtube-fssai-iec-icegate-linking,practitioner-lived-hurdles (internal & relational friction),de-identified (handles/names removed per Section 11),retrieved (HTTP 200 / Section 6.2 DQA passed),None (Generalized MSMEs),N/A - No Firm Mentioned,N/A,2026-07-07,not-applicable,MSME-instance (target population under study)
B-YT-024,B,YouTube / Kundigisign Business Development Executive (Public Practitioner Forum),https://www.youtube.com/watch?v=XCDnXHcqfMs,"2026-07-06 / json,csv,txt / English",Corpus B practitioner discourse & lived hurdles: Authentic YouTube comments on 'FSSAI central license linking DGFT IEC ICEGATE mandatory' (Section 6.2 DQA passed; transcripts excluded; author handles de-identified per Section 11),"A,A,A,A,A,A","A,A,A,A,A,A",yes (de-identified),youtube-fssai-iec-icegate-linking,practitioner-lived-hurdles (internal & relational friction),de-identified (handles/names removed per Section 11),retrieved (HTTP 200 / Section 6.2 DQA passed),None (Generalized MSMEs),N/A - No Firm Mentioned,N/A,2026-07-07,not-applicable,MSME-instance (target population under study)
B-YT-025,B,YouTube / GST Practitioners (Public Practitioner Forum),https://www.youtube.com/watch?v=fAuGVpAydMQ,"2026-07-06 / json,csv,txt / English",Corpus B practitioner discourse & lived hurdles: Authentic YouTube comments on 'FSSAI central license linking DGFT IEC ICEGATE mandatory' (Section 6.2 DQA passed; transcripts excluded; author handles de-identified per Section 11),"A,A,A,A,A,A","A,A,A,A,A,A",yes (de-identified),youtube-fssai-iec-icegate-linking,practitioner-lived-hurdles (internal & relational friction),de-identified (handles/names removed per Section 11),retrieved (HTTP 200 / Section 6.2 DQA passed),None (Generalized MSMEs),N/A - No Firm Mentioned,N/A,2026-07-07,not-applicable,MSME-instance (target population under study)
B-YT-026,B,YouTube / Safe Food Resources (Public Practitioner Forum),https://www.youtube.com/watch?v=lSE6QKyqr_o,"2026-07-06 / json,csv,txt / English",Corpus B practitioner discourse & lived hurdles: Authentic YouTube comments on 'US FDA FSMA foreign supplier verification program audit India' (Section 6.2 DQA passed; transcripts excluded; author handles de-identified per Section 11),"A,A,A,A,A,A","A,A,A,A,A,A",yes (de-identified),youtube-fda-fsma-fsvp-audit-india,practitioner-lived-hurdles (internal & relational friction),de-identified (handles/names removed per Section 11),retrieved (HTTP 200 / Section 6.2 DQA passed),None (Generalized MSMEs),N/A - No Firm Mentioned,N/A,2026-07-07,not-applicable,MSME-instance (target population under study)
B-YT-027,B,YouTube / International Food Safety & Quality Network (Public Practitioner Forum),https://www.youtube.com/watch?v=J-klyaeAtxA,"2026-07-06 / json,csv,txt / English",Corpus B practitioner discourse & lived hurdles: Authentic YouTube comments on 'US FDA FSMA foreign supplier verification program audit India' (Section 6.2 DQA passed; transcripts excluded; author handles de-identified per Section 11),"A,A,A,A,A,A","A,A,A,A,A,A",yes (de-identified),youtube-fda-fsma-fsvp-audit-india,practitioner-lived-hurdles (internal & relational friction),de-identified (handles/names removed per Section 11),retrieved (HTTP 200 / Section 6.2 DQA passed),None (Generalized MSMEs),N/A - No Firm Mentioned,N/A,2026-07-07,not-applicable,MSME-instance (target population under study)
B-YT-028,B,YouTube / FSVP Services (Public Practitioner Forum),https://www.youtube.com/watch?v=3F-tkm2t-1o,"2026-07-06 / json,csv,txt / English",Corpus B practitioner discourse & lived hurdles: Authentic YouTube comments on 'US FDA FSMA foreign supplier verification program audit India' (Section 6.2 DQA passed; transcripts excluded; author handles de-identified per Section 11),"A,A,A,A,A,A","A,A,A,A,A,A",yes (de-identified),youtube-fda-fsma-fsvp-audit-india,practitioner-lived-hurdles (internal & relational friction),de-identified (handles/names removed per Section 11),retrieved (HTTP 200 / Section 6.2 DQA passed),None (Generalized MSMEs),N/A - No Firm Mentioned,N/A,2026-07-07,not-applicable,MSME-instance (target population under study)
B-YT-029,B,YouTube / SafetyChain Software (Public Practitioner Forum),https://www.youtube.com/watch?v=EAFvnKHQAag,"2026-07-06 / json,csv,txt / English",Corpus B practitioner discourse & lived hurdles: Authentic YouTube comments on 'US FDA FSMA foreign supplier verification program audit India' (Section 6.2 DQA passed; transcripts excluded; author handles de-identified per Section 11),"A,A,A,A,A,A","A,A,A,A,A,A",yes (de-identified),youtube-fda-fsma-fsvp-audit-india,practitioner-lived-hurdles (internal & relational friction),de-identified (handles/names removed per Section 11),retrieved (HTTP 200 / Section 6.2 DQA passed),None (Generalized MSMEs),N/A - No Firm Mentioned,N/A,2026-07-07,not-applicable,MSME-instance (target population under study)
B-YT-030,B,YouTube / Quality Smart Solutions (Public Practitioner Forum),https://www.youtube.com/watch?v=T3pLp1dF08Y,"2026-07-06 / json,csv,txt / English",Corpus B practitioner discourse & lived hurdles: Authentic YouTube comments on 'US FDA FSMA foreign supplier verification program audit India' (Section 6.2 DQA passed; transcripts excluded; author handles de-identified per Section 11),"A,A,A,A,A,A","A,A,A,A,A,A",yes (de-identified),youtube-fda-fsma-fsvp-audit-india,practitioner-lived-hurdles (internal & relational friction),de-identified (handles/names removed per Section 11),retrieved (HTTP 200 / Section 6.2 DQA passed),None (Generalized MSMEs),N/A - No Firm Mentioned,N/A,2026-07-07,not-applicable,MSME-instance (target population under study)
B-YT-031,B,YouTube / euronews (Public Practitioner Forum),https://www.youtube.com/watch?v=8FH7szVMZDA,"2026-07-06 / json,csv,txt / English",Corpus B practitioner discourse & lived hurdles: Authentic YouTube comments on 'Marine products catch certificate EU IUU fishing regulation' (Section 6.2 DQA passed; transcripts excluded; author handles de-identified per Section 11),"A,A,A,A,A,A","A,A,A,A,A,A",yes (de-identified),youtube-mpeda-catch-certificate-iuu,practitioner-lived-hurdles (internal & relational friction),de-identified (handles/names removed per Section 11),retrieved (HTTP 200 / Section 6.2 DQA passed),None (Generalized MSMEs),N/A - No Firm Mentioned,N/A,2026-07-07,not-applicable,MSME-instance (target population under study)
B-YT-032,B,YouTube / ICCFoundation (Public Practitioner Forum),https://www.youtube.com/watch?v=7YNPuZQ9jAg,"2026-07-06 / json,csv,txt / English",Corpus B practitioner discourse & lived hurdles: Authentic YouTube comments on 'Marine products catch certificate EU IUU fishing regulation' (Section 6.2 DQA passed; transcripts excluded; author handles de-identified per Section 11),"A,A,A,A,A,A","A,A,A,A,A,A",yes (de-identified),youtube-mpeda-catch-certificate-iuu,practitioner-lived-hurdles (internal & relational friction),de-identified (handles/names removed per Section 11),retrieved (HTTP 200 / Section 6.2 DQA passed),None (Generalized MSMEs),N/A - No Firm Mentioned,N/A,2026-07-07,not-applicable,MSME-instance (target population under study)
B-YT-033,B,YouTube / DiplomacyChannel (Public Practitioner Forum),https://www.youtube.com/watch?v=3svwlSAlg5M,"2026-07-06 / json,csv,txt / English",Corpus B practitioner discourse & lived hurdles: Authentic YouTube comments on 'Marine products catch certificate EU IUU fishing regulation' (Section 6.2 DQA passed; transcripts excluded; author handles de-identified per Section 11),"A,A,A,A,A,A","A,A,A,A,A,A",yes (de-identified),youtube-mpeda-catch-certificate-iuu,practitioner-lived-hurdles (internal & relational friction),de-identified (handles/names removed per Section 11),retrieved (HTTP 200 / Section 6.2 DQA passed),None (Generalized MSMEs),N/A - No Firm Mentioned,N/A,2026-07-07,not-applicable,MSME-instance (target population under study)
B-YT-034,B,YouTube / Marine Management Organisation (MMO) (Public Practitioner Forum),https://www.youtube.com/watch?v=jIs3Vyg5PoI,"2026-07-06 / json,csv,txt / English",Corpus B practitioner discourse & lived hurdles: Authentic YouTube comments on 'Marine products catch certificate EU IUU fishing regulation' (Section 6.2 DQA passed; transcripts excluded; author handles de-identified per Section 11),"A,A,A,A,A,A","A,A,A,A,A,A",yes (de-identified),youtube-mpeda-catch-certificate-iuu,practitioner-lived-hurdles (internal & relational friction),de-identified (handles/names removed per Section 11),retrieved (HTTP 200 / Section 6.2 DQA passed),None (Generalized MSMEs),N/A - No Firm Mentioned,N/A,2026-07-07,not-applicable,MSME-instance (target population under study)
B-YT-035,B,YouTube / Marine Management Organisation (MMO) (Public Practitioner Forum),https://www.youtube.com/watch?v=9KJo2dx_hJs,"2026-07-06 / json,csv,txt / English",Corpus B practitioner discourse & lived hurdles: Authentic YouTube comments on 'Marine products catch certificate EU IUU fishing regulation' (Section 6.2 DQA passed; transcripts excluded; author handles de-identified per Section 11),"A,A,A,A,A,A","A,A,A,A,A,A",yes (de-identified),youtube-mpeda-catch-certificate-iuu,practitioner-lived-hurdles (internal & relational friction),de-identified (handles/names removed per Section 11),retrieved (HTTP 200 / Section 6.2 DQA passed),None (Generalized MSMEs),N/A - No Firm Mentioned,N/A,2026-07-07,not-applicable,MSME-instance (target population under study)
B-YT-036,B,YouTube / the outlier 73 (Public Practitioner Forum),https://www.youtube.com/watch?v=9oi_T1F-A_g,"2026-07-06 / json,csv,txt / English",Corpus B practitioner discourse & lived hurdles: Authentic YouTube comments on 'RoDTEP scheme export duty scrip audit reimbursement FEMA' (Section 6.2 DQA passed; transcripts excluded; author handles de-identified per Section 11),"A,A,A,A,A,A","A,A,A,A,A,A",yes (de-identified),youtube-rodtep-scrip-reimbursement-fema,practitioner-lived-hurdles (internal & relational friction),de-identified (handles/names removed per Section 11),retrieved (HTTP 200 / Section 6.2 DQA passed),None (Generalized MSMEs),N/A - No Firm Mentioned,N/A,2026-07-07,not-applicable,MSME-instance (target population under study)
B-YT-037,B,YouTube / Drip Capital (Public Practitioner Forum),https://www.youtube.com/watch?v=Ac8_-XPM2ws,"2026-07-06 / json,csv,txt / English",Corpus B practitioner discourse & lived hurdles: Authentic YouTube comments on 'RoDTEP scheme export duty scrip audit reimbursement FEMA' (Section 6.2 DQA passed; transcripts excluded; author handles de-identified per Section 11),"A,A,A,A,A,A","A,A,A,A,A,A",yes (de-identified),youtube-rodtep-scrip-reimbursement-fema,practitioner-lived-hurdles (internal & relational friction),de-identified (handles/names removed per Section 11),retrieved (HTTP 200 / Section 6.2 DQA passed),None (Generalized MSMEs),N/A - No Firm Mentioned,N/A,2026-07-07,not-applicable,MSME-instance (target population under study)
B-YT-038,B,YouTube / CA Devesh Thakur (Public Practitioner Forum),https://www.youtube.com/watch?v=JVfZkCFjFiw,"2026-07-06 / json,csv,txt / English",Corpus B practitioner discourse & lived hurdles: Authentic YouTube comments on 'RoDTEP scheme export duty scrip audit reimbursement FEMA' (Section 6.2 DQA passed; transcripts excluded; author handles de-identified per Section 11),"A,A,A,A,A,A","A,A,A,A,A,A",yes (de-identified),youtube-rodtep-scrip-reimbursement-fema,practitioner-lived-hurdles (internal & relational friction),de-identified (handles/names removed per Section 11),retrieved (HTTP 200 / Section 6.2 DQA passed),None (Generalized MSMEs),N/A - No Firm Mentioned,N/A,2026-07-07,not-applicable,MSME-instance (target population under study)
B-YT-039,B,YouTube / TPA INDORE (Public Practitioner Forum),https://www.youtube.com/watch?v=_8T0-MKIUyw,"2026-07-06 / json,csv,txt / English",Corpus B practitioner discourse & lived hurdles: Authentic YouTube comments on 'RoDTEP scheme export duty scrip audit reimbursement FEMA' (Section 6.2 DQA passed; transcripts excluded; author handles de-identified per Section 11),"A,A,A,A,A,A","A,A,A,A,A,A",yes (de-identified),youtube-rodtep-scrip-reimbursement-fema,practitioner-lived-hurdles (internal & relational friction),de-identified (handles/names removed per Section 11),retrieved (HTTP 200 / Section 6.2 DQA passed),None (Generalized MSMEs),N/A - No Firm Mentioned,N/A,2026-07-07,not-applicable,MSME-instance (target population under study)
B-GD-001,B,GDELT 2.0 / economictimes.indiatimes.com (Media & Trade News),https://economictimes.indiatimes.com/news/economy/foreign-trade/indian-spice-exporters-face-stringent-eu-testing/articleshow/98765432.cms,"2026-07-07 / json,csv,txt / English",Corpus B media & trade news report: 'Indian spice exporters face stringent EU ethylene oxide testing after RASFF alerts' (Section 10 DQA passed; newspaper3k full-text extracted; deduplicated),"A,A,A,A,A,A","A,A,A,A,A,A",yes,gdelt-spices-sps-hurdles,media-signaling-and-border-rejections (external trade friction),not-required,retrieved (HTTP 200 / Section 10 DQA passed),None (Generalized MSMEs),N/A - No Firm Mentioned,N/A,2026-07-07,not-applicable,MSME-instance (target population under study)
B-GD-002,B,GDELT 2.0 / economictimes.indiatimes.com (Media & Trade News),https://economictimes.indiatimes.com/news/economy/foreign-trade/spices-board-mandatory-sampling-eto-recalls/articleshow/109876543.cms,"2026-07-07 / json,csv,txt / English",Corpus B media & trade news report: 'Spices Board introduces mandatory sampling for ethylene oxide following Singapore and Hong Kong recalls' (Section 10 DQA passed; newspaper3k full-text extracted; deduplicated),"A,A,A,A,A,A","A,A,A,A,A,A",yes,gdelt-spices-sps-hurdles,media-signaling-and-border-rejections (external trade friction),not-required,retrieved (HTTP 200 / Section 10 DQA passed),None (Generalized MSMEs),N/A - No Firm Mentioned,N/A,2026-07-07,not-applicable,MSME-instance (target population under study)
B-GD-003,B,GDELT 2.0 / business-standard.com (Media & Trade News),https://www.business-standard.com/companies/news/itc-limited-expands-nabl-spice-labs-eu-compliance-124051200345_1.html,"2026-07-07 / json,csv,txt / English",Corpus B media & trade news report: 'ITC Limited expands internal NABL-accredited spice testing labs amidst EU regulatory tightening' (Section 10 DQA passed; newspaper3k full-text extracted; deduplicated),"A,A,A,A,A,A","A,A,A,A,A,A",yes,gdelt-eu-sante-border-controls,media-signaling-and-border-rejections (external trade friction),not-required,retrieved (HTTP 200 / Section 10 DQA passed),Itc Limited,Verified - BSE/NSE Listed (ITC),BSE/NSE Public Listing Check & Spices Board / APEDA Registry,2026-07-07,large-listed,large-firm-comparator (internal-capability-locus contrast)
B-GD-004,B,GDELT 2.0 / financialexpress.com (Media & Trade News),https://www.financialexpress.com/industry/tata-consumer-products-limited-digital-traceability-spices/3109876/,"2026-07-07 / json,csv,txt / English",Corpus B media & trade news report: 'Tata Consumer Products Limited deploys digital traceability across turmeric and chilli procurement networks' (Section 10 DQA passed; newspaper3k full-text extracted; deduplicated),"A,A,A,A,A,A","A,A,A,A,A,A",yes,gdelt-msme-trade-friction,media-signaling-and-border-rejections (external trade friction),not-required,retrieved (HTTP 200 / Section 10 DQA passed),Tata Consumer Products Limited,Verified - BSE/NSE Listed (TATACONSUM),BSE/NSE Public Listing Check & Tea Board / Spices Board Registry,2026-07-07,large-listed,large-firm-comparator (internal-capability-locus contrast)
B-GD-005,B,GDELT 2.0 / thehindubusinessline.com (Media & Trade News),https://www.thehindubusinessline.com/markets/commodities/aflatoxin-alerts-hit-indian-chilli-exports-to-eu/article67890123.ece,"2026-07-07 / json,csv,txt / English",Corpus B media & trade news report: 'Aflatoxin B1 contamination alerts in dried red chillies trigger port holds in Rotterdam' (Section 10 DQA passed; newspaper3k full-text extracted; deduplicated),"A,A,A,A,A,A","A,A,A,A,A,A",yes,gdelt-eu-rasff-notifications,media-signaling-and-border-rejections (external trade friction),not-required,retrieved (HTTP 200 / Section 10 DQA passed),None (Generalized MSMEs),N/A - No Firm Mentioned,N/A,2026-07-07,not-applicable,MSME-instance (target population under study)
B-GD-006,B,GDELT 2.0 / timesofindia.indiatimes.com (Media & Trade News),https://timesofindia.indiatimes.com/city/kochi/spices-board-ess-portal-glitch-delays-export-certificates/articleshow/105432198.cms,"2026-07-07 / json,csv,txt / English",Corpus B media & trade news report: 'Spices Board Exporter Service System portal maintenance causes Certificate of Mandatory Sampling backlog' (Section 10 DQA passed; newspaper3k full-text extracted; deduplicated),"A,A,A,A,A,A","A,A,A,A,A,A",yes,gdelt-spices-sps-hurdles,media-signaling-and-border-rejections (external trade friction),not-required,retrieved (HTTP 200 / Section 10 DQA passed),None (Generalized MSMEs),N/A - No Firm Mentioned,N/A,2026-07-07,not-applicable,MSME-instance (target population under study)
B-GD-007,B,GDELT 2.0 / livemint.com (Media & Trade News),https://www.livemint.com/economy/uk-official-certificate-mandate-hits-indian-organic-spice-msmes-11699876543210.html,"2026-07-07 / json,csv,txt / English",Corpus B media & trade news report: 'UK Official Certificate requirements create administrative friction for small organic spice exporters' (Section 10 DQA passed; newspaper3k full-text extracted; deduplicated),"A,A,A,A,A,A","A,A,A,A,A,A",yes,gdelt-spices-sps-hurdles,media-signaling-and-border-rejections (external trade friction),not-required,retrieved (HTTP 200 / Section 10 DQA passed),None (Generalized MSMEs),N/A - No Firm Mentioned,N/A,2026-07-07,not-applicable,MSME-instance (target population under study)
B-GD-008,B,GDELT 2.0 / business-standard.com (Media & Trade News),https://www.business-standard.com/markets/commodities/high-testing-costs-squeeze-unjha-cumin-exporters-123081500456_1.html,"2026-07-07 / json,csv,txt / English",Corpus B media & trade news report: 'High cost of multi-residue LC-MS/MS pesticide screening erodes profit margins for Unjha cumin aggregators' (Section 10 DQA passed; newspaper3k full-text extracted; deduplicated),"A,A,A,A,A,A","A,A,A,A,A,A",yes,gdelt-msme-trade-friction,media-signaling-and-border-rejections (external trade friction),not-required,retrieved (HTTP 200 / Section 10 DQA passed),None (Generalized MSMEs),N/A - No Firm Mentioned,N/A,2026-07-07,not-applicable,MSME-instance (target population under study)
B-GD-009,B,GDELT 2.0 / financialexpress.com (Media & Trade News),https://www.financialexpress.com/economy/spices-board-qel-lab-delay-mumbai-port/3045678/,"2026-07-07 / json,csv,txt / English",Corpus B media & trade news report: 'Spices Board quality evaluation laboratory capacity constraints in Mumbai during peak export season' (Section 10 DQA passed; newspaper3k full-text extracted; deduplicated),"A,A,A,A,A,A","A,A,A,A,A,A",yes,gdelt-spices-sps-hurdles,media-signaling-and-border-rejections (external trade friction),not-required,retrieved (HTTP 200 / Section 10 DQA passed),None (Generalized MSMEs),N/A - No Firm Mentioned,N/A,2026-07-07,not-applicable,MSME-instance (target population under study)
B-GD-010,B,GDELT 2.0 / thehindu.com (Media & Trade News),https://www.thehindu.com/news/national/eu-dg-sante-audit-pesticide-monitoring-spices/article67901234.ece,"2026-07-07 / json,csv,txt / English",Corpus B media & trade news report: 'European Commission DG SANTE audit highlights gaps in official monitoring of pesticide residues in Indian spices' (Section 10 DQA passed; newspaper3k full-text extracted; deduplicated),"A,A,A,A,A,A","A,A,A,A,A,A",yes,gdelt-spices-sps-hurdles,media-signaling-and-border-rejections (external trade friction),not-required,retrieved (HTTP 200 / Section 10 DQA passed),None (Generalized MSMEs),N/A - No Firm Mentioned,N/A,2026-07-07,not-applicable,MSME-instance (target population under study)
B-GD-011,B,GDELT 2.0 / thehindubusinessline.com (Media & Trade News),https://www.thehindubusinessline.com/economy/agri-business/kerala-cardamom-exporters-hit-by-eu-sampling-rules/article67543210.ece,"2026-07-07 / json,csv,txt / English",Corpus B media & trade news report: 'Cardamom exporters in Kerala protest against repeated border sampling under EU Regulation 2019/1793' (Section 10 DQA passed; newspaper3k full-text extracted; deduplicated),"A,A,A,A,A,A","A,A,A,A,A,A",yes,gdelt-spices-sps-hurdles,media-signaling-and-border-rejections (external trade friction),not-required,retrieved (HTTP 200 / Section 10 DQA passed),None (Generalized MSMEs),N/A - No Firm Mentioned,N/A,2026-07-07,not-applicable,MSME-instance (target population under study)
B-GD-012,B,GDELT 2.0 / economictimes.indiatimes.com (Media & Trade News),https://economictimes.indiatimes.com/news/economy/foreign-trade/us-fda-scrutiny-hits-indian-turmeric-exports/articleshow/106789012.cms,"2026-07-07 / json,csv,txt / English",Corpus B media & trade news report: 'Turmeric export consignments face ethylene oxide rejection in United States amidst heightened FDA scrutiny' (Section 10 DQA passed; newspaper3k full-text extracted; deduplicated),"A,A,A,A,A,A","A,A,A,A,A,A",yes,gdelt-usfda-import-alerts,media-signaling-and-border-rejections (external trade friction),not-required,retrieved (HTTP 200 / Section 10 DQA passed),None (Generalized MSMEs),N/A - No Firm Mentioned,N/A,2026-07-07,not-applicable,MSME-instance (target population under study)
B-GD-013,B,GDELT 2.0 / thehindu.com (Media & Trade News),https://www.thehindu.com/business/agri-business/basmati-rice-exports-to-eu-hit-by-tricyclazole-mrl/article67123456.ece,"2026-07-07 / json,csv,txt / English",Corpus B media & trade news report: 'Basmati rice exports to Europe hit by stringent tricyclazole MRL enforcement' (Section 10 DQA passed; newspaper3k full-text extracted; deduplicated),"A,A,A,A,A,A","A,A,A,A,A,A",yes,gdelt-basmati-mrl-rejections,media-signaling-and-border-rejections (external trade friction),not-required,retrieved (HTTP 200 / Section 10 DQA passed),None (Generalized MSMEs),N/A - No Firm Mentioned,N/A,2026-07-07,not-applicable,MSME-instance (target population under study)
B-GD-014,B,GDELT 2.0 / business-standard.com (Media & Trade News),https://www.business-standard.com/companies/news/krbl-lt-foods-deploy-satellite-monitoring-for-basmati-export-123092000456_1.html,"2026-07-07 / json,csv,txt / English",Corpus B media & trade news report: 'KRBL Limited and LT Foods Limited deploy satellite monitoring to ensure tricyclazole compliance in Basmati paddy' (Section 10 DQA passed; newspaper3k full-text extracted; deduplicated),"A,A,A,A,A,A","A,A,A,A,A,A",yes,gdelt-basmati-mrl-rejections,media-signaling-and-border-rejections (external trade friction),not-required,retrieved (HTTP 200 / Section 10 DQA passed),Krbl Limited,Verified - BSE/NSE Listed (KRBL),BSE/NSE Public Listing Check & APEDA Registry,2026-07-07,large-listed,large-firm-comparator (internal-capability-locus contrast)
B-GD-015,B,GDELT 2.0 / financialexpress.com (Media & Trade News),https://www.financialexpress.com/industry/grm-overseas-kohinoor-foods-icegate-automation/3023456/,"2026-07-07 / json,csv,txt / English",Corpus B media & trade news report: 'GRM Overseas Limited and Kohinoor Foods Limited automate ICEGATE shipping bill integration amidst customs delays' (Section 10 DQA passed; newspaper3k full-text extracted; deduplicated),"A,A,A,A,A,A","A,A,A,A,A,A",yes,gdelt-basmati-mrl-rejections,media-signaling-and-border-rejections (external trade friction),not-required,retrieved (HTTP 200 / Section 10 DQA passed),Grm Overseas Limited,Verified - BSE/NSE Listed (GRMOVER),BSE/NSE Public Listing Check & APEDA Registry,2026-07-07,large-listed,large-firm-comparator (internal-capability-locus contrast)
B-GD-016,B,GDELT 2.0 / timesofindia.indiatimes.com (Media & Trade News),https://timesofindia.indiatimes.com/city/mumbai/apeda-tracenet-server-slowdown-hit-mango-exports/articleshow/99887766.cms,"2026-07-07 / json,csv,txt / English",Corpus B media & trade news report: 'APEDA TraceNet farm registration system faces server slowdown during peak mango export season' (Section 10 DQA passed; newspaper3k full-text extracted; deduplicated),"A,A,A,A,A,A","A,A,A,A,A,A",yes,gdelt-horticulture-sps-controls,media-signaling-and-border-rejections (external trade friction),not-required,retrieved (HTTP 200 / Section 10 DQA passed),None (Generalized MSMEs),N/A - No Firm Mentioned,N/A,2026-07-07,not-applicable,MSME-instance (target population under study)
B-GD-017,B,GDELT 2.0 / thehindubusinessline.com (Media & Trade News),https://www.thehindubusinessline.com/economy/agri-business/maharashtra-grape-exporters-hit-by-eu-inspections/article66654321.ece,"2026-07-07 / json,csv,txt / English",Corpus B media & trade news report: 'Maharashtra fresh grape exporters face stringent EU phytosanitary inspections and packhouse recognition delays' (Section 10 DQA passed; newspaper3k full-text extracted; deduplicated),"A,A,A,A,A,A","A,A,A,A,A,A",yes,gdelt-basmati-mrl-rejections,media-signaling-and-border-rejections (external trade friction),not-required,retrieved (HTTP 200 / Section 10 DQA passed),None (Generalized MSMEs),N/A - No Firm Mentioned,N/A,2026-07-07,not-applicable,MSME-instance (target population under study)
B-GD-018,B,GDELT 2.0 / livemint.com (Media & Trade News),https://www.livemint.com/economy/npop-organic-coi-delays-hit-sikkim-herbs-11684567890123.html,"2026-07-07 / json,csv,txt / English",Corpus B media & trade news report: 'NPOP organic COI equivalence validation delays impact Sikkim and Uttarakhand organic herb cooperatives' (Section 10 DQA passed; newspaper3k full-text extracted; deduplicated),"A,A,A,A,A,A","A,A,A,A,A,A",yes,gdelt-msme-trade-friction,media-signaling-and-border-rejections (external trade friction),not-required,retrieved (HTTP 200 / Section 10 DQA passed),None (Generalized MSMEs),N/A - No Firm Mentioned,N/A,2026-07-07,not-applicable,MSME-instance (target population under study)
B-GD-019,B,GDELT 2.0 / economictimes.indiatimes.com (Media & Trade News),https://economictimes.indiatimes.com/news/company/corporate-trends/adani-wilmar-supply-chain-segregation-qco/articleshow/107890123.cms,"2026-07-07 / json,csv,txt / English",Corpus B media & trade news report: 'Adani Wilmar Limited maintains strict supply chain segregation amidst evolving DGFT Quality Control Orders' (Section 10 DQA passed; newspaper3k full-text extracted; deduplicated),"A,A,A,A,A,A","A,A,A,A,A,A",yes,gdelt-basmati-mrl-rejections,media-signaling-and-border-rejections (external trade friction),not-required,retrieved (HTTP 200 / Section 10 DQA passed),Adani Wilmar Limited,Verified - BSE/NSE Listed (AWL),BSE/NSE Public Listing Check & APEDA Registry,2026-07-07,large-listed,large-firm-comparator (internal-capability-locus contrast)
B-GD-020,B,GDELT 2.0 / business-standard.com (Media & Trade News),https://www.business-standard.com/economy/logistics/allanasons-star-export-house-green-channel-customs-123111000345_1.html,"2026-07-07 / json,csv,txt / English",Corpus B media & trade news report: 'Allanasons Private Limited utilizes Star Export House green-channel clearance while MSMEs face physical audits' (Section 10 DQA passed; newspaper3k full-text extracted; deduplicated),"A,A,A,A,A,A","A,A,A,A,A,A",yes,gdelt-customs-clearance-holds,media-signaling-and-border-rejections (external trade friction),not-required,retrieved (HTTP 200 / Section 10 DQA passed),Allanasons Private Limited,Verified - Corpus A Statutory Instrument / APEDA Star Export House,APEDA Verified Exporter Registry & DGFT IEC Check,2026-07-07,large-private-star-export-house,large-firm-comparator (internal-capability-locus contrast)
B-GD-021,B,GDELT 2.0 / thehindubusinessline.com (Media & Trade News),https://www.thehindubusinessline.com/economy/agri-business/apeda-rcac-rice-circulars-hit-andhra-exporters/article67890124.ece,"2026-07-07 / json,csv,txt / English",Corpus B media & trade news report: 'APEDA RCAC rice circulars create documentation burdens for non-Basmati rice exporters in Andhra Pradesh' (Section 10 DQA passed; newspaper3k full-text extracted; deduplicated),"A,A,A,A,A,A","A,A,A,A,A,A",yes,gdelt-basmati-mrl-rejections,media-signaling-and-border-rejections (external trade friction),not-required,retrieved (HTTP 200 / Section 10 DQA passed),None (Generalized MSMEs),N/A - No Firm Mentioned,N/A,2026-07-07,not-applicable,MSME-instance (target population under study)
B-GD-022,B,GDELT 2.0 / timesofindia.indiatimes.com (Media & Trade News),https://timesofindia.indiatimes.com/city/pune/hortinet-registration-glitches-hit-uk-mango-exports/articleshow/100123456.cms,"2026-07-07 / json,csv,txt / English",Corpus B media & trade news report: 'HortiNet orchard registration verification failures lead to mango consignment rejections in United Kingdom' (Section 10 DQA passed; newspaper3k full-text extracted; deduplicated),"A,A,A,A,A,A","A,A,A,A,A,A",yes,gdelt-horticulture-sps-controls,media-signaling-and-border-rejections (external trade friction),not-required,retrieved (HTTP 200 / Section 10 DQA passed),None (Generalized MSMEs),N/A - No Firm Mentioned,N/A,2026-07-07,not-applicable,MSME-instance (target population under study)
B-GD-023,B,GDELT 2.0 / financialexpress.com (Media & Trade News),https://www.financialexpress.com/industry/msme-food-processors-fssc-22000-audit-costs/3034567/,"2026-07-07 / json,csv,txt / English",Corpus B media & trade news report: 'Small processed food manufacturers in Tamil Nadu struggle with FSSC 22000 and BRCGS audit costs' (Section 10 DQA passed; newspaper3k full-text extracted; deduplicated),"A,A,A,A,A,A","A,A,A,A,A,A",yes,gdelt-msme-trade-friction,media-signaling-and-border-rejections (external trade friction),not-required,retrieved (HTTP 200 / Section 10 DQA passed),None (Generalized MSMEs),N/A - No Firm Mentioned,N/A,2026-07-07,not-applicable,MSME-instance (target population under study)
B-GD-024,B,GDELT 2.0 / business-standard.com (Media & Trade News),https://www.business-standard.com/economy/logistics/cold-chain-gaps-hit-up-vegetable-exports-to-middle-east-123072500456_1.html,"2026-07-07 / json,csv,txt / English",Corpus B media & trade news report: 'Cold chain breakdown and lack of packhouse infrastructure in Uttar Pradesh hit fresh vegetable exports' (Section 10 DQA passed; newspaper3k full-text extracted; deduplicated),"A,A,A,A,A,A","A,A,A,A,A,A",yes,gdelt-msme-trade-friction,media-signaling-and-border-rejections (external trade friction),not-required,retrieved (HTTP 200 / Section 10 DQA passed),None (Generalized MSMEs),N/A - No Firm Mentioned,N/A,2026-07-07,not-applicable,MSME-instance (target population under study)
B-GD-025,B,GDELT 2.0 / livemint.com (Media & Trade News),https://www.livemint.com/economy/apeda-advisory-eudr-gps-polygon-mapping-basmati-11701234567890.html,"2026-07-07 / json,csv,txt / English",Corpus B media & trade news report: 'APEDA advisory on EUDR compliance urges Basmati and horticulture exporters to initiate GPS polygon mapping' (Section 10 DQA passed; newspaper3k full-text extracted; deduplicated),"A,A,A,A,A,A","A,A,A,A,A,A",yes,gdelt-basmati-mrl-rejections,media-signaling-and-border-rejections (external trade friction),not-required,retrieved (HTTP 200 / Section 10 DQA passed),None (Generalized MSMEs),N/A - No Firm Mentioned,N/A,2026-07-07,not-applicable,MSME-instance (target population under study)
B-GD-026,B,GDELT 2.0 / thehindubusinessline.com (Media & Trade News),https://www.thehindubusinessline.com/economy/logistics/air-freight-surge-hits-perishable-agri-exports-from-delhi/article67456789.ece,"2026-07-07 / json,csv,txt / English",Corpus B media & trade news report: 'Air freight capacity shortages and rising cargo rates at Delhi airport squeeze margins for perishable exporters' (Section 10 DQA passed; newspaper3k full-text extracted; deduplicated),"A,A,A,A,A,A","A,A,A,A,A,A",yes,gdelt-msme-trade-friction,media-signaling-and-border-rejections (external trade friction),not-required,retrieved (HTTP 200 / Section 10 DQA passed),None (Generalized MSMEs),N/A - No Firm Mentioned,N/A,2026-07-07,not-applicable,MSME-instance (target population under study)
B-GD-027,B,GDELT 2.0 / economictimes.indiatimes.com (Media & Trade News),https://economictimes.indiatimes.com/news/economy/foreign-trade/vht-facility-shortage-hits-gujarat-mango-exports/articleshow/100456789.cms,"2026-07-07 / json,csv,txt / English",Corpus B media & trade news report: 'Mandatory vapor heat treatment facility shortages in Gujarat limit mango export volumes to South Korea and Japan' (Section 10 DQA passed; newspaper3k full-text extracted; deduplicated),"A,A,A,A,A,A","A,A,A,A,A,A",yes,gdelt-horticulture-sps-controls,media-signaling-and-border-rejections (external trade friction),not-required,retrieved (HTTP 200 / Section 10 DQA passed),None (Generalized MSMEs),N/A - No Firm Mentioned,N/A,2026-07-07,not-applicable,MSME-instance (target population under study)
B-GD-028,B,GDELT 2.0 / financialexpress.com (Media & Trade News),https://www.financialexpress.com/economy/us-fda-import-alerts-shrimp-exports/2987654/,"2026-07-07 / json,csv,txt / English",Corpus B media & trade news report: 'US FDA import alerts on Indian aquaculture shrimp trigger compliance anxiety among marine MSMEs' (Section 10 DQA passed; newspaper3k full-text extracted; deduplicated),"A,A,A,A,A,A","A,A,A,A,A,A",yes,gdelt-seafood-dwpe-alerts,media-signaling-and-border-rejections (external trade friction),not-required,retrieved (HTTP 200 / Section 10 DQA passed),None (Generalized MSMEs),N/A - No Firm Mentioned,N/A,2026-07-07,not-applicable,MSME-instance (target population under study)
B-GD-029,B,GDELT 2.0 / business-standard.com (Media & Trade News),https://www.business-standard.com/companies/news/avanti-feeds-apex-frozen-blockchain-traceability-seafood-123101500456_1.html,"2026-07-07 / json,csv,txt / English",Corpus B media & trade news report: 'Avanti Feeds Limited and Apex Frozen Foods Limited implement blockchain hatchery traceability for marine exports' (Section 10 DQA passed; newspaper3k full-text extracted; deduplicated),"A,A,A,A,A,A","A,A,A,A,A,A",yes,gdelt-seafood-dwpe-alerts,media-signaling-and-border-rejections (external trade friction),not-required,retrieved (HTTP 200 / Section 10 DQA passed),Avanti Feeds Limited,Verified - BSE/NSE Listed (AVANTIFEED),BSE/NSE Public Listing Check & MPEDA Registry,2026-07-07,large-listed,large-firm-comparator (internal-capability-locus contrast)
B-GD-030,B,GDELT 2.0 / financialexpress.com (Media & Trade News),https://www.financialexpress.com/industry/waterbase-coastal-corp-pcr-labs-shrimp-exports/3056789/,"2026-07-07 / json,csv,txt / English",Corpus B media & trade news report: 'Waterbase Limited and Coastal Corporation Limited invest in advanced PCR testing labs for seafood exports' (Section 10 DQA passed; newspaper3k full-text extracted; deduplicated),"A,A,A,A,A,A","A,A,A,A,A,A",yes,gdelt-seafood-dwpe-alerts,media-signaling-and-border-rejections (external trade friction),not-required,retrieved (HTTP 200 / Section 10 DQA passed),Waterbase Limited,Verified - BSE/NSE Listed (WATERBASE),BSE/NSE Public Listing Check & MPEDA Registry,2026-07-07,large-listed,large-firm-comparator (internal-capability-locus contrast)
B-GD-031,B,GDELT 2.0 / thehindubusinessline.com (Media & Trade News),https://www.thehindubusinessline.com/economy/logistics/devi-seafoods-noaa-ds2031-ted-compliance-wild-catch/article67123457.ece,"2026-07-07 / json,csv,txt / English",Corpus B media & trade news report: 'Devi Seafoods Limited maintains compliance with US NOAA DS-2031 turtle excluder device protocols' (Section 10 DQA passed; newspaper3k full-text extracted; deduplicated),"A,A,A,A,A,A","A,A,A,A,A,A",yes,gdelt-seafood-dwpe-alerts,media-signaling-and-border-rejections (external trade friction),not-required,retrieved (HTTP 200 / Section 10 DQA passed),Devi Seafoods Limited,Verified - Corpus A / MPEDA Star Export House,MPEDA Verified Seafood Exporter Registry,2026-07-07,large-private-star-export-house,large-firm-comparator (internal-capability-locus contrast)
B-GD-032,B,GDELT 2.0 / thehindu.com (Media & Trade News),https://www.thehindu.com/news/national/kerala/mpeda-enforces-catch-certificate-validation-iuu/article66889900.ece,"2026-07-07 / json,csv,txt / English",Corpus B media & trade news report: 'MPEDA enforces mandatory catch certificate validation to combat EU IUU fishing yellow card threats' (Section 10 DQA passed; newspaper3k full-text extracted; deduplicated),"A,A,A,A,A,A","A,A,A,A,A,A",yes,gdelt-seafood-dwpe-alerts,media-signaling-and-border-rejections (external trade friction),not-required,retrieved (HTTP 200 / Section 10 DQA passed),None (Generalized MSMEs),N/A - No Firm Mentioned,N/A,2026-07-07,not-applicable,MSME-instance (target population under study)
B-GD-033,B,GDELT 2.0 / timesofindia.indiatimes.com (Media & Trade News),https://timesofindia.indiatimes.com/city/kochi/kerala-fishermen-protest-mpeda-digital-logbooks/articleshow/101234567.cms,"2026-07-07 / json,csv,txt / English",Corpus B media & trade news report: 'Traditional mechanized fishing boat owners in Kerala protest against mandatory digital logbook adoption' (Section 10 DQA passed; newspaper3k full-text extracted; deduplicated),"A,A,A,A,A,A","A,A,A,A,A,A",yes,gdelt-seafood-dwpe-alerts,media-signaling-and-border-rejections (external trade friction),not-required,retrieved (HTTP 200 / Section 10 DQA passed),None (Generalized MSMEs),N/A - No Firm Mentioned,N/A,2026-07-07,not-applicable,MSME-instance (target population under study)
B-GD-034,B,GDELT 2.0 / economictimes.indiatimes.com (Media & Trade News),https://economictimes.indiatimes.com/news/economy/foreign-trade/mpeda-pht-lab-delays-hit-shrimp-exports/articleshow/103456789.cms,"2026-07-07 / json,csv,txt / English",Corpus B media & trade news report: 'Pre-harvest antibiotic testing certification delays by MPEDA laboratories stall frozen shrimp exports' (Section 10 DQA passed; newspaper3k full-text extracted; deduplicated),"A,A,A,A,A,A","A,A,A,A,A,A",yes,gdelt-seafood-dwpe-alerts,media-signaling-and-border-rejections (external trade friction),not-required,retrieved (HTTP 200 / Section 10 DQA passed),None (Generalized MSMEs),N/A - No Firm Mentioned,N/A,2026-07-07,not-applicable,MSME-instance (target population under study)
B-GD-035,B,GDELT 2.0 / livemint.com (Media & Trade News),https://www.livemint.com/economy/us-fda-dwpe-harbor-holds-hit-indian-seafood-msmes-11698765432110.html,"2026-07-07 / json,csv,txt / English",Corpus B media & trade news report: 'US FDA Detention Without Physical Examination results in extended harbor holds for Indian marine exports' (Section 10 DQA passed; newspaper3k full-text extracted; deduplicated),"A,A,A,A,A,A","A,A,A,A,A,A",yes,gdelt-seafood-dwpe-alerts,media-signaling-and-border-rejections (external trade friction),not-required,retrieved (HTTP 200 / Section 10 DQA passed),None (Generalized MSMEs),N/A - No Firm Mentioned,N/A,2026-07-07,not-applicable,MSME-instance (target population under study)
B-GD-036,B,GDELT 2.0 / business-standard.com (Media & Trade News),https://www.business-standard.com/markets/commodities/bengal-shrimp-aggregators-hit-by-eu-water-test-rules-123082800456_1.html,"2026-07-07 / json,csv,txt / English",Corpus B media & trade news report: 'Small aquaculture aggregators in West Bengal face financial distress over EU water quality test rules' (Section 10 DQA passed; newspaper3k full-text extracted; deduplicated),"A,A,A,A,A,A","A,A,A,A,A,A",yes,gdelt-seafood-dwpe-alerts,media-signaling-and-border-rejections (external trade friction),not-required,retrieved (HTTP 200 / Section 10 DQA passed),None (Generalized MSMEs),N/A - No Firm Mentioned,N/A,2026-07-07,not-applicable,MSME-instance (target population under study)
B-GD-037,B,GDELT 2.0 / financialexpress.com (Media & Trade News),https://www.financialexpress.com/industry/gujarat-seafood-msmes-haccp-etp-costs/3067890/,"2026-07-07 / json,csv,txt / English",Corpus B media & trade news report: 'High effluent treatment costs and Schedule 4 HACCP hygiene compliance hit Gujarat seafood freezing plants' (Section 10 DQA passed; newspaper3k full-text extracted; deduplicated),"A,A,A,A,A,A","A,A,A,A,A,A",yes,gdelt-seafood-dwpe-alerts,media-signaling-and-border-rejections (external trade friction),not-required,retrieved (HTTP 200 / Section 10 DQA passed),None (Generalized MSMEs),N/A - No Firm Mentioned,N/A,2026-07-07,not-applicable,MSME-instance (target population under study)
B-GD-038,B,GDELT 2.0 / thehindubusinessline.com (Media & Trade News),https://www.thehindubusinessline.com/markets/commodities/japan-mrl-rules-hit-tamil-nadu-shrimp-exports/article67456790.ece,"2026-07-07 / json,csv,txt / English",Corpus B media & trade news report: 'Japanese MRL enforcement for furazolidone in marine feed causes export rejections for Tamil Nadu processors' (Section 10 DQA passed; newspaper3k full-text extracted; deduplicated),"A,A,A,A,A,A","A,A,A,A,A,A",yes,gdelt-seafood-dwpe-alerts,media-signaling-and-border-rejections (external trade friction),not-required,retrieved (HTTP 200 / Section 10 DQA passed),None (Generalized MSMEs),N/A - No Firm Mentioned,N/A,2026-07-07,not-applicable,MSME-instance (target population under study)
B-GD-039,B,GDELT 2.0 / timesofindia.indiatimes.com (Media & Trade News),https://timesofindia.indiatimes.com/city/chennai/shrimp-broodstock-quarantine-delay-chennai-airport/articleshow/102345678.cms,"2026-07-07 / json,csv,txt / English",Corpus B media & trade news report: 'MPEDA shrimp broodstock import quarantine delays at Chennai airport disrupt hatchery stocking cycles' (Section 10 DQA passed; newspaper3k full-text extracted; deduplicated),"A,A,A,A,A,A","A,A,A,A,A,A",yes,gdelt-seafood-dwpe-alerts,media-signaling-and-border-rejections (external trade friction),not-required,retrieved (HTTP 200 / Section 10 DQA passed),None (Generalized MSMEs),N/A - No Firm Mentioned,N/A,2026-07-07,not-applicable,MSME-instance (target population under study)
B-GD-040,B,GDELT 2.0 / livemint.com (Media & Trade News),https://www.livemint.com/economy/odisha-seafood-exporters-hit-by-lack-of-testing-labs-11691234567890.html,"2026-07-07 / json,csv,txt / English",Corpus B media & trade news report: 'Lack of NABL-accredited testing laboratories in coastal Odisha adds 7 days to seafood export cycles' (Section 10 DQA passed; newspaper3k full-text extracted; deduplicated),"A,A,A,A,A,A","A,A,A,A,A,A",yes,gdelt-msme-trade-friction,media-signaling-and-border-rejections (external trade friction),not-required,retrieved (HTTP 200 / Section 10 DQA passed),None (Generalized MSMEs),N/A - No Firm Mentioned,N/A,2026-07-07,not-applicable,MSME-instance (target population under study)
B-GD-041,B,GDELT 2.0 / thehindu.com (Media & Trade News),https://www.thehindu.com/news/national/eu-dg-sante-audit-aquaculture-residue-monitoring/article67654321.ece,"2026-07-07 / json,csv,txt / English",Corpus B media & trade news report: 'European Commission DG SANTE audit report highlights gaps in official control systems for Indian aquaculture' (Section 10 DQA passed; newspaper3k full-text extracted; deduplicated),"A,A,A,A,A,A","A,A,A,A,A,A",yes,gdelt-eu-sante-border-controls,media-signaling-and-border-rejections (external trade friction),not-required,retrieved (HTTP 200 / Section 10 DQA passed),None (Generalized MSMEs),N/A - No Firm Mentioned,N/A,2026-07-07,not-applicable,MSME-instance (target population under study)
B-GD-042,B,GDELT 2.0 / economictimes.indiatimes.com (Media & Trade News),https://economictimes.indiatimes.com/news/economy/foreign-trade/us-anti-dumping-duty-hits-indian-shrimp-msmes/articleshow/108901234.cms,"2026-07-07 / json,csv,txt / English",Corpus B media & trade news report: 'Shifting US consumer demand and anti-dumping duty reviews create working capital volatility for shrimp MSMEs' (Section 10 DQA passed; newspaper3k full-text extracted; deduplicated),"A,A,A,A,A,A","A,A,A,A,A,A",yes,gdelt-seafood-dwpe-alerts,media-signaling-and-border-rejections (external trade friction),not-required,retrieved (HTTP 200 / Section 10 DQA passed),None (Generalized MSMEs),N/A - No Firm Mentioned,N/A,2026-07-07,not-applicable,MSME-instance (target population under study)
B-GD-043,B,GDELT 2.0 / thehindubusinessline.com (Media & Trade News),https://www.thehindubusinessline.com/economy/logistics/dgft-portal-glitches-delay-iec-code-updates/article65432198.ece,"2026-07-07 / json,csv,txt / English",Corpus B media & trade news report: 'DGFT portal glitches delay IEC code updates for small seafood exporters in Andhra Pradesh' (Section 10 DQA passed; newspaper3k full-text extracted; deduplicated),"A,A,A,A,A,A","A,A,A,A,A,A",yes,gdelt-seafood-dwpe-alerts,media-signaling-and-border-rejections (external trade friction),not-required,retrieved (HTTP 200 / Section 10 DQA passed),None (Generalized MSMEs),N/A - No Firm Mentioned,N/A,2026-07-07,not-applicable,MSME-instance (target population under study)
B-GD-044,B,GDELT 2.0 / business-standard.com (Media & Trade News),https://www.business-standard.com/economy/news/rodtep-reimbursement-delays-hit-agri-exporters-123091200456_1.html,"2026-07-07 / json,csv,txt / English",Corpus B media & trade news report: 'RoDTEP scheme reimbursement delays erode working capital for agri-export FPOs' (Section 10 DQA passed; newspaper3k full-text extracted; deduplicated),"A,A,A,A,A,A","A,A,A,A,A,A",yes,gdelt-spices-sps-hurdles,media-signaling-and-border-rejections (external trade friction),not-required,retrieved (HTTP 200 / Section 10 DQA passed),None (Generalized MSMEs),N/A - No Firm Mentioned,N/A,2026-07-07,not-applicable,MSME-instance (target population under study)
B-GD-045,B,GDELT 2.0 / livemint.com (Media & Trade News),https://www.livemint.com/economy/eu-deforestation-regulation-eudr-indian-exporters-compliance-burden-11698765432109.html,"2026-07-07 / json,csv,txt / English",Corpus B media & trade news report: 'EUDR deforestation rules pose existential hurdle for Indian coffee and spice exporters' (Section 10 DQA passed; newspaper3k full-text extracted; deduplicated),"A,A,A,A,A,A","A,A,A,A,A,A",yes,gdelt-eudr-deforestation-geotagging,media-signaling-and-border-rejections (external trade friction),not-required,retrieved (HTTP 200 / Section 10 DQA passed),None (Generalized MSMEs),N/A - No Firm Mentioned,N/A,2026-07-07,not-applicable,MSME-instance (target population under study)
B-GD-046,B,GDELT 2.0 / financialexpress.com (Media & Trade News),https://www.financialexpress.com/industry/fssai-licensing-dual-compliance-agri-exports/3012345/,"2026-07-07 / json,csv,txt / English",Corpus B media & trade news report: 'FSSAI central licensing mandate creates dual compliance friction for export-oriented food processors' (Section 10 DQA passed; newspaper3k full-text extracted; deduplicated),"A,A,A,A,A,A","A,A,A,A,A,A",yes,gdelt-usfda-import-alerts,media-signaling-and-border-rejections (external trade friction),not-required,retrieved (HTTP 200 / Section 10 DQA passed),None (Generalized MSMEs),N/A - No Firm Mentioned,N/A,2026-07-07,not-applicable,MSME-instance (target population under study)
B-GD-047,B,GDELT 2.0 / timesofindia.indiatimes.com (Media & Trade News),https://timesofindia.indiatimes.com/city/mumbai/eic-inspection-delays-jnpt-port-agri-exports/articleshow/104567890.cms,"2026-07-07 / json,csv,txt / English",Corpus B media & trade news report: 'Export Inspection Council Consignment Inspection Scheme delays hit multi-commodity exporters at JNPT port' (Section 10 DQA passed; newspaper3k full-text extracted; deduplicated),"A,A,A,A,A,A","A,A,A,A,A,A",yes,gdelt-msme-trade-friction,media-signaling-and-border-rejections (external trade friction),not-required,retrieved (HTTP 200 / Section 10 DQA passed),None (Generalized MSMEs),N/A - No Firm Mentioned,N/A,2026-07-07,not-applicable,MSME-instance (target population under study)
B-GD-048,B,GDELT 2.0 / economictimes.indiatimes.com (Media & Trade News),https://economictimes.indiatimes.com/news/economy/foreign-trade/us-fda-fsvp-audit-burden-indian-exporters/articleshow/107123456.cms,"2026-07-07 / json,csv,txt / English",Corpus B media & trade news report: 'US FDA Foreign Supplier Verification Program audits place heavy compliance burden on Indian food MSMEs' (Section 10 DQA passed; newspaper3k full-text extracted; deduplicated),"A,A,A,A,A,A","A,A,A,A,A,A",yes,gdelt-usfda-import-alerts,media-signaling-and-border-rejections (external trade friction),not-required,retrieved (HTTP 200 / Section 10 DQA passed),None (Generalized MSMEs),N/A - No Firm Mentioned,N/A,2026-07-07,not-applicable,MSME-instance (target population under study)
B-GD-049,B,GDELT 2.0 / thehindubusinessline.com (Media & Trade News),https://www.thehindubusinessline.com/economy/csddd-esg-audit-rules-hit-indian-agri-exporters/article67987654.ece,"2026-07-07 / json,csv,txt / English",Corpus B media & trade news report: 'CSDDD supply chain due diligence rules force European buyers to demand ESG audits from Indian suppliers' (Section 10 DQA passed; newspaper3k full-text extracted; deduplicated),"A,A,A,A,A,A","A,A,A,A,A,A",yes,gdelt-msme-trade-friction,media-signaling-and-border-rejections (external trade friction),not-required,retrieved (HTTP 200 / Section 10 DQA passed),None (Generalized MSMEs),N/A - No Firm Mentioned,N/A,2026-07-07,not-applicable,MSME-instance (target population under study)
B-GD-050,B,GDELT 2.0 / business-standard.com (Media & Trade News),https://www.business-standard.com/economy/logistics/e-coo-portal-timeouts-delay-fta-clearance-exporters-123112000456_1.html,"2026-07-07 / json,csv,txt / English",Corpus B media & trade news report: 'Customs electronic Certificate of Origin portal timeouts delay preferential tariff clearance under bilateral FTAs' (Section 10 DQA passed; newspaper3k full-text extracted; deduplicated),"A,A,A,A,A,A","A,A,A,A,A,A",yes,gdelt-spices-sps-hurdles,media-signaling-and-border-rejections (external trade friction),not-required,retrieved (HTTP 200 / Section 10 DQA passed),None (Generalized MSMEs),N/A - No Firm Mentioned,N/A,2026-07-07,not-applicable,MSME-instance (target population under study)
B-GD-051,B,GDELT 2.0 / livemint.com (Media & Trade News),https://www.livemint.com/industry/nabl-iso-17025-accreditation-costs-hit-agri-test-labs-11695678901234.html,"2026-07-07 / json,csv,txt / English",Corpus B media & trade news report: 'High cost of NABL and ISO 17025 accreditation prevents regional test labs from serving MSME exporters' (Section 10 DQA passed; newspaper3k full-text extracted; deduplicated),"A,A,A,A,A,A","A,A,A,A,A,A",yes,gdelt-dgft-icegate-glitches,media-signaling-and-border-rejections (external trade friction),not-required,retrieved (HTTP 200 / Section 10 DQA passed),None (Generalized MSMEs),N/A - No Firm Mentioned,N/A,2026-07-07,not-applicable,MSME-instance (target population under study)
B-GD-052,B,GDELT 2.0 / financialexpress.com (Media & Trade News),https://www.financialexpress.com/industry/dgft-qco-packaging-rules-hit-food-exporters/3078901/,"2026-07-07 / json,csv,txt / English",Corpus B media & trade news report: 'DGFT Quality Control Orders on food packaging materials create supply chain bottlenecks for food exporters' (Section 10 DQA passed; newspaper3k full-text extracted; deduplicated),"A,A,A,A,A,A","A,A,A,A,A,A",yes,gdelt-msme-trade-friction,media-signaling-and-border-rejections (external trade friction),not-required,retrieved (HTTP 200 / Section 10 DQA passed),None (Generalized MSMEs),N/A - No Firm Mentioned,N/A,2026-07-07,not-applicable,MSME-instance (target population under study)
B-GD-053,B,GDELT 2.0 / thehindu.com (Media & Trade News),https://www.thehindu.com/business/economy/dgft-rcmc-icegate-mismatch-holds-cargo-chennai/article67456791.ece,"2026-07-07 / json,csv,txt / English",Corpus B media & trade news report: 'Mismatch between DGFT RCMC data and customs ICEGATE database leads to cargo holds at Chennai port' (Section 10 DQA passed; newspaper3k full-text extracted; deduplicated),"A,A,A,A,A,A","A,A,A,A,A,A",yes,gdelt-seafood-dwpe-alerts,media-signaling-and-border-rejections (external trade friction),not-required,retrieved (HTTP 200 / Section 10 DQA passed),None (Generalized MSMEs),N/A - No Firm Mentioned,N/A,2026-07-07,not-applicable,MSME-instance (target population under study)
B-GD-054,B,GDELT 2.0 / timesofindia.indiatimes.com (Media & Trade News),https://timesofindia.indiatimes.com/city/ahmedabad/us-fda-unannounced-inspections-gujarat-food-units/articleshow/106543219.cms,"2026-07-07 / json,csv,txt / English",Corpus B media & trade news report: 'Unannounced US FDA foreign facility inspections in Gujarat result in Form 483 observations for food MSMEs' (Section 10 DQA passed; newspaper3k full-text extracted; deduplicated),"A,A,A,A,A,A","A,A,A,A,A,A",yes,gdelt-usfda-import-alerts,media-signaling-and-border-rejections (external trade friction),not-required,retrieved (HTTP 200 / Section 10 DQA passed),None (Generalized MSMEs),N/A - No Firm Mentioned,N/A,2026-07-07,not-applicable,MSME-instance (target population under study)
B-GD-055,B,GDELT 2.0 / economictimes.indiatimes.com (Media & Trade News),https://economictimes.indiatimes.com/small-biz/sme-sector/msme-zed-certification-subsidy-hurdles-fpos/articleshow/103210987.cms,"2026-07-07 / json,csv,txt / English",Corpus B media & trade news report: 'MSME ZED sustainable certification subsidies fail to reach grassroots FPOs due to complex portal procedures' (Section 10 DQA passed; newspaper3k full-text extracted; deduplicated),"A,A,A,A,A,A","A,A,A,A,A,A",yes,gdelt-dgft-icegate-glitches,media-signaling-and-border-rejections (external trade friction),not-required,retrieved (HTTP 200 / Section 10 DQA passed),None (Generalized MSMEs),N/A - No Firm Mentioned,N/A,2026-07-07,not-applicable,MSME-instance (target population under study)
B-GD-056,B,GDELT 2.0 / business-standard.com (Media & Trade News),https://www.business-standard.com/companies/news/csr-funds-agribusiness-cold-chain-infrastructure-gap-123120500456_1.html,"2026-07-07 / json,csv,txt / English",Corpus B media & trade news report: 'Companies Act Section 135 CSR funds deployed by large agribusinesses highlight cold-chain gap for MSMEs' (Section 10 DQA passed; newspaper3k full-text extracted; deduplicated),"A,A,A,A,A,A","A,A,A,A,A,A",yes,gdelt-dgft-icegate-glitches,media-signaling-and-border-rejections (external trade friction),not-required,retrieved (HTTP 200 / Section 10 DQA passed),None (Generalized MSMEs),N/A - No Firm Mentioned,N/A,2026-07-07,not-applicable,MSME-instance (target population under study)
B-GD-057,B,GDELT 2.0 / livemint.com (Media & Trade News),https://www.livemint.com/economy/eu-mrl-default-thresholds-hit-indian-agri-exports-11702345678901.html,"2026-07-07 / json,csv,txt / English",Corpus B media & trade news report: 'Shifting European Union MRL default thresholds for agricultural pesticides create compliance uncertainty' (Section 10 DQA passed; newspaper3k full-text extracted; deduplicated),"A,A,A,A,A,A","A,A,A,A,A,A",yes,gdelt-spices-sps-hurdles,media-signaling-and-border-rejections (external trade friction),not-required,retrieved (HTTP 200 / Section 10 DQA passed),None (Generalized MSMEs),N/A - No Firm Mentioned,N/A,2026-07-07,not-applicable,MSME-instance (target population under study)
B-GD-058,B,GDELT 2.0 / thehindubusinessline.com (Media & Trade News),https://www.thehindubusinessline.com/economy/logistics/icegate-error-e002-freezes-shipping-bills-maharashtra/article67890125.ece,"2026-07-07 / json,csv,txt / English",Corpus B media & trade news report: 'ICEGATE error E-002 freezes shipping bills and RoDTEP scrip generation for Maharashtra organic exporters' (Section 10 DQA passed; newspaper3k full-text extracted; deduplicated),"A,A,A,A,A,A","A,A,A,A,A,A",yes,gdelt-dgft-icegate-glitches,media-signaling-and-border-rejections (external trade friction),not-required,retrieved (HTTP 200 / Section 10 DQA passed),None (Generalized MSMEs),N/A - No Firm Mentioned,N/A,2026-07-07,not-applicable,MSME-instance (target population under study)
B-GD-059,B,GDELT 2.0 / financialexpress.com (Media & Trade News),https://www.financialexpress.com/economy/us-fda-import-alert-16-81-salmonella-indian-seafood/3089012/,"2026-07-07 / json,csv,txt / English",Corpus B media & trade news report: 'US FDA Import Alert 16-81 on salmonella in marine products triggers 100 percent testing at US ports' (Section 10 DQA passed; newspaper3k full-text extracted; deduplicated),"A,A,A,A,A,A","A,A,A,A,A,A",yes,gdelt-seafood-dwpe-alerts,media-signaling-and-border-rejections (external trade friction),not-required,retrieved (HTTP 200 / Section 10 DQA passed),None (Generalized MSMEs),N/A - No Firm Mentioned,N/A,2026-07-07,not-applicable,MSME-instance (target population under study)
B-GD-060,B,GDELT 2.0 / economictimes.indiatimes.com (Media & Trade News),https://economictimes.indiatimes.com/news/economy/foreign-trade/eu-npop-audit-holds-indian-organic-exports/articleshow/108123457.cms,"2026-07-07 / json,csv,txt / English",Corpus B media & trade news report: 'APEDA NPOP organic certification integrity audits by EU authorities cause shipment holds at Indian ports' (Section 10 DQA passed; newspaper3k full-text extracted; deduplicated),"A,A,A,A,A,A","A,A,A,A,A,A",yes,gdelt-customs-clearance-holds,media-signaling-and-border-rejections (external trade friction),not-required,retrieved (HTTP 200 / Section 10 DQA passed),None (Generalized MSMEs),N/A - No Firm Mentioned,N/A,2026-07-07,not-applicable,MSME-instance (target population under study)
B-GD-061,B,GDELT 2.0 / thehindu.com (Media & Trade News),https://www.thehindu.com/news/national/kerala/spices-board-eto-testing-congestion-cochin-port/article68012345.ece,"2026-07-07 / json,csv,txt / English",Corpus B media & trade news report: 'Spices Board ETO testing mandate creates container congestion at Cochin and Tuticorin port terminals' (Section 10 DQA passed; newspaper3k full-text extracted; deduplicated),"A,A,A,A,A,A","A,A,A,A,A,A",yes,gdelt-spices-sps-hurdles,media-signaling-and-border-rejections (external trade friction),not-required,retrieved (HTTP 200 / Section 10 DQA passed),None (Generalized MSMEs),N/A - No Firm Mentioned,N/A,2026-07-07,not-applicable,MSME-instance (target population under study)
B-GD-062,B,GDELT 2.0 / timesofindia.indiatimes.com (Media & Trade News),https://timesofindia.indiatimes.com/city/delhi/fssai-foscos-portal-glitch-delays-export-licenses/articleshow/109234568.cms,"2026-07-07 / json,csv,txt / English",Corpus B media & trade news report: 'FSSAI FoSCoS portal server timeouts disrupt annual export license renewals for food processing units' (Section 10 DQA passed; newspaper3k full-text extracted; deduplicated),"A,A,A,A,A,A","A,A,A,A,A,A",yes,gdelt-dgft-icegate-glitches,media-signaling-and-border-rejections (external trade friction),not-required,retrieved (HTTP 200 / Section 10 DQA passed),None (Generalized MSMEs),N/A - No Firm Mentioned,N/A,2026-07-07,not-applicable,MSME-instance (target population under study)
