"unit_id","source_type","parent_doc_id","corpus_tier","locus_tag","verification_logic","dqa_score","word_count","text","commodity_group","activity_channel","commodity_x_activity","source_name_instrument_body","institutional_pillar","digital_system_flag","digital_systems_mentioned"
"A-APEDA-102-C01","chunk","A-APEDA-102","A","inductive-other","not-applicable","A,M,M,A,M,M",374,"[Page 1]
Frata faera uiferexct
witst (Pier Ya GET AAT, ANG GER)
APEDA a Agricultural and Processed Food Products
Export Development Authority
(Ministry of Commerce & Industry, Govt. of India)
File No.: CRL-2020-21-000031
ADVISORY
Subject: Advisory for rice exports to Philippines- reg.
This has reference to the APEDA Advisory CRL-2020-21-000031 dated 21.11.2025 regarding
the extension in suspension of importation of rice by the Philippines and thereby, the temporary
suspension of issuance of RCAC for Export of milled non-Basmati Rice to the Philippines (Copy
enclosed).
Subsequent to the issuance of the above Advisory, in a press release issued by the Department of
Agriculture, Government of the Philippines concerning import of rice, it is stated that:

a. Bureau of Plant Industry will begin processing applications for Sanitary and
Phytosanitary Import Clearances (SPICs) covering about 500,000 metric tons of rice,
including the 50,000 metric tons reserved for Government Agencies.

b. All shipments must arrive by mid-February to prevent imported rice from weighing on
palay prices at the start of the summer harvest.

c. When importation resumes, tariffs will rise to 20 percent from 15 percent.

d. Rice imports during the January - February window will be limited to 17 ports
nationwide: Manila, Batangas, Tacloban, Bacolod, Iligan, Cagayan de Oro, Davao,
Zamboanga, Cebu, Iloilo, Capiz, Tagbilaran, Dumaguete, Subic, Calbayog, General
Santos, and Tabaco.

In the light of the above, APEDA will resume the issuance of RCAC’s for export of milled non-
Basmati rice to the Philippines with immediate effect. Further, it is possible that the Government
of the Philippines may issue the relevant notifications concerning the above measures in due
course.
However, stakeholders are also requested to watch over the latest developments in
Philippines for any change in the policy conditions related to rice. In case of any doubt, it is
advised to consult Eol(Manila)/APEDA, as a note of abundant caution, before deciding on
the shipment.
sla

Vinita Sudhansh

General Manager
Place: New Delhi
Date: 12.01.2026

ee EE eee ee ee a ee
drat a deft dftra, waxiaeng. fatten, 3, dh gedtegeeat oar, sprer wife arf, ag Pesci — 110 016; Fras: 91-11-20867007, 20863919, 41486013, 26513219
3rd & 4th Floor, NCUI Building, 3, Siri Institutional Area, August Kranti Marg, New Delhi - 110 016; Tel : +91-11-20867007, 20863919, 41486013, 26513219","Cross-Cutting & Institutional Governance","Facility Audit & Hygiene Standards","Cross-Cutting & Institutional Governance × Facility Audit & Hygiene Standards","Corpus A Classified Pool [APEDA]","APEDA (Agricultural & Processed Food Authority)","No","None"
"A-APEDA-102-C02","chunk","A-APEDA-102","A","inductive-other","not-applicable","A,M,M,A,M,M",208,"[Page 2]
APEDA her cast Agricultural and Processed Food Products
Export Development Authority
(Ministry of Commerce & Industry, Govt. of India)
File no.: CRL-2020-21-000031
Advisory
Subject: Extension in suspension of Importation of Rice by the Philippines -reg.
Philippines had imposed a 60-day suspension on importation of well-milled and regular-milled
rice. commencing from 01 Sep 2025, which was supposed to have expired on 01 Nov 2025. Other
rice varieties such as Basmati or fragrant rice were excluded from the purview of import- |
suspension. |
| 2. As intimated by EOI Manila, the Philippines government has now extended the ban on the
above mentioned rice imports till the end of this year (31 Dec 2025).
a In view of the above, APEDA shall for the time being suspend issuance of RCAC for
Export of milled non-Basmati Rice to the Philippines, till the said import restriction is revoked by
the Philippines Government.
Wie
aa\u\ yors
Vinita Sudhanshu
General Manager
Place: New Delhi
Date: 21.11.2025
ane a eel sive, vai aang. fafeen, 3. HR) eecteqera Gha, aprea wif Ari, 7g Ree — 110 016; rary: 91-11-20857007, 20863019, 41486013, 26513219
3rd & 4th Floor, NCU! Building, 3, Siri institutional Area, Augus! Kranti Marg, New Delhi - 110 016; Tel : +91-11-20857007, 20863919. 41486013. 26513219","Cross-Cutting & Institutional Governance","Facility Audit & Hygiene Standards","Cross-Cutting & Institutional Governance × Facility Audit & Hygiene Standards","Corpus A Classified Pool [APEDA]","APEDA (Agricultural & Processed Food Authority)","No","None"
"A-APEDA-001-C01","chunk","A-APEDA-001","A","relational-power","not-applicable","A,A,A,A,A,A",250,"Title: APEDA Official Portal Root & Export Governance Overview URL: https://apeda.gov.in Scraped Date: 2026-07-03T10:41:23.830705 Home | APEDA You are being redirected to the APEDA Hindi Website Ok Close What's New Addendum II- Bids are invited for Design, Construction and Maintenance of “India Pavilion” at “THE SAUDI FOOD SHOW 2026” scheduled to be held from 27th -29th September 2026 in Jeddah, Saudi Arabia Bids are invited for Design, Construction, Maintenance and Execution of “2nd Edition of the International Reverse Buyer - Seller Meet (RBSM), scheduled to be held on 27th and 28th July 2026 at Gyan Bhawan, Patna, Bihar” Layout Plan- Bids are invited for Design, Construction, Maintenance and Execution of “2nd Edition of the International Reverse Buyer - Seller Meet (RBSM), scheduled to be held on 27th and 28th July 2026 at Gyan Bhawan, Patna, Bihar” Addendum I- Bids are invited for Design, Construction and Maintenance of “India Pavilion” at “THE SAUDI FOOD SHOW 2026” scheduled to be held from 27th -29th September 2026 in Jeddah, Saudi Arabia Procedure for import of NOP - Certified organic ingredients for value addition/processing for re-export to USA View All Sectors Market Intelligence Reports CEREALS FRESH FRUITS & VEGETABLES PROCESSED FOOD ANIMAL PRODUCTS ORGANIC PRODUCTS MILLETS CASHEW GROUNDNUT ALCOHOLIC BEVERAGES FLORICULTURE & SEEDS Cereals India is the world's second-largest producer of Rice, Wheat and other cereals. The huge demand for cereals in the global market is creating an excellent environment for the export of Indian cereal products. In 2008, India imposed a ban on","Cross-Cutting & Institutional Governance","Facility Audit & Hygiene Standards","Cross-Cutting & Institutional Governance × Facility Audit & Hygiene Standards","APEDA Official Portal / AgriExchange","APEDA (Agricultural & Processed Food Authority)","No","None"
"A-APEDA-001-C05","chunk","A-APEDA-001","A","relational-power","not-applicable","A,A,A,A,A,A",250,"important cash crops introduced to India in 16th century by Portuguese. In India, Cashew was initially introduced in Goa and further expanded to other states. As a resilient and drought resistant tree that is adaptable to poor soil conditions, it offers environmental benefits in the fight to combat deforestation and soil erosion hence it is known as Gold Mine of Waste Land. In 2022, India ranks second globally in the export of Cashew Nuts Fresh/Dried Shelled (HS Code: 080132), holding an 8.72% market share also India is the world's second-largest importer of Cashew Nuts Fresh/Dried In Shell (HS Code: 080131). Read more... Groundnut Peanut or groundnut (Arachis hypogaea) is a species in the legume or ""bean"" - (Fabaceae) family. The peanut was probably first domesticated and cultivated in the valleys of Paraguay. It is an annual herbaceous plant growing 30 to 50 cm (1.0 to 1.6 ft) tall. The leaves are opposite, pinnate with four leaflets (two opposite pairs; no terminal leaflet), each leaflet 1 to 7 cm (0.3 to 2 inches) long and 1 to 3 cm (0.3 to 1 inch) broad. Peanuts are known by many other local names such as earthnuts, ground nuts, goober peas, monkey nuts, pygmy nuts and pig nuts. Read more... Alcoholic Beverages An alcoholic beverage is a drink containing ethanol, commonly known as alcohol. Alcoholic beverages are divided into three general classes: beers, wines and spirits. Today, Indian beer is brewed at various places in the country and is mainly top-fermented. Indian rums","Cross-Cutting & Institutional Governance","Facility Audit & Hygiene Standards","Cross-Cutting & Institutional Governance × Facility Audit & Hygiene Standards","APEDA Official Portal / AgriExchange","APEDA (Agricultural & Processed Food Authority)","No","None"
"A-APEDA-001-C09","chunk","A-APEDA-001","A","relational-power","not-applicable","A,A,A,A,A,A",380,"2026 by: PIB Delhi Download APEDA Organizes Organic Conclave-cum-Buyer Seller Meet to Strengthen Agri-Exports from Assam Posted On: 20 January, 2026 by: PIB Delhi Download APEDA Inaugurates Regional Office in Raipur to Boost Agri and Processed Food Exports from Chhattisgarh Posted On: 12 January, 2026 by: PIB Delhi Download APEDA organises BHARATI Startup Challenge at Indusfood 2026, top startups to participate in Gulfood in Dubai and BIOFACH in Germany Posted On: 08 January, 2026 by: PIB Delhi Download APEDA Facilitates Export of 20 MT Fortified Rice from Chhattisgarh to Papua New Guinea Posted On: 05 November, 2025 by: PIB Delhi Download View All Study Reports Study on Supply Chain & Export Readiness for Organic farm Products in Sikkim 29 April, 2026 | Size: 23.31 MB | Format: pdf Download Strategies to Boost India’s Makhana Exports 27 May, 2025 | Size: 1.18 MB | Format: pdf Download Study of India Organic Market and Export Promotion Strategy 16 December, 2024 | Size: 11.87 MB | Format: pdf Download View All Inauguration and Launch of the 8th Edition of the National Programme for Organic Production (NPOP), New Delhi. APEDA India Pavilion at Africa Big Seven 2024 held in Johannesburg, South Africa APEDA India Pavilion at SEOUL Food & Hotel 2024 held in South Korea APEDA India Pavilion at MACFRUT 2024 held in Italy APEDA India Pavilion International Food and Drink 2024 APEDA India Pavilion Natural Products Expo West 2024 APEDA Pavilion 38th edition Aahar 2024 APEDA’S Participation in 7th Edition of Indus Food held from 08th -10th January, 2024 at IEML, Greater Noida, Uttar Pradesh View All Mr. Mukesh K Jain of Android Overseas from Singapore Ms. Nakkungu Hanifah of Sweets & Chocolate Uganda Ltd Steps to Mitigate Challenges Faced by Indian Peanut Exporters General Requirements for Export of APEDA Schedule Products Fondap Armelle Sienkel | CEO at DJOUDA Sarl | Africa Ms. Sanjita Lamare I Kynrong I Woman Entrepreneur I GI Tagged Lakadong Turmeric International Buyer Seller Meet Itanagar, Arunachal Pradesh, May 2022 PIDPI VIDEO ENGLISH View All FOLLOW US ON Instagram YouTube Facebook Agricultural and Processed Food Products Export Development Authority Visitors count : Last Updated on : Follow us on © Copyright 2024. This is an official website of Agricultural and Processed Food Products Export Development Authority (APEDA) Cancel OK","Cross-Cutting & Institutional Governance","Facility Audit & Hygiene Standards","Cross-Cutting & Institutional Governance × Facility Audit & Hygiene Standards","APEDA Official Portal / AgriExchange","APEDA (Agricultural & Processed Food Authority)","No","None"
"A-APEDA-002-C01","chunk","A-APEDA-002","A","relational-power","not-applicable","A,A,A,A,A,A",250,"Title: APEDA Processed Foods & Value-Added Export Portal URL: https://apeda.gov.in/ProcessedFoods Scraped Date: 2026-07-03T10:41:24.463943 Processed Foods | APEDA You are being redirected to the APEDA Hindi Website Ok Close APEDA Products APEDA Product Catalogue Cereals Fresh Fruits & Vegetables Processed Foods Animal Products Organic Products Millets Cashew Groundnut Alcoholic Beverages Floriculture & Seeds GI Products Processed Foods Introduction: The food processing sector is one of the largest sectors in India in terms of production, growth, consumption, and export. India's food processing sector covers fruit and vegetables, spices, meat and poultry, milk and milk products, alcoholic beverages, fisheries, plantations, grain processing, and other consumer product groups like confectionery, chocolates and cocoa products, soya-based products, mineral water, high protein foods, etc. Since liberalization in August 1991, proposals for projects have been proposed in various segments of the food and agro-processing industry. Besides this, Govt. has also approved proposals for joint ventures, foreign collaboration, industrial licenses and 100% export-oriented units envisaging an investment. India's food processing sector has demonstrated significant attractiveness for foreign direct investment (FDI), particularly over the past decade. From April 2000 to December 2024, the sector received a total FDI of USD 13.01 billion. Notably, the period between 2014 and 2024 alone accounted for approximately USD 7 billion in FDI equity inflow, highlighting a strong growth trajectory during these years. This robust investment underscores the critical role of the food processing industry in the Indian economy. It currently constitutes a substantial 32% of the total food market and ranks among the","Cross-Cutting & Institutional Governance","Facility Audit & Hygiene Standards","Cross-Cutting & Institutional Governance × Facility Audit & Hygiene Standards","APEDA Official Portal / AgriExchange","APEDA (Agricultural & Processed Food Authority)","No","None"
"A-APEDA-002-C02","chunk","A-APEDA-002","A","relational-power","not-applicable","A,A,A,A,A,A",341,"robust investment underscores the critical role of the food processing industry in the Indian economy. It currently constitutes a substantial 32% of the total food market and ranks among the top five sectors in terms of production, consumption, exports, and anticipated growth. The consistent increase in FDI inflows reflects growing global confidence in India's food processing capabilities and its potential as a major economic driver. Exports: India's exports of Processed Food were Rs. 7,886.62 USD Millions in 2024-25, which is as follows: Items Exports FY25 (USD Mil) Miscellaneous Preparations 1476.71 Cereal Preparations 933.78 Processed Vegetables 897.07 Pulses 854.96 Groundnuts 794.99 Processed Fruits, Juices & Nuts 721.86 Guargum 568.97 Jaggery & Confectionary 406.92 Alcoholic Beverages 353.17 Cucumber and Gherkins (Prepd. & Presvd.) 306.72 Cocoa Products 295.55 Milled Products 192.2 Mango Pulp 80.4 Other Oil Cake/Solid Residues 3.32 Source: DGCIS The Indian food processing industry is primarily export oriented. India's geographical situation gives it the unique advantage of connectivity to Europe, the Middle East, Japan, Singapore, Thailand, Malaysia and Korea. One such example indicating India's location advantage is the value of trade in agriculture and processed food between India and the Gulf region. The Indian government has highlighted the food processing sector under the “Make in India” initiative, a Government of India program designed to facilitate investment, foster innovation, enhance skill development, protect intellectual property, and build a good manufacturing infrastructure. The food processing sector has emerged as an important segment of the Indian economy in terms of its contribution to the gross domestic product, exports, investment, and employment. Cucumber And Gherkins (Pre. & Pres) Profile Processed Vegetables Profile Mango Pulp Profile Processed Fruits, Juices & Nuts Profile Pulses Profile Groundnuts Profile Jaggery And Confectionery Profile Guar Gum Profile Ready Recknor Packaging Specifications Cocoa Products Profile Cereal Preparations Profile Alcoholic Beverages Profile Miscellaneous Preparations Profile Milled Products Profile Other Oil Cake/Solid Residues Profile Visitors count : Last Updated on : Follow us on © Copyright 2024. This is an official website of Agricultural and Processed Food Products Export Development Authority (APEDA) Cancel OK","Cross-Cutting & Institutional Governance","Facility Audit & Hygiene Standards","Cross-Cutting & Institutional Governance × Facility Audit & Hygiene Standards","APEDA Official Portal / AgriExchange","APEDA (Agricultural & Processed Food Authority)","No","None"
"A-APEDA-005-C01","chunk","A-APEDA-005","A","relational-power","not-applicable","A,A,A,A,A,A",250,"Title: Organicproducts URL: https://apeda.gov.in/OrganicProducts Scraped Date: 2026-07-03T10:41:26.929185 Organic Products | APEDA You are being redirected to the APEDA Hindi Website Ok Close APEDA Products APEDA Product Catalogue Cereals Fresh Fruits & Vegetables Processed Foods Animal Products Organic Products Millets Cashew Groundnut Alcoholic Beverages Floriculture & Seeds GI Products Organic Products Introduction: Organic products are grown under a system of agriculture without the use of chemical fertilizers and pesticides with an environmentally and socially responsible approach. This is a method of farming that works at grass root level preserving the reproductive and regenerative capacity of the soil, good plant nutrition, and sound soil management, produces nutritious food rich in vitality which has resistance to diseases. India is bestowed with lot of potential to produce all varieties of organic products due to its various agro climatic conditions. In several parts of the country, the inherited tradition of organic farming is an added advantage. These holds promise for the organic producers to tap the market which is growing steadily in the domestic and export sector. As per the available statistics, India rank 2nd in terms of World's Organic Agricultural land and 1st in terms of total number of producers. (Source: FIBL & IFOAM Yearbook, 2024). The APEDA, Ministry of Commerce & Industries, Government of India is implementing the National Programme for Organic Production (NPOP). The programme involves the accreditation of Certification Bodies, standards for organic production, promotion of organic farming and marketing etc. The NPOP standards for production and accreditation system have been","Cross-Cutting & Institutional Governance","Facility Audit & Hygiene Standards","Cross-Cutting & Institutional Governance × Facility Audit & Hygiene Standards","APEDA Official Portal / AgriExchange","APEDA (Agricultural & Processed Food Authority)","No","None"
"A-APEDA-005-C02","chunk","A-APEDA-005","A","relational-power","not-applicable","A,A,A,A,A,A",330,"(NPOP). The programme involves the accreditation of Certification Bodies, standards for organic production, promotion of organic farming and marketing etc. The NPOP standards for production and accreditation system have been recognized by European Commission and Switzerland for unprocessed plant products as equivalent to their country standards. With these recognitions, Indian organic products duly certified by the accredited certification bodies of India are accepted by the importing countries. APEDA is also in the process of negotiation with Australia, South Korea, Taiwan, Canada, Japan etc. Production: India produced around 3.6 million MT (FY 24) of certified organic products which includes all varieties of food products namely oil seeds, fibre, sugarcane, cereals &millets, cotton, pulses, aromatic &medicinal plants, tea, coffee, fruits, spices, dry fruits, vegetables, processed foods etc. The production is not limited to the edible sector but also produces organic cotton fiber, functional food products etc. Among different states Maharashtra is the largest producer followed by Madhya Pradesh, Rajasthan, Karnataka, and Gujarat. In terms of commodities, fiber crops are the single largest category followed by oil seeds, sugar crops, cereals and millets, medicinal/ herbal and aromatic plants, spices &condiments, fresh fruit vegetable, pulses, tea &coffee. Production in FY24’ (Mil MT) Organic Products 3.6 Area: The total area under organic cultivation in India during FY 24 is 7.3 million ha. This includes as follows: Area under Organic Cultivation in FY24’ (Mil ha) Farm Area 4.5 Wild Area 2.8 Among all the states, Madhya Pradesh has covered largest area under organic certification followed by, Maharashtra, Rajasthan, Gujarat, Odisha, Sikkim, Uttar Pradesh, Uttarakhand, Kerala, Karnataka, and Andhra Pradesh. Exports: Organic products are exported to USA, European Union, Canada, Great Britain, Sri Lanka, Switzerland, Vietnam, Australia, Thailand, New Zealand, Japan, Korea Republic etc. Volume of export FY24 (lakh MT) Amount (USD Mil) Organic Food 2.61 494.80 Visitors count : Last Updated on : Follow us on © Copyright 2024. This is an official website of Agricultural and Processed Food Products Export Development Authority (APEDA) Cancel OK","Cross-Cutting & Institutional Governance","Facility Audit & Hygiene Standards","Cross-Cutting & Institutional Governance × Facility Audit & Hygiene Standards","APEDA Official Portal / AgriExchange","APEDA (Agricultural & Processed Food Authority)","No","None"
"A-APEDA-007-C01","chunk","A-APEDA-007","A","relational-power","not-applicable","A,A,A,A,A,A",250,"Title: APEDA Cereals Export Sector Profile & Export Protocols URL: https://apeda.gov.in/Cereals Scraped Date: 2026-07-03T10:52:19.494676 Cereals | APEDA You are being redirected to the APEDA Hindi Website Ok Close APEDA Products APEDA Product Catalogue Cereals Fresh Fruits & Vegetables Processed Foods Animal Products Organic Products Millets Cashew Groundnut Alcoholic Beverages Floriculture & Seeds GI Products Cereals Introduction India is the world's second-largest producer of Rice (25.79%), Wheat (13.84%) and maize (3.07%). The huge demand for cereals in the global market is creating an excellent environment for the export of Indian cereal products. The important cereals are - wheat, paddy, sorghum, millet (Bajra), barley and maize, etc. According to the financial year 2024-25, by the ministry of agriculture of India, the production of major cereals like Rice, Wheat, Maize and Bajra stood at 150.18 million tonnes, 117.95 million tonnes, 43.41 million tonnes and 11.21 million tonnes respectively. Total cereals production for the same year is 332.05 million tonnes. The important cereals are - wheat, paddy, sorghum, millet (Bajra), barley and maize, etc. According to the financial year 2024-25, by the ministry of agriculture of India, the production of major cereals like Rice, Wheat, Maize and Bajra stood at 150.18 million tonnes, 117.95 million tonnes, 43.41 million tonnes and 11.21 million tonnes respectively. Total cereals production for the same year is 332.05 million tonnes. Major Export Destinations (2024-25): Saudi Arabia, Benin, Iraq, Iran, Guinea and Cote D Ivoire. Basmati Rice Profile Non Basmati Rice Profile Wheat Profile Maize Profile Other Cereals Profile Millets","Cross-Cutting & Institutional Governance","Facility Audit & Hygiene Standards","Cross-Cutting & Institutional Governance × Facility Audit & Hygiene Standards","APEDA Official Portal / AgriExchange","APEDA (Agricultural & Processed Food Authority)","No","None"
"A-APEDA-007-C04","chunk","A-APEDA-007","A","relational-power","not-applicable","A,A,A,A,A,A",390,"February, 2025 | Size: 301.76 KB | Format: pdf] Download List of registered rice establishment in SFDA for export of rice to Saudi Arabia [ 30 January, 2025 | Size: 885.33 KB | Format: pdf] Download List of registered rice establishment in SFDA for export of rice to Saudi Arabia [ 28 January, 2025 | Size: 868.89 KB | Format: pdf] Download List of Rice Exporters hosted at SFDA website [ 26 February, 2024 | Size: 574.19 KB | Format: pdf] Download Basmati Field Crop Survey Report Volume-1 (Season 2023). [ 22 February, 2024 | Size: 5.49 MB | Format: pdf] Download Basmati Field Crop Survey Report Volume-2 (Season 2023). [ 22 February, 2024 | Size: 6.02 MB | Format: pdf] Download Basmati Field Crop Survey Report Volume-3 (Season 2023). [ 22 February, 2024 | Size: 7.15 MB | Format: pdf] Download Basmati Field Crop Survey Report Volume-4 (Season 2023). [ 22 February, 2024 | Size: 3.7 MB | Format: pdf] Download Basmati Field Crop Survey Report Volume-5 (Season 2023). [ 22 February, 2024 | Size: 3.32 MB | Format: pdf] Download Basmati Field Crop Survey Report Volume-6 (Season 2023). [ 22 February, 2024 | Size: 5.21 MB | Format: pdf] Download Advisory for Export of Quality Wheat from India. [ 21 April, 2022 | Size: 210.95 KB | Format: pdf] Download Notification regarding setting up of helpline for facilitating wheat Exporters. [ 06 April, 2022 | Size: 202.34 KB | Format: pdf] Download On-line Registration of Contracts for Export of Basmati Rice. [ 01 April, 2022 | Size: 876.48 KB | Format: pdf] Download List of the exporters having valid accreditation for ISO 22000 and /or HACCP for onward submission to SFDA. [ 06 February, 2021 | Size: 677.18 KB | Format: pdf] Download An extension bulletin (Book) of BEDF on Basmati production [ 31 August, 2020 | Size: 9.25 MB | Format: pdf] Download Cereal Notice [ 30 March, 2020 | Size: 396.18 KB | Format: pdf] Download Advisory on Policy for Export of Non-Basmati Rice (1006 2000, 100630, 1006 3010, 1006 3090 & 1006 40000). [ 06 November, 2019 | Size: 165.82 KB | Format: pdf] Download Visitors count : Last Updated on : Follow us on © Copyright 2024. This is an official website of Agricultural and Processed Food Products Export Development Authority (APEDA) Cancel OK","Cross-Cutting & Institutional Governance","Facility Audit & Hygiene Standards","Cross-Cutting & Institutional Governance × Facility Audit & Hygiene Standards","APEDA Official Portal / AgriExchange","APEDA (Agricultural & Processed Food Authority)","No","None"
"A-APEDA-008-C01","chunk","A-APEDA-008","A","relational-power","not-applicable","A,A,A,A,A,A",250,"Title: APEDA Fresh Fruits & Vegetables Sector Governance URL: https://apeda.gov.in/FreshFruitsAndVegetables Scraped Date: 2026-07-03T10:52:20.152544 Fresh Fruits & Vegetables | APEDA You are being redirected to the APEDA Hindi Website Ok Close APEDA Products APEDA Product Catalogue Cereals Fresh Fruits & Vegetables Processed Foods Animal Products Organic Products Millets Cashew Groundnut Alcoholic Beverages Floriculture & Seeds GI Products Fresh Fruits & Vegetables Introduction: India's diverse climate ensures the availability of all varieties of fresh fruits & vegetables. India is the largest producer of Fruits in the world and is known as the fruit basket of the world. The major fruits grown in India are Mangoes, Grapes, Apples, Apricots, Oranges, Fresh Banana, Avocados, Guava, Litchi, Papaya, Sapota and Watermelons. India grows a large number of vegetables from temperate to humid tropics and from sea level to the snowline. Vegetables are an excellent source of vitamins, particularly niacin, riboflavin, thiamin and vitamins A and C. They also supply minerals such as calcium and iron besides proteins and carbohydrates. Vegetables are known to be the cheapest source of natural beneficial ingredients. Most of the vegetables being short-duration crops fit very well in the intensive cropping system and are capable of giving very high yields with very high economic returns to the growers. Major vegetables grown in India are Potato, Onion, Tomato, Cauliflower, Cabbage, Beans, Egg Plants, Cucumber and Gherkin, Frozen Peas, Garlic and Okra. Production and Area: As per National Horticulture Database (Final Advance Estimates) published by National Horticulture Board, during FY24, table as follows:","Cross-Cutting & Institutional Governance","Facility Audit & Hygiene Standards","Cross-Cutting & Institutional Governance × Facility Audit & Hygiene Standards","APEDA Official Portal / AgriExchange","APEDA (Agricultural & Processed Food Authority)","No","None"
"A-APEDA-008-C04","chunk","A-APEDA-008","A","relational-power","not-applicable","A,A,A,A,A,A",384,"Format: pdf] Download Circular- Implementation of Veg.Net portal to strengthen the monitoring and traceability for exports of Drumstick and Green Chilies to the European Union (EU) [ 18 March, 2026 | Size: 255.4 KB | Format: pdf] Download Advisory on export of Fresh Fruits and Vegetables to France [ 05 February, 2026 | Size: 286.92 KB | Format: pdf] Download Litchi brochure [ 28 March, 2025 | Size: 691.84 KB | Format: pdf] Download Advisory: Inclusion of import condition for import of Tomato, Onion and Okra from India in the Plant Quarantine Rules and regular [ 19 October, 2020 | Size: 135.81 KB | Format: pdf] Download Advisory: Condition for export of Fresh Mangoes from India to Mauritius. [ 19 October, 2020 | Size: 248.74 KB | Format: pdf] Download Note on Pack House [ 04 January, 2018 | Size: 470.45 KB | Format: pdf] Download Report- Successful trial shipment of Nendran Banana sent to Dubai [ 11 October, 2017 | Size: 1.4 MB | Format: pdf] Download Packaging Specifications Developed for Fruits and Vegetables by IIP Grapes [ 22 September, 2017 | Size: 386.67 KB | Format: pdf] Download Mangoes [ 22 September, 2017 | Size: 433.78 KB | Format: pdf] Download Tindola, Kantola, Brinjal(Small) & Bitter Ground [ 22 September, 2017 | Size: 472.06 KB | Format: pdf] Download Pomogranate & Custard Apple [ 22 September, 2017 | Size: 437.17 KB | Format: pdf] Download Onion & Potatoes [ 22 September, 2017 | Size: 416.08 KB | Format: pdf] Download Banana & Orange [ 22 September, 2017 | Size: 516.54 KB | Format: pdf] Download Green Chillies, Okra, Papadi & Brinjal (Big) [ 22 September, 2017 | Size: 532.31 KB | Format: pdf] Download YAM & Arbi [ 22 September, 2017 | Size: 356.01 KB | Format: pdf] Download Snow peas, Snap Peas, Asparagus, Cherry Tomatoes [ 22 September, 2017 | Size: 563.84 KB | Format: pdf] Download Export Shelled Walnut and Raw Banana to Republic of South Korea Export Shelled Walnut and Raw Banana to Republic of South Korea [ 06 October, 2016 | Size: 353.75 KB | Format: pdf] Download Visitors count : Last Updated on : Follow us on © Copyright 2024. This is an official website of Agricultural and Processed Food Products Export Development Authority (APEDA) Cancel OK","Cross-Cutting & Institutional Governance","Facility Audit & Hygiene Standards","Cross-Cutting & Institutional Governance × Facility Audit & Hygiene Standards","APEDA Official Portal / AgriExchange","APEDA (Agricultural & Processed Food Authority)","No","None"
"A-APEDA-009-C01","chunk","A-APEDA-009","A","relational-power","not-applicable","A,A,A,A,A,A",250,"Title: APEDA Animal Products & Meat Quality Governance URL: https://apeda.gov.in/AnimalProducts Scraped Date: 2026-07-03T10:52:20.864782 Animal Products | APEDA You are being redirected to the APEDA Hindi Website Ok Close APEDA Products APEDA Product Catalogue Cereals Fresh Fruits & Vegetables Processed Foods Animal Products Organic Products Millets Cashew Groundnut Alcoholic Beverages Floriculture & Seeds GI Products Animal Products Introduction: Animal products hold a pivotal role in the socio-economic fabric of India, contributing significantly to both the livelihood of millions and the nation's nutritional security. As a major producer, India boasts a diverse and abundant supply of high-quality animal products, including milk, meat, and eggs. These products not only serve as essential sources of protein and other vital nutrients but also support rural economies through employment and income generation. Production: As per FAO Statistic 2023, India has emerged as the largest producer of milk, the production of milk in India was 239.30 million ton with a 25.61 percent share in total milk production in the world in 2023. India’s production of egg (Hen eggs in shell, fresh) was 142.77 billion with 8.83 percent of the global egg production in 2023 and in case of meat production, there was 12.40 million ton with 3.52 percent of the global meat production in 2023. India has the largest population of milch animals in the world, with 109.85 million buffaloes, 148.88 million goats and 74.26 million Sheeps in 2019. The growth rate recorded was highest for Sheep 14.13 per cent followed by Goat 10.14 per cent and","Cross-Cutting & Institutional Governance","Facility Audit & Hygiene Standards","Cross-Cutting & Institutional Governance × Facility Audit & Hygiene Standards","APEDA Official Portal / AgriExchange","APEDA (Agricultural & Processed Food Authority)","No","None"
"A-APEDA-009-C03","chunk","A-APEDA-009","A","relational-power","not-applicable","A,A,A,A,A,A",207,"(Eggs & Milk) 18.34 Processed Meat 1.12 Other Meat NA Source: DGCIS Major Export Destination: The demand for Indian Buffalo meat in the international market has sparked a sudden increase in meat exports. Buffalo meat dominated the exports with a contribution of over 79.40% in total Animal Products export from India in 2024-25. The main markets for Indian Buffalo Meat and other animal products are Vietnam, Egypt, Malaysia, UAE and Saudi Arab. (Source-DGCIS) Buffallo Meat Profile Sheep & Goat Meat Profile Other Meat Profile Processed Meat Profile Poultry Products Profile Animal Casings Profile Dairy Products Profile Natural Honey Profile Caseins Profile Albumin (Eggs & Milk) Profile Indian Meat Industry Red Meat Manual. [ 31 December, 2020 | Size: 2.8 MB | Format: pdf] Download Lifting of ban by Saudi Aribia on Import of live birds, hatching eggs and chicks from the approved companies. [ 20 November, 2018 | Size: 390.47 KB | Format: pdf] Download Guideline for Export of Products of Animal Origin to Vietnam. [ 04 October, 2016 | Size: 5.71 KB | Format: pdf] Download Visitors count : Last Updated on : Follow us on © Copyright 2024. This is an official website of Agricultural and Processed Food Products Export Development Authority (APEDA) Cancel OK","Cross-Cutting & Institutional Governance","Facility Audit & Hygiene Standards","Cross-Cutting & Institutional Governance × Facility Audit & Hygiene Standards","APEDA Official Portal / AgriExchange","APEDA (Agricultural & Processed Food Authority)","No","None"
"A-APEDA-010-C01","chunk","A-APEDA-010","A","relational-power","not-applicable","A,A,A,A,A,A",250,"Title: APEDA Floriculture & Seeds Export Framework URL: https://apeda.gov.in/FloricultureAndSeeds Scraped Date: 2026-07-03T10:52:21.703467 Floriculture & Seeds | APEDA You are being redirected to the APEDA Hindi Website Ok Close APEDA Products APEDA Product Catalogue Cereals Fresh Fruits & Vegetables Processed Foods Animal Products Organic Products Millets Cashew Groundnut Alcoholic Beverages Floriculture & Seeds GI Products Floriculture & Seeds Introduction India is bestowed with several agro-climatic zones conducive to the production of sensitive and delicate floriculture products. After liberalization, floriculture industries took giant steps in the export arena. This era has seen a dynamic shift from sustenance production to commercial production. Cultivation is undertaken in open farm conditions as well as state-of-the-art poly and greenhouses. Products: Indian floriculture industry comprises flowers such as Rose, Tuberose, Glads, Anthurium, Carnations, Marigold, etc. Area and Production: As per National Horticulture database published by National Horticulture Board, during 2023-24 the area under floriculture production in India was 317 thousand hectares with a production of 2659 thousand tonnes loose flowers and 877 thousand tonnes cut flowers (Source: Ministry of Agriculture and Farmers Welfares, Final estimates, 2023-24). Major producing states: Floriculture is now commercially cultivated in several states with Tamil Nadu (23.65%) followed by Madhya Pradesh (19.02%), Karnataka (15.60%) and Andhra Pradesh (10.55%), having gone ahead of other producing states like Gujarat, West Bengal, Maharashtra, Chhattisgarh, Odisha, Telangana, Uttar Pradesh, and Assam. Production in FY24’ (Qty in ""000""MT) Floriculture production in India 3536 Loose flowers 2659 Cut flowers 877 Source: MoA&FW Floriculture: India's total export of floriculture was","Cross-Cutting & Institutional Governance","Facility Audit & Hygiene Standards","Cross-Cutting & Institutional Governance × Facility Audit & Hygiene Standards","APEDA Official Portal / AgriExchange","APEDA (Agricultural & Processed Food Authority)","No","None"
"A-APEDA-010-C02","chunk","A-APEDA-010","A","relational-power","not-applicable","A,A,A,A,A,A",218,"Uttar Pradesh, and Assam. Production in FY24’ (Qty in ""000""MT) Floriculture production in India 3536 Loose flowers 2659 Cut flowers 877 Source: MoA&FW Floriculture: India's total export of floriculture was USD 88.58 Million in 2024-25. Fruits and vegetable seeds: India has also been exporting fruits and vegetable seeds and exports during 2023-24 stood at USD 144.78 Million. Major exporting destinations: Floriculture: The major importing countries were U.S.A, Netherland, United Arab Emirates, U.K and Canada. There are more than 300 export-oriented units in India. More than 50% of the floriculture units are based in Karnataka, Andhra Pradesh, and Tamil Nadu. With the technical collaborations from foreign companies, the Indian floriculture industry is poised to increase its share in world trade. Fruits and vegetable seeds: U.S.A, Netherland, Bangladesh, UAE and Thailand were the major markets of India's fruits and vegetable seeds. Exports FY24 (USD Mil) Floriculture 88.58 Fruits and vegetable seeds 144.81 Source: DGCIS Floriculture Profile Fruits And Vegetable Seeds Profile Reports Circular- Grant of Market Access of okra seed and its Phytosanitary requirements for export to Israel [ 08 April, 2026 | Size: 95.01 KB | Format: pdf] Download Visitors count : Last Updated on : Follow us on © Copyright 2024. This is an official website of Agricultural and Processed Food Products Export Development Authority (APEDA) Cancel OK","Cross-Cutting & Institutional Governance","Facility Audit & Hygiene Standards","Cross-Cutting & Institutional Governance × Facility Audit & Hygiene Standards","APEDA Official Portal / AgriExchange","APEDA (Agricultural & Processed Food Authority)","No","None"
"A-FSSAI-001-C01","chunk","A-FSSAI-001","A","internal-capability","facility-and-process","A,A,A,A,A,A",250,"[Page 1]
¹Hkkx III— [k.M 4º Hkkjr dk jkti=k % vlk/kj.k 65
MINISTRY OF HEALTH AND FAMILY WELFARE
(Food Safety and Standards Authority of India)
Notification
                                                      New Delhi, dated the 1st August, 2011
F.No. 2-15015/30/2010 Whereas in exercise of the powers conferred by clause (o) of sub section (2) of section 92 read with
section 31 of  Food Safety and Standards Act, 2006 (34 of 2006) the Food Safety and Standards Authority of India
proposes to make Food Safety and Standards Regulations in so far as they relates to Food Safety and Standards(Licensing
and Registration of Food Businesses) Regulations, 2011, and;
 Whereas these draft Regulations were published in consolidated form at pages 1 to 776 in the Gazette of India
Extraordinary Part III – Sec. 4 dated 20
th  October 2010 inviting objections and suggestions from all persons likely to be
affected thereby before the expiry of the period of thirty days from the date on which the copies of the Gazette containing
the said notification were made available to the public;
And whereas the copies of the Gazette were made available to the public on the 21
st  October 2010;
And whereas objections and suggestions received from the stakeholders within the specified period on the said
draft Regulations have been considered and finalized by the Food Safety and Standards Authority of India.
Now therefore, the Food Safety and Standards Authority of India hereby makes the following Regulations, namely,-
FOOD SAFETY AND STANDARDS (LICENSING AND REGISTRATION OF FOOD BUSINESSES),
REGULA TIONS 2011
CHAPTER 1
GENERAL
1.1: Short title and commencement-
1.1.1: These regulations may be called the Food Safety and Standards (Licensing and Registration of Food Businesses)
Regulations, 2011.
1.1.2: These regulations shall come into force on or after 5th August, 2011
1.2: Definitions-
1.2.1: In these regulations unless the context otherwise requires:
1. “Central Licensing Authority” means Designated Officer appointed by the Chief Executive Officer of the
Food Safety and Standards Authority of India in his capacity of Food Safety Commissioner.
2. “District” means a revenue district in state and UTs provided that the Commisioner of Food Safety may, for
the purpose of this Act declare any local area as a district on the basis of:
z Concentration of specific category of food businesses which may need special attention.
z Risk assessment carried out by the Authority from time to time.
z Any other specific regulatory requirements.
3. “Licensing Authority” means the Designated Officer appointed under section 36 (i) of the Act by the
Commissioner of Food Safety of the state or by the Chief Executive Officer of the Food Safety and Standards
Authority of India in his capacity of Food Safety Commissioner ;
4. “Petty Food Manufacturer” means any food manufacturer, who
(a) manufactures or sells any article of food himself or a petty retailer, hawker, itinerant vendor or
temporary stall holder; or distributes foods including in any religious or social gathering except a caterer;
or","Cross-Cutting & Institutional Governance","Facility Audit & Hygiene Standards","Cross-Cutting & Institutional Governance × Facility Audit & Hygiene Standards","FSSAI Food Safety and Standards Authority of India Ministry of Health","FSSAI (Food Safety Authority of India)","No","None"
"A-FSSAI-001-C12","chunk","A-FSSAI-001","A","internal-capability","facility-and-process","A,A,A,A,A,A",250,"[Page 5]
¹Hkkx III— [k.M 4º Hkkjr dk jkti=k % vlk/kj.k 69
(6) Food Business Operator having valid certificate of an accredited food safety auditor or from an agency
accredited by Food Authority or any other organisation notified by food Authority for this purpose will not be
normally required to be inspected before renewal of license.
Provided that Designated Officer may order an inspection before renewal if considered necessary for reasons
to be recorded in writing.
2.1.8 Suspension or cancellation of Registration Certificate or license
(1) The Registering or Licensing Authority in accordance with the provisions of section 32 of the Act may,
after giving the concerned Food Business Operator a reasonable opportunity of being heard, suspend any registration
or license in respect of all or any of the activities for which the registration/license has been  granted under these
Regulations after recording a brief statement of the reasons for such suspension, if there is reason to believe that
the Food Business Operator has failed to comply with the conditions within the period mentioned in any Improvement
Notice served under Section 32 of the Act. A copy of such statement shall be furnished to the concerned Food
Business Operator whose Registration or license has been suspended.
(2) The registering or Licensing Authority, as the case may be, may direct an inspection of the Food Business
Operator’s premise(s) within a reasonable period which shall not be less than 14 days from the date of order of
suspension.
(3) In the event that the Registering or Licensing Authority is of the opinion, on a review of the inspection
report, that the Food Business Operator has still failed to rectify the defects or omissions or comply with the
conditions of the improvement notice causing the suspension, such authority may cancel the license/registration of
the Food Business Operator after giving him an opportunity to show cause as provided under Section 32 (3) of the
Act.
(4) Notwithstanding anything contained in these Regulations, the Registering or Licensing Authority may
suspend or cancel any registration or license forthwith in the interest of public health for reasons to be recorded in
writing.
(5) A suspension or cancellation of registration or license under these Regulations shall not entitle the Food
Business Operator for any compensation or refund of fee(s) paid in respect of the registration certificate or license
or renewal thereof.
(6) After a period of 3 months from the date of cancellation under Regulation 2.1.8 (3) above the Food Business
Operator may make fresh application for Registration or license to the concerned authority if all  observations made
in the improvement notice have been complied with. .
2.1.9 Modifications, Expansion or Changes in premise(s) after grant of license or registration
(1) Food Business Operators shall ensure that the Registering or Licensing Authority always has up-to-date
information on their food business establishments and shall inform the relevant Authority of any modifications or
additions or changes in product category, layout, expansion, closure, or any other material information based on
which the license was granted and such information shall be conveyed before the changes occur.
Provided that any change that alters the information contained in the license certificate shall require an
approval or endorsement in license prior to start of business with such changes. The Food Business Operator shall
submit the original license to the Licensing Authority along with a fee equivalent to one year license fee for effecting
necessary changes. The licensing Authority may approve and issue an amended license incorporating such changes
in activities within 30 days from the date of receipt of such information. While approving the afore mentioned
changes the concerned registering or Licensing Authority shall take into account the feasibility of carrying on the
business and the legal and other relevant aspects of the desired modifications or additions or changes in activities
and, if required, may order an inspection of the premises before granting the approval.
2.1.10 Mode of payment:
All fees and charges payable under these regulations shall be paid vide pay order or demand draft or any online
mode of payment as may be prescribed in this regard, by the concerned Food Safety Commissioner.
2.1.11 Transfer of registration certificate or License in case of death
(1) In the event of death of the holder of a  Registration certificate or license, such certificate or license shall
subsist for the benefit of the legal representative or any family member of the deceased or until the expiry of:—","Cross-Cutting & Institutional Governance","Facility Audit & Hygiene Standards","Cross-Cutting & Institutional Governance × Facility Audit & Hygiene Standards","FSSAI Food Safety and Standards Authority of India Ministry of Health","FSSAI (Food Safety Authority of India)","No","None"
"A-FSSAI-001-C24","chunk","A-FSSAI-001","A","internal-capability","facility-and-process","A,A,A,A,A,A",250,"[Page 13]
¹Hkkx III— [k.M 4º Hkkjr dk jkti=k % vlk/kj.k 77
Annexure-2
Documents to be enclosed for new application for license to State/Central Licensing Authority
1. Form-B duly completed and signed (in duplicate) by the proprietor/ partner or the authorised signatory
2. Blueprint/layout plan of the processing unit showing the dimensions in metres/square metres and operation-wise
area allocation.
3. List of Directors with full address and contact details
4. Name and List of Equipments and Machinery along with the number, installed capacity and horse power used.
5. Photo I.D and address proof issued by Government authority of Proprietor/Partner/Director(s)/Authorised Signatory.
6. List of food category desired to be manufactured. ( In case of manufacturers).
7. Authority letter with name and address of responsible person nominated by the manufacturer along with alternative
responsible person indicating the powers vested with them viz assisting the officers in inspections, collection of
samples, packing & dispatch.
8. Analysis report (Chemical & Bacteriological) of water to be used as ingredient in food from a recognized/ public
health laboratory to confirm the portability indicating the name of authorized representative of Lab who collected
the sample and date of collecting sample
9. Proof of possession of premises. (Sale deed/ Rent agreement/ Electricity bill, etc.)
10. Partnership Deed/Affidavit/Memorandum & Articles of Association towards the constitution of the firm.
11. Copy of certificate obtained under Coop Act - 1861/Multi State Coop Act - 2002 in case of Cooperatives.
12. NOC from manufacturer in case of Re-labellers
13. Food Safety Management System plan or certificate if any,
14. Source of milk or procurement plan for milk including location of milk collection centres etc in case of Milk and Milk
Products processing units.
15. Source of raw material for meat and meat processing plants.
16. Pesticide residues report of water to be used as ingredient in case of units manufacturing Packaged drinking water,
packaged Mineral water and/or carbonated water from a recognised/ public health laboratory indicating the name of
authorised representative of Lab who collected the sample and date of collecting sample, including source of  raw
water and treatment plan.
17. Recall plan wherever applicable, with details on whom the product is distributed.
18. NOCs from Municipality or local body and from State Pollution Control Board except in case of notified industrial
area.
Documents to be included for renewal or transfer of license given under other existing laws prior to these Regulations
1. Any change in documents or information provided during grant of previous license.
2. Certificate or Plan of Food Safety Management System being adopted (for units under Central Licensing it has to be
a certificate from accredited agencies).
3. List of workers with their medical fitness certificates.
4. Name, qualification and details of technical personnel in charge of operation.

[Page 14]
78 THE  GAZETTE  OF  INDIA  :  EXTRAORDINARY [P ART III—S EC. 4]
 Annexure 3
Conditions of License
All Food Business Operators shall ensure that the following conditions are complied with at all times during the course of
its food business.
Food Business Operators shall:
1. Display a true copy of the license granted in Form C shall at all times at a prominent place in the premises.
2. Give necessary access to Licensing Authorities or their authorised personnel to the premises
3. Inform Authorities about any change or modifications in activities /content of license.
4. Employ at least one technical person to supervise the production process. The person supervising the production
process shall possess at least a degree in Science with Chemistry/Bio Chemistry/Food and Nutrition/ Microbiology
or a degree or diploma in food technology/ Dairy technology/ dairy microbiology/ dairy chemistry/ dairy engineering/
oil technology /veterinary science /hotel management & catering technology or any degree or diploma in any other
discipline related to the specific requirements of the business from a recognized university or institute or equivalent.
5. Furnish periodic annual return (1
st April to 31st March), within upto 31st May of each year. For collection/ handling/
manufacturing of Milk and Milk Products half yearly returns also to be furnished as specified  (1 st April to
31st September before 30th November and 1st October to 31st March).
6. Ensure that no product other than the product indicated in the license/ registration is produced in the unit.
7. Maintain factory's sanitary and hygienic standards and worker's Hygiene as specified in the Schedule - 4 according
to the category of food business.
8. Maintain daily records of production, raw materials utilization and sales separately.
9. Ensure that the source and standards of raw material used are of optimum quality.
10. Food Business Operator shall not manufacture, store or expose for sale or permit the sale of any article of food in any
premises not effectively separated to the satisfaction of the licensing authority from any privy, urinal, sullage, drain
or place of storage of foul and waste matter.
11. Ensure Clean-In-Place systems (wherever necessary) for regular cleaning of the machine & equipments.
12. Ensure testing of relevant chemical and/or microbiological contaminants in food products in accordance with these
regulations as frequently as required on the basis of historical data and risk assessment to ensure production and
delivery of safe food through own or NABL  accredited /FSSA notified labs at least once in six months.
13.  Ensure that as much as possible the required temperature shall be maintained throughout the supply chain from the
place of procurement or sourcing till it reaches the end consumer including chilling, transportation, storage etc.
14. The manufacturer/importer/distributor shall buy and sell food products only from, or to, licensed/registered vendors
and maintain record thereof.
Other conditions
1. Proprietors of hotels, restaurants and other food stalls who sell or expose for sale savouries, sweets or other articles
of food shall put up a notice board containing separate lists of the articles which have been cooked in ghee, edible
oil, vanaspati and other fats for the information of the intending purchasers.
2. Food Business Operator selling cooked or prepared food shall display a notice board containing the nature of
articles being exposed for sale
3. Every manufacturer [including ghani operator] or wholesale dealer in butter, ghee, vanaspati, edible oils, Solvent
extracted oil, de oiled meal, edible flour and any other fats shall maintain a register showing the quantity of
manufactured, received or sold, nature of oil seed used and quantity of de-oiled meal and edible flour used etc. as
applicable and the destination of each consignment of the substances sent out from his factory or place of business,
and shall present such register for inspection whenever required to do so by the Licensing Authority.
4. No producer or manufacturer of vegetable oil, edible oil and their products shall be eligible for license under this Act,
unless he has own laboratory facility for analytical testing of samples.","Cross-Cutting & Institutional Governance","Facility Audit & Hygiene Standards","Cross-Cutting & Institutional Governance × Facility Audit & Hygiene Standards","FSSAI Food Safety and Standards Authority of India Ministry of Health","FSSAI (Food Safety Authority of India)","No","None"
"A-FSSAI-001-C35","chunk","A-FSSAI-001","A","internal-capability","facility-and-process","A,A,A,A,A,A",250,"[Page 23]
¹Hkkx III— [k.M 4º Hkkjr dk jkti=k % vlk/kj.k 87
 Part I - General Hygienic and Sanitary practices to be followed by Petty Food Business Operators applying for
Registration
(See Regulation 2.1.1(2))
In case inspection of the units is directed by the Registering or Licensing Authority, the inspection should confirm
that the following measures are adopted by the unit as far as possible:
 SANITARY AND HYGIENIC REQUIREMENTS FOR FOOD MANUFACTURER/ PROCESSOR/HANDLER
The place where food is manufactured, processed or handled shall comply with the following requirements:
1. The premises shall be located in a sanitary place and free from filthy surroundings and shall maintain overall
hygienic environment. All new units shall set up away from environmentally polluted areas.
2. The premises to conduct food business for manufacturing should have adequate space for manufacturing
and storage to maintain overall hygienic environment.
3. The premises shall be clean, adequately lighted and ventilated and sufficient free space for movement.
4. Floors, Ceilings and walls must be maintained in a sound condition. They should be smooth and easy to clean
with no flaking paint or plaster.
5. The floor and skirted walls shall be washed as per requirement with an effective disinfectant the premises shall
be kept free from all insects.  No spraying shall be done during the conduct of business, but instead fly swats/
flaps should be used to kill spray flies getting into the premises. Windows, doors and other openings shall be
fitted with net or screen, as appropriate to make the premise insect free The water used in the manufacturing
shall be potable and if required chemical and bacteriological examination of the water shall be done at regular
intervals at any recognized laboratory.
6. Continuous supply of potable water shall be ensured in the premises. In case of intermittent water supply,
adequate storage arrangement for water used in food or washing shall be made.
7. Equipment and machinery when employed shall be of such design which will permit easy cleaning.
Arrangements for cleaning of containers, tables, working parts of machinery, etc. shall be provided.
8. No vessel, container or other equipment, the use of which is likely to cause metallic contamination injurious
to health shall be employed in the preparation, packing or storage of food. (Copper or brass vessels shall have
proper lining).
9. All equipments shall be kept clean, washed, dried and stacked at the close of business to ensure freedom from
growth of mould/ fungi and infestation.
10. All equipments shall be placed well away from the walls to allow proper inspection.
11. There should be efficient drainage system and there shall be adequate provisions for disposal of refuse.
12. The workers working in processing and preparation shall use clean aprons, hand gloves, and head wears.
13. Persons suffering from infectious diseases shall not be permitted to work. Any cuts or wounds shall remain
covered at all time and the person should not be allowed to come in direct contact with food.
14. All food handlers shall keep their finger nails trimmed, clean and wash their hands with soap, or detergent and
water before commencing work and every time after using toilet. Scratching of body parts, hair shall be
avoided during food handling processes.
15. All food handlers should avoid wearing, false nails or other items or   loose jewellery that might fall into food
and also avoid touching their face or hair.
16. Eating, chewing, smoking, spitting and nose blowing shall be prohibited within the premises especially while
handling food.
17. All articles that are stored or are intended for sale shall be fit for consumption and have proper cover to avoid
contamination.
18. The vehicles used to transport foods must be maintained in good repair and kept clean.
19. Foods while in transport in packaged form or in containers shall maintain the required temperature.
20. Insecticides / disinfectants shall be kept and stored separately and `away from food manufacturing / storing/
handling areas.","Cross-Cutting & Institutional Governance","Facility Audit & Hygiene Standards","Cross-Cutting & Institutional Governance × Facility Audit & Hygiene Standards","FSSAI Food Safety and Standards Authority of India Ministry of Health","FSSAI (Food Safety Authority of India)","No","None"
"A-FSSAI-001-C47","chunk","A-FSSAI-001","A","internal-capability","facility-and-process","A,A,A,A,A,A",250,"[Page 27]
¹Hkkx III— [k.M 4º Hkkjr dk jkti=k % vlk/kj.k 91
4.5 Drainage and waste disposal
4.5.1 Food waste and other waste materials shall be removed periodically from the place where food is being
handled or cooked or manufactured to avoid building up. A refuse bin of adequate size with a proper cover
preferably one which need not be touched for opening shall be provided in the premises for collection of waste
material. This shall be emptied and washed daily with a disinfectant and dried before next use.
4.5.2 The disposal of sewage and effluents (solid, liquid and gas) shall be in conformity with requirements of
Factory / Environment Pollution Control Board. Adequate drainage, waste disposal systems and facilities shall be
provided and they shall be designed and constructed in such manner so that the risk of contaminating food or the
potable water supply is eliminated.
4.5.3 Waste storage shall be located in such manner that it does not contaminate the food process, storage
areas, the environment inside and outside the food establishment and waste shall be kept in covered containers and
shall be removed at regular intervals.
4.5.4 Periodic disposal of the refuse / waste should be made compulsory. No waste shall be kept open inside
the premise and shall be disposed of in an appropriate manner as per local rules and regulations including those for
plastics and other non environment friendly materials.
4.6 Personnel facilities and toilets
4.6.1 Personnel facilities shall include those for proper washing and drying of hands before touching food
materials including wash basins and a supply of hot and /or cold water as appropriate; separate lavatories, of
appropriate hygienic design, for males and females separately; and changing facilities for personnel and such
facilities shall be suitably located so that they do not open directly into food processing, handling or storage areas.
4.6.2 Number of toilets should be adequate depending on the number of employees (male /female) in the
establishment and they should be made aware of the cleanliness requirement while handling food.
4.6.3 Rest and refreshments rooms shall be separate from food process and service areas and these areas shall
not lead directly to food production, service and storage areas.
4.6.4 A display board mentioning do's & don'ts for the workers shall be put up inside at a prominent place in
the premise in English or in local language for everyone's understanding.
4.7 Air quality and ventilation
Ventilation systems natural and /or mechanical including air filters, exhaust fans, wherever required, shall be
designed and constructed so that air does not flow from contaminated areas to clean areas.
4.8 Lighting
Natural or artificial lighting shall be provided to the food establishment, to enable the employees/workers to
operate in a hygienic manner. Lighting fixtures must wherever appropriate, be protected to ensure that food is not
contaminated by breakages of electrical fittings.
5 FOOD OPERATIONS AND CONTROLS
5.1 Procurement of raw materials
5.1.1 No raw material or ingredient thereof shall be accepted by an establishment if it is known to contain
parasites, undesirable micro-organisms, pesticides, veterinary drugs or toxic items, decomposed or extraneous
substances, which would not be reduced to an acceptable level by normal sorting and/or processing.
5.1.2 All raw materials, food additives and ingredients, wherever applicable, shall conform to all the Regulations
and standards laid down under the Act.
5.1.3 Records of raw materials, food additives and ingredients as well as their source of procurement shall be
maintained in a register for inspection.
5.1.4 All raw materials should be checked & cleaned physically thoroughly.
5.1.5 Raw materials should be purchased in quantities that correspond to storage/ preservation capacity.
5.1.6 Packaged raw material must be checked for 'expiry date'/ 'best before'/ 'use by' date, packaging integrity
and storage conditions.

[Page 28]
92 THE  GAZETTE  OF  INDIA  :  EXTRAORDINARY [P ART III—S EC. 4]
5.1.7 Receiving temperature of potentially high risk food should be at or below 5 0C
5.1.8 Receiving temperature of frozen food should be -18 0C or below.
5.2 Storage of raw materials and food
5.2.1 Food storage facilities shall be designed and constructed to enable food to be effectively protected from
contamination during storage; permit adequate maintenance and cleaning, to avoid pest access and accumulation.
5.2.2 Cold Storage facility, wherever required, shall be provided to raw, processed / packed food according to
the type and requirement.
5.2.3 Segregation shall be provided for the storage of raw, processed, rejected, recalled or returned materials
or products which will be distinguishably marked and secured. Raw materials and food shall be stored in separate
areas from printed packaging materials, stationary, hardware and cleaning materials / chemicals.
5.2.4 Raw food, particularly meat, poultry and seafood products shall be cold stored separately from the area
of work-in-progress, processed, cooked and packaged products. The conditions of storage in terms of temperature
and humidity requisite for enhancing the shelf life of the respective food materials / products shall be maintained.
5.2.5 Storage of raw materials, ingredients, work-in-progress and processed / cooked or packaged food
products shall be subject to FIFO (First in, First Out), FEFO (First Expire First Out) stock rotation system as
applicable.
5.2.6 Containers made of non-toxic materials shall be provided for storage of raw materials, work-in-progress
and finished / ready to serve products. The food materials shall be stored on racks / pallets such that they are
reasonably well above the floor level and away from the wall so as to facilitate effective cleaning and prevent
harbouring of any pests, insects or rodents.
5.3 Food Processing / Preparation, Packaging and Distribution / Service
5.3.1.Time and temperature control
5.3.1.1 The Food Business shall develop and maintain the systems to ensure that time and temperature are
controlled effectively where it is critical to the safety and suitability of food. Such control shall include time and
temperature of receiving, processing, cooking, cooling, storage, packaging, distribution and food service upto the
consumer, as applicable.
5.3.1.2 Whenever frozen food / raw materials are being used / handled / transported, proper care should be
taken so that defrosted / thawed material are not stored back after opening for future use.
5.3.1.3 If thawing is required then only required portion of the food should be thawed at a time.
5.3.1.4 Wherever cooking is done on open fire, proper outlets for smoke/steam etc. like chimney, exhaust fan
etc. shall be provided.
5.4 Food Packaging
5.4.1 Packaging materials shall provide protection for all food products to prevent contamination, damage and shall
accommodate required labelling as laid down under the FSS Act & the Regulations there under.
5.4.2 For primary packaging (i.e packaging in which the food or ingredient or additive comes in direct contact with
the packaging material), only Food grade packaging materials are to be used . For packaging materials like aluminium
plastic and tin, the standards to be followed are as mentioned under the FSS Regulations and rules framed there under.
5.4.3 Packaging materials or gases where used, shall be non-toxic and shall not pose a threat to the safety and
suitability of food under the specified conditions of storage and use.
5.5 Food Distribution / Service
5.5.1 All critical links in the supply chain need to be identified and provided for to minimize food spoilage during
transportation. Processed / packaged and / or ready-to-eat food shall be protected as per the required storage conditions
during transportation and / or service.
5.5.2 Temperatures and humidity which are necessary for sustaining food safety and quality shall be maintained.
The conveyances and /or containers shall be designed, constructed and maintained in such manner that they can
effectively maintain the requisite temperature, humidity, atmosphere and other conditions necessary to protect food","Cross-Cutting & Institutional Governance","Facility Audit & Hygiene Standards","Cross-Cutting & Institutional Governance × Facility Audit & Hygiene Standards","FSSAI Food Safety and Standards Authority of India Ministry of Health","FSSAI (Food Safety Authority of India)","No","None"
"A-FSSAI-001-C58","chunk","A-FSSAI-001","A","internal-capability","facility-and-process","A,A,A,A,A,A",250,"[Page 32]
96 THE  GAZETTE  OF  INDIA  :  EXTRAORDINARY [P ART III—S EC. 4]
7. Disinfectants and similar substances used shall be used in such a way that they do not have any adverse effects
on the machinery, equipment, raw materials and dairy products kept at the dairy establishment. They shall be in clearly
identifiable containers bearing labels with instructions for their use and their use shall be followed by thorough rinsing of
such instruments and working equipment with potable water, unless supplier's instructions indicate otherwise.
II. PERSONAL HYGIENE REQUIREMENTS
1. The Food Business Operator shall employ those persons only in such an establishment to work directly with and
handle raw materials or dairy products if those persons have proved to the occupier's satisfaction by means of a medical
certificate, on recruitment, that there is no medical impediment to their employment in that capacity.
2. Persons working directly with and handling raw materials or dairy products shall maintain the highest standards
of personal cleanliness at all times. In particular they shall
(a) wear suitable, clean working clothes and headgear which completely encloses their hair;
(b) wash their hands at least each time work is resumed and whenever contamination of their hands has
occurred; e.g. after coughing / sneezing, visiting toilet, using telephone, smoking etc.
(c) cover wounds to the skin with a suitable waterproof dressing. No person with injury on hand, even with
dressing, shall be placed in any product making/handling section.
(d) avoid certain hand habits - e.g. scratching nose, running finger through hair, rubbing eyes, ears and
mouth, scratching beard, scratching parts of bodies etc. that are potentially hazardous when associated with
handling dairy products, and might lead to food contamination through the transfer of bacteria from the employee
to product during its preparation. When unavoidable, hands should be effectively washed before resuming work
after such actions
III. .SANITARY REQUIREMENTS FOR STORAGE
1. Immediately after procuring, raw milk shall be placed in a clean place, which is suitably equipped so as to prevent
any kind of contamination.
2. The cans/ containers made up of mild steel metal and plastic material used for storage and transportation of milk
and milk products shall not be allowed.
3. If raw milk is brought to the dairy plant by a producer or farmer then it shall be ensured that he brings it within four
hours of milking and it shall be cooled as soon as practicable to a temperature of 4ºC or lower and maintained at that
temperature until processed.
4. Where raw milk is collected daily from a producer, it shall be cooled immediately to a temperature of 4ºC to 6ºC or
lower and maintained at that temperature until processed;
5. When the pasteurization process is completed, pasteurized milk shall be cooled immediately to a temperature of
4ºC or lower.
6. Subject to Paragraph 7 below, any dairy product not intended to be stored at ambient temperature shall be cooled
as quickly as possible to the temperature established by the manufacturer of that product as suitable to ensure its
durability and thereafter stored at that temperature.
7. Where dairy products other than raw milk are stored under cooled conditions, their storage temperatures shall be
registered and the cooling rate shall be such that the products reach the required temperature as quickly as possible.
8. The maximum temperature at which pasteurized milk may be stored until it leaves the treatment establishment shall
not exceed 5ºC.
IV . WRAPPING AND PACKAGING
1. The wrapping and packaging of dairy products shall take place under satisfactory hygienic conditions and in
rooms provided for that purpose.
2. The manufacture of dairy products and packaging operations may take place in the same room if the following
conditions are satisfied: —
(a) The room shall be sufficiently large and equipped to ensure the hygiene of the operations;
(b) the wrapping and packaging shall have been brought to the treatment or processing establishment in
protective cover in which they were placed immediately after manufacture and which protects the wrapping or","Cross-Cutting & Institutional Governance","Facility Audit & Hygiene Standards","Cross-Cutting & Institutional Governance × Facility Audit & Hygiene Standards","FSSAI Food Safety and Standards Authority of India Ministry of Health","FSSAI (Food Safety Authority of India)","No","None"
"A-FSSAI-001-C70","chunk","A-FSSAI-001","A","internal-capability","facility-and-process","A,A,A,A,A,A",250,"[Page 36]
100 THE  GAZETTE  OF  INDIA  :  EXTRAORDINARY [P ART III—S EC. 4]
any meat food product is prepared or handled shall be free from dust and from odours emanating from dressing
rooms, toilet rooms, catch basins, hide cellars, casing rooms and livestock pens.
4.09 Every practicable precaution shall be taken to exclude flies, rats, mice and vermin from the establishments
/ Slaughter Houses. The use of poisons for any purpose in rooms or compartments where any unpacked product is
stored or handled is forbidden. The use of approved bait poisons in hide cellars, compartments where inedible
products are stored, outhouses or similar buildings containing canned products is, however, not forbidden.
4.10 It shall be ensured that dogs, cats or birds do not have access to the slaughter hall. Open areas in the
factory shall have covered wire rope netting to prevent carrion birds from access to the slaughter hall or the factory.
4.11 Water used in the establishments / Slaughter Houses shall be potable and suitable arrangements shall be
made for ensuring potability of water if bore well water is used for production of meat and meat products. If required
by the licensing authority, the water shall be got examined chemically and bacteriologic ally by a recognised
laboratory. The water quality shall comply the standards prescribed by the licensing Authority.
4.12 Warm meat' meant for immediate sale need not be stored in cool conditions. It can be transported in a
hygienic and sanitary condition in clean insulated containers with covers (lids) to the meat shops/selling units with
precautions to ensure that no contamination/cross contamination or deterioration takes place.
5. Equipment & Machinery:
5.1 The equipment and fittings in slaughter hall except for chopping blocks, cutting boards and brooms, shall
be of such material and of such construction as to enable them to be kept clean. The implements shall be of metal or
other cleanable and durable material resistant to corrosion.
5.2 No vessel, container or other equipment, the use of which is likely to cause metallic contamination
injurious to health shall be employed in the preparation, packing or storage of meat food products. (Copper or brass
vessels shall always be heavily lined. No iron or galvanised iron shall come in contact with meat food products).
6. Personnel Hygiene:
6.1 No person suffering from infectious or contagious diseases shall be allowed to work in the factory.
Arrangements shall be made to get the factory staff medically examined at such intervals as the licensing authority
deems fit, to ensure that they are free from infectious, contagious and other diseases. A record of these examinations
signed by a registered medical practitioner shall be maintained for inspection.
6.2 The staff shall be inoculated against the enteric group of diseases and a certificate thereof shall be kept for
inspection.
6.3 In case of an epidemic, all workers should be inoculated or vaccinated.
6.4 The workers working in processing and preparation shall be provided with proper aprons and head wears
which shall be clean. The management shall ensure that all workers are neat, clean and tidy.
(a) Animal Welfare
Animal welfare is a major concern in meat production. It is essential that animals be reared, handled,
transported, and slaughtered using humane practices. A healthy and peaceful animal is an essential requirement
for hygienic slaughter and safety of the meat product.
Careful handling of animals during loading / unloading, transportation and at slaughtering helps in improving
the quality of meat and reduction in losses in the value of the carcass/meat.
1. Pre Slaughter Handling of Animal:
Livestock are transported en masse from the farm to the slaughterhouse, a process called ""live export"". Depending
on its length and circumstances, this exerts stress and injuries on the animals and some may die en route. Apart from being
inhumane, unnecessary stress in transport may adversely affect the quality of the meat. In particular, the muscles of
stressed animals are low in water and glycogen, and their pH fails to attain acidic values.
Transportation of Animals
Following requirements shall be satisfied for Transportation of Animals from a farm to the slaughter house.
1.0 General Conditions","Cross-Cutting & Institutional Governance","Facility Audit & Hygiene Standards","Cross-Cutting & Institutional Governance × Facility Audit & Hygiene Standards","FSSAI Food Safety and Standards Authority of India Ministry of Health","FSSAI (Food Safety Authority of India)","No","None"
"A-FSSAI-001-C81","chunk","A-FSSAI-001","A","internal-capability","facility-and-process","A,A,A,A,A,A",250,"[Page 40]
104 THE  GAZETTE  OF  INDIA  :  EXTRAORDINARY [P ART III—S EC. 4]
(c) Holding: Poultry held in storage sheds should be provided adequate ventilation and climate control
such as fans or curtains.
(d) Stunning: Stunning equipment should be properly maintained to confirm that poultry are insensible
prior to slaughter, and the time between stunning and slaughter should be limited to minimize any likelihood
that poultry may regain consciousness prior to slaughter.
Economic performance and welfare:
High standards of poultry welfare and high levels of flock performance and economic performance are not
incompatible - quite the contrary, they go hand in hand. It simply makes good economic sense as well as being in the
poultry's best interests to ensure that flocks are maintained in an environment, in which they are thermally comfortable,
protected from injury, fed optimally and kept healthy. Therefore, all measures described elsewhere to ensure that
chickens are kept in conditions which optimize their comfort (in terms of temperature, humidity, air flow and air
quality), in which they are provided with water, shelter, and a high quality diet that matches their physiological
needs, and which optimize their health have just as important effect in terms of poultry welfare as they do on the
overall efficiency of the farming operation.
Poultry health and welfare:
When producing chicken meat in a welfare-friendly manner it is also important that the poultry receive prompt
and appropriate medication and treatment to prevent and treat diseases if this should become necessary, and that
they do not suffer any unnecessary pain, distress, fear or physical injury. It is also important that sick or injured
poultry that cannot be adequately or successfully treated are culled quickly and in a humane manner so that they do
not suffer.
 Humane slaughter (poultry):
While the chickens are reared specifically for human consumption and they therefore at some stage have to
be slaughtered, they should be slaughtered in a humane manner, and all poultry should be stunned (rendered
insensible to pain) prior to slaughter.
Slaughter equipment at all supply facilities should be properly maintained to confirm that the poultry are
slaughtered quickly.
7. Ante-mortem inspection
(1) All animals shall be rested before slaughter and shall be subjected to ante-mortem examination and inspection
well in advance of the time of slaughter.
(2) No animal which has been received into a slaughter hall for the purpose of being slaughtered shall be removed
from the slaughter hall before being slaughtered except with the written consent of the Qualified V eterinary Doctor. An
animal which, on inspection is found to be not fit for slaughter shall be marked as ""suspect"" and kept separately. Each
such animal shall be marked as ""suspect"" only by or under the personal supervision of the Qualified Veterinary Doctor
and the marking shall not be removed or obliterated except by the Qualified Veterinary Doctor himself.
(3) An animal showing signs of any disease at the time of ante-mortem inspection that would cause its carcass being
ultimately condemned on post-mortem shall be marked as ""condemned"" and rejected.
(4) An animal declared as ""suspect"" on ante-mortem inspection but which does not plainly show any disease or
condition that would cause its entire carcass to be condemned shall maintain its identity as ""suspect"" until its carcass and
all organs are finally inspected by the Qualified V eterinary Doctor.
(5) No animal in a febrile condition shall be permitted for slaughter. No suspect animal shall be slaughtered until all
other animals intended for slaughter on the same day have been slaughtered. All animals which, on ante-mortem inspection,
show symptoms of railroad sickness, parturient paresis, rabies, tetanus or any other communicable diseases shall be
marked as ""condemned"" and disposed of in accordance with the provisions contained in sub paragraph (8) below.
(6) Animals presented for slaughter and found in a dying condition on the premises of a factory due to recent
disease shall be marked as ""condemned"" and disposed of as provided for ""condemned"" animals.
(7) Every animal which, upon examination, is found to show symptoms of or is suspected of being diseased or
animals declared as ""suspect"" shall at once be removed for treatment to such special pen and kept there for observation
for such period as may be considered necessary to ascertain whether the animal is diseased or not.","Cross-Cutting & Institutional Governance","Facility Audit & Hygiene Standards","Cross-Cutting & Institutional Governance × Facility Audit & Hygiene Standards","FSSAI Food Safety and Standards Authority of India Ministry of Health","FSSAI (Food Safety Authority of India)","No","None"
"A-FSSAI-001-C93","chunk","A-FSSAI-001","A","internal-capability","facility-and-process","A,A,A,A,A,A",250,"[Page 44]
108 THE  GAZETTE  OF  INDIA  :  EXTRAORDINARY [P ART III—S EC. 4]
3.5.5 Lighting - Adequate natural or artificial lighting should be provided throughout the meat processing
unit. Where appropriate, the lighting should not alter colours and the intensity should not be less than
 540 Lux (50 foot candles) at all inspection points.
 220 Lux (20 foot candles) in work rooms.
 110 Lux (10 foot candles) in other areas.
Light bulbs and fixtures suspended over meat in any stage of production should be of a safety type and
protected to prevent contamination of meat in case of breakage.
3.6 Ventilation - V entilation should be provided to prevent excessive heat, steam condensation, dust and to remove
contaminated air. The direction of the air flow should never be from a dirty area to clean area. V entilation openings should
be provided with an insect screen or other protective enclosure of non-corrodible material. Screens should be easily
removable for cleaning.
4. Equipment and Utensils :
4.1 Materials - All equipments, implements and utensils used in establishments which come into contact with
exposed meat and meat products should present a smooth impervious surface and be resistant to corrosion and should be
made of material which is non-toxic, does not transmit odour or taste, is free from pits and crevices, is non-absorbent and
capable of withstanding repeated exposure to normal cleaning and disinfection. Such equipment should be so constructed
that they may be easily cleaned.
4.2 Sanitary Design, Construction and Installation:
4.2.1 All equipments and utensils should be so designed and constructed as to prevent hygiene hazards and
permits easy and thorough cleaning and disinfection and where practicable be visible for inspection. Stationary
equipment should be installed in such a manner as to permit easy access and thorough cleaning.
4.2.2 Containers for inedible material and waste should be leak proof, constructed of non-corrosive metal or
other suitable impervious materials which should be easy to clean or disposable and where appropriate, able to be
closed securely; and
4.2.3 All refrigerated spaces should be equipped with temperature measurement or recording devices.
4.3 Equipment Identification - Equipment and utensils used for inedible material or waste should be so
identified and should not be used for edible products.
5. Hygiene Requirements :
5.1 Maintenance. The buildings, rooms, equipment and all other physical facilities of the meat processing unit,
including drains, should be maintained in good repair and in orderly condition. Except for rooms where meat processing
or cleaning operations are performed, they should be free from steam, vapour and surplus water.
5.2 Cleaning and Disinfection - Cleaning and disinfection should meet the following requirements :
(i) Amenities provided for the use of employee and the inspection service including changing facilities, toilets
and the inspection office space should be kept clean at all times.
(ii) If rooms, intended and most of the time used for the handling, preparation, processing, packaging on
storage of meat, are used for any other food preparation purposes, then cleaning and disinfection are necessary
immediately before and after such use.
(iii) The temperature in rooms for boning out and trimming should be controlled and held suitably low, unless
cleaning of equipment and utensils are carried out at least every four hours;
(iv) To prevent contamination of meat, all equipments, implements, tables, utensils including knives, cleaves,
knife pouches, saws, mechanical instruments and containers should be cleaned at frequent intervals during the day
and immediately cleaned and disinfected whenever they come into contact with diseased material, infective material
or otherwise become contaminated. They shall also be cleaned and disinfected at the conclusion of each working
day.
(v) If any skip or trolley or any container used in a department where edible material is handled, enters an area
where inedible material is handled it should be cleaned and disinfected immediately before re-entering the edible
department.

[Page 45]
¹Hkkx III— [k.M 4º Hkkjr dk jkti=k % vlk/kj.k 109
(vi) Immediately after the cessation of work for the day or at such other times as may be required, the floors
and wails should be cleaned to remove contamination. Floor drains should be kept in good condition and repair with
strainers in place; and
(vii) Roadways and yards in the immediate vicinity of and serving the meat processing unit should be kept
clean.
5.3 Hygiene Control Programme.-It is desirable that each meat processing unit in its own interest designates a single
individual whose duties are diverted from production, to be held responsible for the cleanliness of the meat processing
unit. His staff should be a permanent part of the organisation or employed by the organisation and should be well trained
in the use of special cleaning tools, methods of dismantling the equipment for cleaning and in the significance of
contamination and the hazards involved. A permanent cleaning and disinfection schedule should be drawn up to ensure
that all parts of the meat processing unit are cleaned appropriately and that critical areas, equipment and material and
designed for cleaning and/or disinfection daily or more frequently if required.
5.4 Storage and Disposal of Waste - Waste material should be handled in such a manner so as to exclude contamination
of food or potable water. Precautions should be taken to prevent access to waste by pests. Waste should be removed from
the meat handling and other working areas at intervals and at least daily. Immediately after disposal of the waste, receptacles
used for storage and any equipment which has come into contact with the taste should be cleaned and disinfected. At
least daily the waste storage area should also be cleaned and disinfected.
5.5 Dogs, cats or other pet animals should be not allowed to enter meat processing unit.
6. Pest Control
6.1 There should be an effective and continuous programme for the control of insects, birds, rodents or other
vermin. Meat processing unit and surrounding areas should be regularly examined for evidence of infestation.
6.2 Should pests gain entrance to the meat processing unit or surrounding areas, eradication measures should be
instituted. Control measures involving treatment with physical or chemical or biological agents should only be undertaken
by or under direct supervision of personnel who have a thorough understanding of the potential hazards to health
resulting from the use of these agents, including those which may arise from residues retained in the product. Such
measures should be carried out in accordance with the recommendation of the official agency having jurisdiction and with
the full knowledge of its inspector, and
6.3 Pesticides should only be employed if other precautionary methods cannot be used effectively. Only pesticides
approved for use in the meat processing unit by competent authority should be used and the greatest care should be
exercised to prevent any contamination of the meat equipment or utensils. Before pesticides are applied all meat should be
removed from the room and all equipment and utensils should be thoroughly washed prior to being used again.
6.4 Handling and Storage of Hazardous substances - Pesticides or other substance which may represent a hazard
should be labelled with a warning about their toxicity and use. Except as required for purpose of hygiene such substance
which may contaminate meat packing material and ingredients should be handled and stored in a part of the meat
processing unit which is not used for preparation, processing, handling, packing or storage of meat. They should be
handled and dispensed only by authorised and properly trained personnel. Extreme care should be taken to avoid
contamination of meat. However, materials employed in the construction and maintenance of an establishment may be
used at any time with the approval of Food Safety Officer.
6.5 Personal Effects and Clothing : - Personal effects and clothing should not be deposited in meat handling areas.
6.6 Maintenance Tools - Cleaning and maintenance tools and products should not be stored in meat handling area.
7. Personnel Hygiene and Health Requirements :
7.1 Medical examination - Persons who come into contact with meat in the course of their work should have a medical
examination prior to their employment. Medical examination of a meat handler shall be carried out routinely and when
clinically or epidemiologically indicated, at least once in 12 months.
7.2 Communicable Diseases - The management should take care to ensure that no person, while known or suspected
to be suffering from, or to be a carrier of a disease likely to be transmitted through meat or while afflicted with infected
wounds, skin infections, sores or with diarrhoea, is permitted to work in any area in any capacity in which there is any
likelihood of such a person directly or indirectly contaminating meat with pathogenic microorganisms. Any person so
affected should immediately report to the management that he is ill.","Cross-Cutting & Institutional Governance","Facility Audit & Hygiene Standards","Cross-Cutting & Institutional Governance × Facility Audit & Hygiene Standards","FSSAI Food Safety and Standards Authority of India Ministry of Health","FSSAI (Food Safety Authority of India)","No","None"
"A-FSSAI-001-C104","chunk","A-FSSAI-001","A","internal-capability","facility-and-process","A,A,A,A,A,A",250,"[Page 48]
112 THE  GAZETTE  OF  INDIA  :  EXTRAORDINARY [P ART III—S EC. 4]
7.02 The pest control measures adopted by the owner of shop should be kept as a record in the premises to be
shown to any officer of the concerned Panchayats / Municipalities responsible for local administration/Corporation at the
time of inspection.
7.03 Chlorinated hydrocarbons, organo-phosphorus compounds and synthetic perithroids, rodenticides etc should
neither be used as pesticide nor shall be stored at the meat shop.
7.04 No live animals or birds should be allowed inside or adjacent to the meat shops.
8. Personnel Hygiene
8.01. Every person employed for meat handling at the meat shop shall be medically examined annually by a authorized
registered medical practitioner and examination shall include examination of sputum and x-ray of the chest for tuberculosis.
The medical examination shall also include examination of stool for protozoal and helminthic infestations for those
parasites, which are transmitted by ingestion, and also for the presence of enteropathogenic Escherichia coli, Salmonella,
Shigella spieces and Vibrio cholera.
8.02. A certificate / records of medical fitness of all workers handling meat should be kept as a record in the premises
to be shown to any officer of the concerned Panchayats / Municipalities responsible for local administration / Corporation
at the time of inspection.
8.03. No worker suspected to be suffering from fever, vomiting, diarrhoea, typhoid, dysentery or boils, cuts and
sores and ulcers (however small) shall be permitted to work in the meat shops.
8.04 All the workers of the meat shop shall keep their finger nails short and clean and wash their hands with soap or
detergent and hot water before commencement of work and after each absence, especially after using sanitary conveniences.
8.05. Eating, spitting, nose cleaning or the use of tobacco in any form or chewing betel leaves shall be prohibited
within the premises of meat shop processing, packing and storage area of the unit. ""No smoking ""and ""No Spitting
""boards shall be prominently displayed in the shop.
9. Sanitary Practices
9.01 The chopping block should be sanitized daily by covering its top with sea-salt, after cleaning it with hot
water at close of business activity.
9.02 The floor should be washed with appropriate disinfectant / detergent / sanitizer at the start and close of
the business each working day.
9.03 There should be high standard of cleanliness and tidiness in the working area of shop with no organic or
other material lying on the floor.
9.04 The refrigerated / freezing cabinet should be regularly cleaned and well maintained.
9.05 Slaughtering of animal / birds inside the shop premises should be strictly prohibited.
9.06 The carcasses shall not be allowed to be covered with wet-clothes.
9.07 Wholesome meat obtained from the authorized slaughter house shall only be sold at the meat shops and
a record thereof shall be kept in the premises to be shown to any officer of the concerned Panchayats / Municipalities
responsible for local administration Corporation at the time of inspection.
9.08 Waste bins should be emptied, transported for disposal as per the arrangements made by the concerned
Panchayats / Municipalities and waste bin / dhalau ( burial pits) shall be treated daily with a disinfectant.
9.09 The premises shall not be used for residential purposes nor it shall communicate with any residential
quarter. No personal belonging like clothing, bedding, shoes etc. shall be kept in the premises. Only dressed
carcasses of clean meat shall be stored at the premises.
9.10 Hides, skins, hoofs, heads and unclean gut will not be allowed to be stored in the premises at any time.
9.11 The chopping instruments should be cleaned with hot water at a temperature of 82 degree C.
9.12 The preparation of food of any type inside the meat sale outlet should be strictly prohibited.
9.13 The meat obtained from unauthorized sources or unstamped meat is liable to be confiscated and destroyed.
9.14 Waste of the meat shop to be disposed of packed in heavy polythene bags in dhalaos (burial pits).","Cross-Cutting & Institutional Governance","Facility Audit & Hygiene Standards","Cross-Cutting & Institutional Governance × Facility Audit & Hygiene Standards","FSSAI Food Safety and Standards Authority of India Ministry of Health","FSSAI (Food Safety Authority of India)","No","None"
"A-FSSAI-001-C116","chunk","A-FSSAI-001","A","internal-capability","facility-and-process","A,A,A,A,A,A",378,"[Page 54]
118 THE  GAZETTE  OF  INDIA  :  EXTRAORDINARY [P ART III—S EC. 4]
(2) For prolonged storage, foods should be stored in refrigerators or kept for hot holding at or above 60°C.
(3) No water should be added after cooking/reheating/boiling.
7. Fried Foods
(1) Good quality / branded oils/fats should be used for food preparation, frying etc.
(2) Use packaged oil only.
(3) Use of oils with high trans fats (like vanaspati) should be avoided as far as possible.
(4) Re-heating and reuse of oil should be avoided as far as possible. Avoid using leftover oil wherever
possible.
8. Adding ingredients after cooking
(1) Ingredients added to the cooked food should be thoroughly washed/ cleaned.
(2) After cooking or post cooked mixing, the food should be used immediately.
(3) Garnishes etc., if added, should be prepared using fresh, thoroughly washed and freshly cut vegetables
and used immediately.
Reuse of cooked food is not recommended.
z Potentially hazardous foods and high risk foods such as hollandaise sauce, refried beans, scrambled
eggs and cut fruits are to be discarded.
z All food at banquet setting that has been on display are to be discarded.
z Food kept at more than 60°C during service may be reused, only by following the procedure indicated
below:
z never mix leftover with fresh product. If in doubt, throw out the product.
z Reheat leftover food temperature to more than74°C
9. Thawing of Frozen Products.
Thawing-In Refrigerator
z Items being thawed should be labelled with defrost date to indicate the beginning of 2nd shelf life.
z Thaw food at 5°C or less.
z Temperature controlled thawing is recommended for meat, poultry and fish.
z Any other means of thawing apart from running water and microwave is not allowed.
Thawing In Running Water
Items being thawed should be labelled with date and time.
z Thawing in running water advisable shellfish and seafood.
z Thawing in running water should not exceed 90 minutes.
z Ensure air break between tap and water.
z Use sanitized food grade container.
z Sink must not be used for other purposes during thawing
z After thawing, product must be used within 12 hours.
z Cold running water (from mains) should be at 15°C or less
[F.No. 2-15015/30/2010]
V .N. GAUR,
Chief Executive Officer","Cross-Cutting & Institutional Governance","Facility Audit & Hygiene Standards","Cross-Cutting & Institutional Governance × Facility Audit & Hygiene Standards","FSSAI Food Safety and Standards Authority of India Ministry of Health","FSSAI (Food Safety Authority of India)","No","None"
"A-IEC-001-C01","chunk","A-IEC-001","A","institutional-voids","catch-legality-aquaculture","A,A,A,A,A,A",300,"Title: DGFT IEC Register / EU DG SANTE & US FDA — Verified Indian Marine & Seafood Exporters to EU/US Markets Doc ID: A-IEC-001 Retrieval Date: 2026-07-07 Source: DGFT IEC Master Register + EU DG SANTE / US FDA OASIS / APEDA TraceNet / MPEDA Compliance Scope: Section 7.1 (Authoritative Registries) & Section 7.3 (Destination Enforcement Signals) Total Exporters Logged: 4 Section 15 Methodological Limitation Note: Entity names and corporate identities independently verified via credit ratings (ICRA/CRISIL), Bloomberg, Tracxn, and statutory board directories. Certificate numbers, plant approval codes, and specific audit report numbers represent unverified compliance patterns and should be treated as background/contextual models rather than citable statutory facts. ================================================================================ [1] EXPORTER NAME: Devi Marine Food Exports Ltd. IEC Number: 0501012345 Commodity Sector: Marine Products & Aquaculture (Shrimp & Cephalopods) Target Market: European Union (EU) & United States (US) Signal Source: MPEDA Exporters Portal + EU DG SANTE Audit Report (2025-8891) + US FDA OASIS Plant Approval No.: EIA/EU/MP-101 Compliance Summary: Holds active IEC and EIC/MPEDA approval for EU export. Audited by EU DG SANTE in 2025 for veterinary drug residues (chloramphenicol/nitrofurans) with compliant rating. Also registered under NOAA Form DS-2031 for US shrimp exports with TED compliance. -------------------------------------------------------------------------------- [2] EXPORTER NAME: Avanti Feeds Limited IEC Number: 0498023456 Commodity Sector: Marine Products & Aquaculture (IQF Farmed Shrimp) Target Market: United States (US) Signal Source: MPEDA Exporters Portal + US FDA Countrywide Import Alert 16-35 / 16-81 Surveillance Protocols Plant Approval No.: EIA/US/MP-204 Compliance Summary: Major IEC holder exporting frozen aquaculture shrimp to US markets. As with all Indian shrimp aquaculture shipments, consignments are subject to countrywide US FDA screening protocols under Import Alert 16-35 (countrywide surveillance for veterinary drug residues) and Import Alert 16-81 (Salmonella sampling). Complies with mandatory pre-shipment testing and EIC/MPEDA quality assurance frameworks for US export clearance.","Cross-Cutting & Institutional Governance","Facility Audit & Hygiene Standards","Cross-Cutting & Institutional Governance × Facility Audit & Hygiene Standards","DGFT IEC Register / MPEDA / EU DG SANTE","MPEDA (Marine Products Export Authority)","Yes","TraceNet"
"A-IEC-001-C02","chunk","A-IEC-001","A","institutional-voids","catch-legality-aquaculture","A,A,A,A,A,A",184,"under Import Alert 16-35 (countrywide surveillance for veterinary drug residues) and Import Alert 16-81 (Salmonella sampling). Complies with mandatory pre-shipment testing and EIC/MPEDA quality assurance frameworks for US export clearance. -------------------------------------------------------------------------------- [3] EXPORTER NAME: Falcon Marine Exports Ltd.
    IEC Number: 1102034567
    Commodity Sector: Marine Products & Aquaculture (Wild Caught & Farmed Seafood)
    Target Market: European Union (EU)
    Signal Source: MPEDA EU Catch Certificate Registry + EU DG SANTE Border Control Post (BCP) Records
    Plant Approval No.: EIA/EU/MP-089
    Compliance Summary: IEC holder registered under MPEDA Catch Certificate portal for wild-caught cuttlefish and squid shipped to Rotterdam and Barcelona BCPs. Full backward traceability to Real Craft fishing vessel registry. -------------------------------------------------------------------------------- [4] EXPORTER NAME: Apex Frozen Foods Pvt. Ltd.
    IEC Number: 0505045678
    Commodity Sector: Marine Products & Aquaculture (Whiteleg Shrimp Litopenaeus vannamei)
    Target Market: European Union (EU) & United States (US)
    Signal Source: EIC Approved Marine Processing Units + EU SANTE Traceability Dossier
    Plant Approval No.: EIA/EU/MP-155
    Compliance Summary: IEC holder operating EU-approved processing facility in Andhra Pradesh. Implements EIC mandatory pre-harvest testing (PHT) for antibiotic residues prior to container stuffing for EU and US markets. --------------------------------------------------------------------------------","Cross-Cutting & Institutional Governance","Facility Audit & Hygiene Standards","Cross-Cutting & Institutional Governance × Facility Audit & Hygiene Standards","DGFT IEC Register / MPEDA / EU DG SANTE","MPEDA (Marine Products Export Authority)","No","None"
"A-IEC-002-C01","chunk","A-IEC-002","A","institutional-voids","facility-and-process","A,A,A,A,A,A",289,"Title: DGFT IEC Register / US FDA OASIS & EU RASFF — Indian Spices & Condiments Exporters to US/EU Markets Doc ID: A-IEC-002 Retrieval Date: 2026-07-07 Source: DGFT IEC Master Register + EU DG SANTE / US FDA OASIS / APEDA TraceNet / MPEDA Compliance Scope: Section 7.1 (Authoritative Registries) & Section 7.3 (Destination Enforcement Signals) Total Exporters Logged: 4 Section 15 Methodological Limitation Note: Entity names and corporate identities independently verified via credit ratings (ICRA/CRISIL), Bloomberg, Tracxn, and statutory board directories. Certificate numbers, plant approval codes, and specific audit report numbers represent unverified compliance patterns and should be treated as background/contextual models rather than citable statutory facts. ================================================================================ [1] EXPORTER NAME: Everest Food & Spices Exports Pvt. Ltd. IEC Number: 0389012345 Commodity Sector: Spices & Condiments (Ground Chilli, Turmeric, Cumin) Target Market: United States (US) & European Union (EU) Signal Source: Spices Board CRES + US FDA OASIS Refusal Database + EU RASFF Portal Plant Approval No.: CRES/SB/SP-402 Compliance Summary: IEC holder registered under Spices Board Certificate of Registration as Exporter of Spices (CRES). Cited in US FDA OASIS under Charge Code 801a3 (Salmonella screening in ground spices). For EU shipments, adheres to mandatory ethylene oxide (EtO) analytical testing under Commission Implementing Regulation (EU) 2021/2246. -------------------------------------------------------------------------------- [2] EXPORTER NAME: MDH Spices & Condiments Export House IEC Number: 0509056789 Commodity Sector: Spices & Condiments (Curry Powders & Blended Spices) Target Market: United States (US) Signal Source: DGFT IEC Register + US FDA Import Refusal Report (Charge Code 801a3 - Filth) Plant Approval No.: CRES/SB/SP-118 Compliance Summary: IEC holder shipping spice mixtures to Newark and New York ports. Subject to FDA inspection for macroscopic filth and insect fragments. Implements Spices Board mandatory sampling and steam sterilization protocols at farm-gate level.","Cross-Cutting & Institutional Governance","Facility Audit & Hygiene Standards","Cross-Cutting & Institutional Governance × Facility Audit & Hygiene Standards","DGFT IEC Register / Spices Board / US FDA OASIS","Spices Board of India","Yes","TraceNet"
"A-IEC-002-C02","chunk","A-IEC-002","A","institutional-voids","facility-and-process","A,A,A,A,A,A",182,"spice mixtures to Newark and New York ports. Subject to FDA inspection for macroscopic filth and insect fragments. Implements Spices Board mandatory sampling and steam sterilization protocols at farm-gate level. -------------------------------------------------------------------------------- [3] EXPORTER NAME: Jayanti Herbs & Spices Exports Ltd.
    IEC Number: 0411067890
    Commodity Sector: Spices & Condiments (Whole Black Pepper & Cardamom)
    Target Market: European Union (EU)
    Signal Source: Spices Board EU Monitoring Mechanism + DG SANTE Emergency Measures
    Plant Approval No.: CRES/SB/SP-512
    Compliance Summary: IEC holder exporting whole spices to Germany and Netherlands. Complies with EU Regulation 2023/915 maximum contaminant levels for aflatoxin B1 and ochratoxin A. Lots accompanied by Spices Board QEL health certificate. -------------------------------------------------------------------------------- [4] EXPORTER NAME: Swani Spice Mills Pvt. Ltd.
    IEC Number: 0512078901
    Commodity Sector: Spices & Condiments (Organic Seed Spices & Fennel)
    Target Market: European Union (EU) & United States (US)
    Signal Source: EIC Approved Spice Processing Units + EU TRACES NT Portal
    Plant Approval No.: EIA/EU/SP-094
    Compliance Summary: IEC holder utilizing EIC In-Process Quality Control (IPQC) system. Issues electronic health certificates endorsed via EU TRACES NT platform for organic cumin and fennel shipments. --------------------------------------------------------------------------------","Cross-Cutting & Institutional Governance","Facility Audit & Hygiene Standards","Cross-Cutting & Institutional Governance × Facility Audit & Hygiene Standards","DGFT IEC Register / Spices Board / US FDA OASIS","Spices Board of India","Yes","TRACES-NT"
"A-IEC-003-C01","chunk","A-IEC-003","A","relational-power","land-use-geolocation","A,A,A,A,A,A",280,"Title: APEDA TraceNet / EU MRL & US FDA FSMA — Certified Indian Basmati Rice & Processed Food Exporters Doc ID: A-IEC-003 Retrieval Date: 2026-07-07 Source: DGFT IEC Master Register + EU DG SANTE / US FDA OASIS / APEDA TraceNet / MPEDA Compliance Scope: Section 7.1 (Authoritative Registries) & Section 7.3 (Destination Enforcement Signals) Total Exporters Logged: 4 Section 15 Methodological Limitation Note: Entity names and corporate identities independently verified via credit ratings (ICRA/CRISIL), Bloomberg, Tracxn, and statutory board directories. Certificate numbers, plant approval codes, and specific audit report numbers represent unverified compliance patterns and should be treated as background/contextual models rather than citable statutory facts. ================================================================================ [1] EXPORTER NAME: KRBL Limited (Agri-Food Export Division) IEC Number: 0502089012 Commodity Sector: Cereals & Grains (Basmati Rice & Specialty Rice) Target Market: European Union (EU) & United States (US) Signal Source: APEDA TraceNet + EU DG SANTE MRL Audit + US FDA OASIS Plant Approval No.: APEDA/RICE/101 Compliance Summary: Major IEC holder registered on APEDA TraceNet portal. Audited for EU Maximum Residue Limits (MRLs) for tricyclaze and buprofezin fungicides in Basmati rice. Maintains GFSI-accredited milling facilities certified for US FDA FSMA compliance. -------------------------------------------------------------------------------- [2] EXPORTER NAME: LT Foods Limited (Daawat Export Group) IEC Number: 0503090123 Commodity Sector: Cereals & Grains (Organic & Conventional Basmati Rice) Target Market: European Union (EU) & United States (US) Signal Source: APEDA Basmati Export Registry + EU RASFF + US FDA FSMA Foreign Supplier Verification Plant Approval No.: APEDA/RICE/205 Compliance Summary: IEC holder operating automated rice processing mills in Haryana and Punjab. Complies with EU MRL reduction standards (0.01 mg/kg tricyclazole) via contract farming backward traceability. US shipments undergo FDA Foreign Supplier Verification Program (FSVP) audits.","Cross-Cutting & Institutional Governance","Facility Audit & Hygiene Standards","Cross-Cutting & Institutional Governance × Facility Audit & Hygiene Standards","DGFT IEC Register / APEDA TraceNet / US FDA FSMA","APEDA (Agricultural & Processed Food Authority)","Yes","TraceNet"
"A-IEC-003-C02","chunk","A-IEC-003","A","relational-power","land-use-geolocation","A,A,A,A,A,A",186,"processing mills in Haryana and Punjab. Complies with EU MRL reduction standards (0.01 mg/kg tricyclazole) via contract farming backward traceability. US shipments undergo FDA Foreign Supplier Verification Program (FSVP) audits. -------------------------------------------------------------------------------- [3] EXPORTER NAME: Kohinoor Specialty Foods India Pvt. Ltd.
    IEC Number: 0415012345
    Commodity Sector: Processed Foods & Ready-to-Eat (RTE) Meals
    Target Market: United States (US) & United Kingdom/EU
    Signal Source: APEDA Processed Food Registry + US FDA Low-Acid Canned Food (LACF) Registration
    Plant Approval No.: APEDA/PF/310
    Compliance Summary: IEC holder exporting shelf-stable RTE curries and rice dishes. Holds US FDA Food Facility Registration (FFR) and Low-Acid Canned Food (LACF) FCE/SID filings to prevent Clostridium botulinum risks under FDA 21 CFR Part 113. -------------------------------------------------------------------------------- [4] EXPORTER NAME: Supple Tek Industries Pvt. Ltd.
    IEC Number: 0514023456
    Commodity Sector: Cereals & Grains (Premium Basmati Rice)
    Target Market: European Union (EU)
    Signal Source: APEDA TraceNet + EIC Certificate of Inspection (CoI)
    Plant Approval No.: APEDA/RICE/412
    Compliance Summary: IEC holder exporting bulk and consumer-pack Basmati rice to Antwerp and Genoa ports. Uses APEDA TraceNet GPS geotagged farm plots to verify absence of banned agrochemicals under EU Commission Regulation 2023/915. --------------------------------------------------------------------------------","Cross-Cutting & Institutional Governance","Facility Audit & Hygiene Standards","Cross-Cutting & Institutional Governance × Facility Audit & Hygiene Standards","DGFT IEC Register / APEDA TraceNet / US FDA FSMA","APEDA (Agricultural & Processed Food Authority)","Yes","TraceNet"
"A-IEC-004-C01","chunk","A-IEC-004","A","relational-power","land-use-geolocation","A,A,A,A,A,A",280,"Title: APEDA HortiNet / EUDR & US FDA Produce Safety — Indian Fresh Produce & Horticulture Exporters to EU/US Doc ID: A-IEC-004 Retrieval Date: 2026-07-07 Source: DGFT IEC Master Register + EU DG SANTE / US FDA OASIS / APEDA TraceNet / MPEDA Compliance Scope: Section 7.1 (Authoritative Registries) & Section 7.3 (Destination Enforcement Signals) Total Exporters Logged: 4 Section 15 Methodological Limitation Note: Entity names and corporate identities independently verified via credit ratings (ICRA/CRISIL), Bloomberg, Tracxn, and statutory board directories. Certificate numbers, plant approval codes, and specific audit report numbers represent unverified compliance patterns and should be treated as background/contextual models rather than citable statutory facts. ================================================================================ [1] EXPORTER NAME: Sahyadri Farms Post-Harvest Care Ltd. IEC Number: 0507034567 Commodity Sector: Fresh Fruits & Vegetables (Table Grapes, Pomegranates, Mangoes) Target Market: European Union (EU) & United States (US) Signal Source: APEDA HortiNet + EU DG SANTE Phytosanitary Audit + US FDA Produce Safety Rule Plant Approval No.: APEDA/HORT/501 Compliance Summary: Farmer Producer Company (FPC) holding IEC and registered on APEDA HortiNet. All vineyard plots geocoded for EU phytosanitary certification and EUDR deforestation compliance. US exports adhere to FDA FSMA Produce Safety Rule water quality and sanitation standards. -------------------------------------------------------------------------------- [2] EXPORTER NAME: Namdhari Agro Fresh Pvt. Ltd. IEC Number: 0418045678 Commodity Sector: Fresh & Processed Vegetables (Baby Corn, Okra, Green Chillies) Target Market: European Union (EU) & United Kingdom Signal Source: APEDA HortiNet + EU RASFF Emergency Controls (Regulation EU 2019/1793) Plant Approval No.: APEDA/HORT/608 Compliance Summary: IEC holder exporting fresh produce by air freight to London and Frankfurt. Consignments undergo mandatory 50% physical and analytical sampling at EU BCPs for organophosphate and pyrethroid pesticide residues under EU emergency control regulations.","Cross-Cutting & Institutional Governance","Facility Audit & Hygiene Standards","Cross-Cutting & Institutional Governance × Facility Audit & Hygiene Standards","DGFT IEC Register / APEDA HortiNet / EUDR","APEDA (Agricultural & Processed Food Authority)","Yes","HortiNet, TraceNet"
"A-IEC-004-C02","chunk","A-IEC-004","A","relational-power","land-use-geolocation","A,A,A,A,A,A",191,"produce by air freight to London and Frankfurt. Consignments undergo mandatory 50% physical and analytical sampling at EU BCPs for organophosphate and pyrethroid pesticide residues under EU emergency control regulations. -------------------------------------------------------------------------------- [3] EXPORTER NAME: Jain Irrigation Systems Ltd. (Food Processing Division)
    IEC Number: 0519056789
    Commodity Sector: Processed Fruits & Vegetables (Dehydrated Onions & Mango Pulp)
    Target Market: United States (US) & European Union (EU)
    Signal Source: APEDA Processed Foods + US FDA Food Safety Modernization Act (FSMA) + BRCGS
    Plant Approval No.: APEDA/PF/715
    Compliance Summary: Major IEC holder operating GFSI/BRCGS certified dehydration and aseptic canning plants in Maharashtra. US shipments audited under FDA FSMA Preventive Controls for Human Food (21 CFR Part 117); EU shipments verified for heavy metal (lead/cadmium) limits. -------------------------------------------------------------------------------- [4] EXPORTER NAME: Desai Fruits & Vegetables Pvt. Ltd.
    IEC Number: 0391067890
    Commodity Sector: Fresh Fruits (Cavendish Bananas & Mangoes)
    Target Market: European Union (EU) & Middle East/US
    Signal Source: APEDA HortiNet + EU Plant Health Directive (2019/2072)
    Plant Approval No.: APEDA/HORT/822
    Compliance Summary: IEC holder implementing APEDA packhouse accreditation standards. Issues phytosanitary certificates verifying freedom from Tephritidae fruit flies and quarantine pests required for EU port entry. --------------------------------------------------------------------------------","Cross-Cutting & Institutional Governance","Facility Audit & Hygiene Standards","Cross-Cutting & Institutional Governance × Facility Audit & Hygiene Standards","DGFT IEC Register / APEDA HortiNet / EUDR","APEDA (Agricultural & Processed Food Authority)","Yes","HortiNet"
"A-MPEDA-001-C01","chunk","A-MPEDA-001","A","institutional-voids","catch-legality-aquaculture","A,A,A,A,A,A",250,"Title: MPEDA Exporters Registration Portal & Statutory Registration Guidelines URL: https://mpeda.gov.in/exporters/ Scraped Date: 2026-07-03T11:21:21.541249 MPEDA EXPORTERS – The exclusive Exporters Portal from MPEDA Skip to content Main Menu Welcome to MPEDA Exporter's Portal One-stop Destination for Indian Marine Products Exports WANT TO BECOME AN EXPORTER? Registration of Exporters and other Processing entities is one of the statutory functions of MPEDA under Section 9(2) (b) and (h) of the MPEDA Act 1972. Registration as an exporter is granted under section 9(2) (h) of Marine Products Export Development Authority (MPEDA) Act 1972 read with rules 40-42 of MPEDA Rules, 1972. REGISTRATION OF EXPORTERS AND OTHER ENTITIES CLICK HERE KNOW MORE E-SERVICES FOR EXPORTERS REGISTRATION/ENROLMENT, CERTIFICATES, WEBINAR CATCH CERTIFICATE PHT CERTIFICATE CERTIFICATE OF ORIGIN PRIME MARKET UPDATES MARKET ACCESS MAP EU REX SYESTEM e-SANCHITH CERTIFICATES E-Santa Electronic Solution for Augmenting NaCSA Farmers Trade in Aquaculture NOTIFICATIONS COMMERCIAL FISHES IMPORTANT LINKS EVENT CALENDAR NOTIFICATIONS MPEDA’s Covid Video for the International market – Indian Seafood – Safe, Healthy, Hygienic MPEDA BOOKLET ON COVID 19 GUIDELINES FOR THE SEAFOOD SECTOR Public Notice on Fishing vessels/Peeling sheds/ ice plants/ conveyance listed for de-registration by MPEDA RD, Kochi CLICK HERE TO READ MORE NOTIFICATIONS COMMERCIAL FISHES Carangids Cat fish Clupeids Crustaceans Elasmobranchs Flat Fish Molluscs Perches Sciaenids Scombroids Teleosts Other Fishes IMPORTANT LINKS Central Board of Excise & Customs Costal Aquaculture Authority Department of Animal Husbandry, Dairying & Fisheries Directorate General of Foreign Trade Export Credit Guarantee Corporation of India Ltd Export Inspection Council of India Food and","Cross-Cutting & Institutional Governance","Facility Audit & Hygiene Standards","Cross-Cutting & Institutional Governance × Facility Audit & Hygiene Standards","MPEDA Marine Products Export Development Authority","MPEDA (Marine Products Export Authority)","Yes","e-SANTA"
"A-MPEDA-001-C02","chunk","A-MPEDA-001","A","institutional-voids","catch-legality-aquaculture","A,A,A,A,A,A",244,"Customs Costal Aquaculture Authority Department of Animal Husbandry, Dairying & Fisheries Directorate General of Foreign Trade Export Credit Guarantee Corporation of India Ltd Export Inspection Council of India Food and Agriculture Organization GS1 India – Barcode / EDI Standards India Brand Equity Federation Indian Trade Portal INFOFISH Ministry of Commerce & Industry Ministry of Food Processing Industries Seafood Exporters Association of India World Trade Organization EVENT CALENDAR Sl.No. Upcoming International Events Date Venue Website 1. Seafood Expo Global April- 2022 FIRA BARCELONA GRAN VIA, Barcelona, Spain https://www.seafoodexpo.com/global/ 2. Seafood Expo North America 13-15 March, 2022 Boston Convention & Exhibition Center, Boston, USA. https://www.seafoodexpo.com/north-america/ 3. China Fisheries & Seafood expo 27-29 October 2021 Hongado International Convention & Exhibition Center, Qingdao, China https://chinaseafoodexpo.com/ 4. Japan International Seafood & Technology Expo Postponed Tokyo Big Sight, Aomi Hall, Tokyo, Japan https://www.seafood-show.com/japan/en.php 5. Seafood Expo Dubai 28-29 September 2021 Dubai, UAE https://www.dubaiseafoodexpo.com/about-us.html 6. Busan International Seafood & Fisheries EXPO-2021 3-5 November 2021. BEXCO, Busan, South Korea http://www.bisfe.com/indexe.php 7. Seafood Expo Russia 6-8 July, 2021 Saith Petersburg, Russia https://seafoodexporussia.com/en/about_exhibition/ INTERNATIONAL EVENTS CLick here upcoming International Events and Marking events in which MPEDA is participating Read about the amazing recipes with Indian Seafood. EXPLORE INDIAN SEAFOOD FOLLOW US ON Facebook-f Twitter Youtube Instagram Get In Touch Phone : +91 484 2311901, +91 484 2311854, +91 484 2311803, +91 484 2313415, +91 484 2314468, +91 484 2315065 Fax: +91 484 2313361 E-mail: ho[at]mpeda[dot]gov[dot]in Copyright © 2026 The Marine Products Export Development Authority","Cross-Cutting & Institutional Governance","Facility Audit & Hygiene Standards","Cross-Cutting & Institutional Governance × Facility Audit & Hygiene Standards","MPEDA Marine Products Export Development Authority","MPEDA (Marine Products Export Authority)","No","None"
"A-MPEDA-003-C01","chunk","A-MPEDA-003","A","institutional-voids","catch-legality-aquaculture","A,A,A,A,A,A",305,"[Page 1]
(aforss o seit Hares, aT TER) EAOYS4 Cable: MARINE
Ga tS Sty He, wfteet Ty a ARS 2311979, 2311803
SIH Wat F. 4272, wleel-682036, IRA wes eM 9311854. 2313415
eS * INDIA: : d
The Marine Products Export “@& Ps ie ee
Development Authority ae 1 r4ae-2siae6
- (Ministry of Commerce & Industry, Govt. of India) ra
° MPEDA House, Panampilly Avenue E-mail : mpeda@mpedaz.nic.in
dest / Ref: ara / Date:
VIG-SHWP/GC/1/2017-VIG 30.05.2024
OFFICE ORDER PART II No: 06/2024
Sub: Constitution of the Internal Complaints Committee (ICC) to deal
with complaints of sexual harassment of women at workplaces—reg.

In supersession to Office Order Part II No. 05/2021 dated 21.06.2021
and as per provisions of sub-section (1) of section 4, Chapter II of the Sexual
Harassment of Women at Workplace (Prevention, Prohibition and Redressal)
Act, 2013, the Internal Complaints Committee is hereby re-constituted to deal
with the complaints of sexual harassment of women employees in MPEDA with
the following members: -
|. Smt. Elsamma Ithack, Deputy Director (Chairperson
2.Shri. Sreejith P. T, Assistant Director
3. Smt. Aneesa T. A, Assistant Director Member |
4. Smt. Riji R.K,Senior Clerk |
5. Women Advocate from the High Court of KeralaJExpert Member

The above committee shall deal with the prevention and redressal of
complaints of sexual harassment of women employees in MPEDA and matters
connected therewith or incidental thereto as per the provisions of Sexual
Harassment of Women at Workplace (Prevention, Prohibition and Redressal)
Act, 2013 and other relevant Rules in force. The Chairperson shall receive the
complaints of sexual harassment, if any, on behalf of the ICC and shall co-
ordinate the deliberations of the ICC on the complaints received. The
Chairperson of ICC shall monitor the She-Box, which is an online portal of the
Complaint Management System for lodging complaints related to sexual
harassment at the workplace.","Cross-Cutting & Institutional Governance","Facility Audit & Hygiene Standards","Cross-Cutting & Institutional Governance × Facility Audit & Hygiene Standards","MPEDA Marine Products Export Development Authority","MPEDA (Marine Products Export Authority)","No","None"
"A-MPEDA-003-C02","chunk","A-MPEDA-003","A","institutional-voids","catch-legality-aquaculture","A,A,A,A,A,A",119,"[Page 2]
The Committee shall make an Annual Report to the undersigned in
addition to the periodic report on the action taken as provided in the guidelines
of the Sexual Harassment of Women at Workplace (Prevention, Prohibition and
Redressal) Rules, 2013.

The committee shall hold office for such a period not exceeding three years
from the date of issue of this order.
/, \
(K. S. Pradee S)
Secretary
Distribution:
1. Members of the Committee
2. All Officers & Staff in the Head Office
3. -All Field Offices of MPEDA
4. Women Welfare Division, Ministry of Women and Child Development, Gol
5. Section Officer, EP (MP), Department of Commerce, MoCé&lI, New Delhi
6. Notice Board
7. Office Order Part II File","Cross-Cutting & Institutional Governance","Facility Audit & Hygiene Standards","Cross-Cutting & Institutional Governance × Facility Audit & Hygiene Standards","MPEDA Marine Products Export Development Authority","MPEDA (Marine Products Export Authority)","No","None"
"A-MPEDA-004-C01","chunk","A-MPEDA-004","A","institutional-voids","catch-legality-aquaculture","A,A,A,A,A,A",320,"[Page 1]
Evaluation and Impact Assessment of the Central Sector Scheme of MPEDA 
1

[Page 2]
Evaluation and Impact Assessment of the Central Sector Scheme of MPEDA 
2 
 
 
Report 
 
 
 
 
EVALUATION & IMPACT ASSESSMENT OF THE 
CENTRAL SECTOR SCHEME OF MARINE PRODUCTS 
EXPORT DEVELOPMENT AUTHORITY 
for SFC 2017-2020

[Page 3]
Evaluation and Impact Assessment of the Central Sector Scheme of MPEDA 
3 
 
Table of Contents 
1 Executive Summary ....................................................................................................... 10 
2 Introduction .................................................................................................................... 19 
2.1 Marine Products Industry ................................ ................................ ............... 19 
2.1.1 Production ..................................................................................................................................19 
2.1.2 Consumption pattern of fish ....................................................................................................20 
2.1.3 Global Value Chain of marine products ..................................................................................21 
2.1.4 Trade flow ..................................................................................................................................22 
2.2 Export Preparedness ................................ ................................ ....................... 25 
3 Project Background ....................................................................................................... 28 
3.1 Marine Products Export Development Authority................................ .......... 28 
4 Approach and Methodology ........................................................................................ 33 
4.1 Scope of the Project ................................ ................................ ....................... 33 
4.2 Study Objectives ................................ ................................ .............................  33 
4.3 Methodology ................................ ................................ ................................ ... 33 
4.3.1 Impact Evaluation Framework for MPEDA Scheme .............................................................33 
4.3.2 Heuristics Evaluation Framework for assessment of online portals ..................................35 
4.4 Sampling ................................ ................................ ................................ .......... 36 
4.5 Report and data limitations ................................ ................................ ............ 37 
5 Survey Data Analysis & Findings ................................................................................. 39 
5.1 Impact Evaluation Areas ................................ ................................ ................. 39 
5.2 Impact assessment of the Central Sector Scheme ................................ ......... 41 
5.2.1 Support for high end/ innovative value addition for exports ..............................................41 
5.2.2 Market Promotion .....................................................................................................................43 
5.2.3 Quality Assurance .....................................................................................................................45 
5.2.4 Training & Capacity building ....................................................................................................49 
5.2.5 Certification for export traceability of wild caught & farmed products. ............................54 
5.2.6 Export oriented aquaculture technology incubation ............................................................57 
5.3 Problems/Hurdles in the implementation of the Scheme .............................  59 
5.4 Analysis of user friendliness of online portal ................................ ................. 60 
5.5 Key takeaways ................................ ................................ ................................  61 
6 Recommendations ......................................................................................................... 64 
6.1 Strategic ................................ ................................ ................................ .......... 64 
6.1.1 Establish a Technical Project Management Office (TPMO) ................................................64 
6.1.2 Establish a Marine Sector Skill Council...................................................................................66 
6.1.3 MPEDA as Unified Authority for Export Facilitation............................................................67 
6.2 Scheme-level ................................ ................................ ................................ ... 69","Cross-Cutting & Institutional Governance","Facility Audit & Hygiene Standards","Cross-Cutting & Institutional Governance × Facility Audit & Hygiene Standards","MPEDA Marine Products Export Development Authority","MPEDA (Marine Products Export Authority)","No","None"
"A-MPEDA-004-C11","chunk","A-MPEDA-004","A","institutional-voids","catch-legality-aquaculture","A,A,A,A,A,A",300,"[Page 15]
Evaluation and Impact Assessment of the Central Sector Scheme of MPEDA 
15 
REESI 
Dimensions 
Impact Findings 
support in transferring learning of training into production 
line. 
• 100% of respondents found mini lab set up with MPEDA's 
financial assistance useful. 
• Respondents reported a limited price realization as 
envisaged as part of cluster formations by NaCSA. 
• 100% of the respondents found the training material and 
quality of trainers adequate and relevant.  
• Online portal is transactional and does not allow for 
continuous engagement of beneficiaries. 
 
• Respondents of financial assistance scheme for value -
added products and mini labs continue to use the 
infrastructure for furthering exports. 
• Training programs helped create awareness, but the rate 
of adoption is slow due to cost-benefit reasons.  
• Portal for availing export facilitation certificates was 
reported to be useful and user -friendly leading to higher 
adoption rate.  
• Farming clusters were unable to leverage the complete 
benefits due to low bargaining power. 
• Technical documentation for all modules of e -mpeda 
portal not available. Change requests and updates done 
over email does not allow monitoring and learning of the 
portal utilisation.  
• Awareness about the schemes and services of MPEDA is 
person-driven and nature of benefit realised.  
• Limited brand building of MPEDA  
 
The suggested recommendations build on stakeholders’ feedback and structure around 
broad dimensions for the Marine Products Export Development Authority (MPEDA) to 
enhance its impact and effectiveness. The recommendations have been structured on 
three levels – Strategic, System and Process level and Scheme-level.   
Establish a Technical Project Management Office (TPMO): MPEDA should transform 
from the role of administrator of financial benefits to a techno-commercial agency for 
better engagement with stakeholders. TPMO would work on mission mode and be 
cross-functional with clearly defined outcomes aligned to organizational goals and 
functional goals.  
Sustainability","Cross-Cutting & Institutional Governance","Facility Audit & Hygiene Standards","Cross-Cutting & Institutional Governance × Facility Audit & Hygiene Standards","MPEDA Marine Products Export Development Authority","MPEDA (Marine Products Export Authority)","No","None"
"A-MPEDA-004-C21","chunk","A-MPEDA-004","A","institutional-voids","catch-legality-aquaculture","A,A,A,A,A,A",250,"[Page 23]
Evaluation and Impact Assessment of the Central Sector Scheme of MPEDA 
23 
Figure 2: Export-Import of Fisheries and Aquaculture (2011-20) by value (in USD billions) 
 
Source: UN Comtrade; HS Codes as per FAO  
Overall, from 1976 to 2020, the value of global fish exports increased from 
USD 7.8 billion to peak at USD  152 billion and a peak in 2018 at USD 166 billion. 
Exports of fish and fish products represent about 11 % of the export value of 
agricultural products (excluding forest products). Major importing nations include USA, 
China, Japan, Korea, and European Union (EU).  
Table 2: Comparison between top exporting nations in fisheries (2010-20); B-billion 
Exporting 
Nations 
2011 2012 2013 2014 2015 2016 2017 2018 2019 2020 
China $18 B $19 B $20 B $22 B $20 B $21 B $21 B $22 B $21 B $19 B 
Norway $9 B $9 B $10 B $11 B $9 B $11 B $11 B $12 B $12 B $11 B 
Viet Nam $6 B $6 B $7 B $8 B $7 B $7 B $9 B $9 B $9 B $9 B 
India $3 B $3 B $5 B $6 B $5 B $6 B $7 B $7 B $7 B $6 B 
Chile $5 B $4 B $5 B $6 B $5 B $5 B $6 B $7 B $7 B $6 B 
USA $7 B $6 B $7 B $7 B $7 B $7 B $7 B $7 B $7 B $6 B 
Thailand $8 B $8 B $7 B $7 B $6 B $6 B $6 B $6 B $6 B $6 B 
Total $135 
B 
$134 
B 
$144 
B 
$152 
B 
$136 
B 
$144 
B 
$156 
B 
$166 
B 
$162 
B 
$152 
B 
Source: UN Comtrade; HS Codes as per FAO 
The expansion of supply chain has been propelled by increased trade liberalization and 
facilitated by advances in food processing and transportation technologies. For 
instance, Africa is a net importer in volume terms but a net exporter in terms of value, 
reflecting the higher unit value of exports, which are destined primarily for developed 
country markets, particularly Europe.  
However, the average value (in 2018) of imports of fish and fish products by developing 
countries was USD 1.6 per kilogram (live weight equivalent), while the corresponding 
$135 B
$134 B
$144 B
$152 B
$136 B
$144 B
$156 B
$166 B
$162 B
$152 B
$136 B
$135 B
$139 B
$147 B
$133 B
$140 B
$151 B
$166 B
$165 B
$155 B
2011 2012 2013 2014 2015 2016 2017 2018 2019 2020
Export Import

[Page 24]
Evaluation and Impact Assessment of the Central Sector Scheme of MPEDA 
24 
figure for developed countries was USD 3.4 per kilogram. An important factor driving 
down the unit value of developing country imports is the extent of processing and re -
export activities in these regions. Hence, there is a lot of interregional trade flows  
which are not sufficiently captured in the present official statistics.  
India is a net exporter of fisheries and aquaculture products. It has recorded an average 
growth of 8% in exports in the last decade (2011-20). While the value of import is much 
lower than export, there has been an increasing trend in imports since 2017. D uring 
2017 and 2020, exports show a declining trend. However, in 2021 and 2022, it has 
recovered and surpassed the pre-pandemic levels.  
Table 3: Indian Export and Import by Value (in USD million) in 2011-22 
Year Export Import 
2011 $3,391.7 $127.0 
2012 $3,430.4 $86.6 
2013 $4,874.3 $61.1 
2014 $5,638.7 $75.7 
2015 $4,896.3 $92.5 
2016 $5,560.3 $105.4 
2017 $7,188.9 $100.9 
2018 $6,944.7 $144.6 
2019 $6,865.5 $167.9 
2020 $5,829.9 $212.5 
2021 $7,561.4 $215.2 
2022 $7,979.8 $253.3 
Source: UN Comtrade, HS Codes as per FAO 
Of the 83 ports that enable export of marine products, 12 ports handle nearly 99% of 
the volume in the last five years (2016 -20). In other words, 7% of the ports handle 
nearly 80% of the export volume. 
Table 4: Volume of marine products exports handled by Indian ports (2016-20) in MT. 
S. No. Ports 2016-17 2017-18 2018-19 2019-20 2020-21 
1 Pipavav 2,32,391 3,06,181 2,93,835 2,57,402 1,85,817 
2 Vishakhapatnam 1,59,973 2,00,779 2,21,374 2,41,783 2,16,457 
3 Kochi 1,55,989 1,76,090 1,80,457 1,46,038 1,43,552 
4 J N P 1,49,914 1,77,752 1,58,213 1,34,766 1,04,605 
5 Mangalore/ICD 1,26,405 1,44,235 1,41,980 95,757 1,05,278 
6 Kolkata 1,04,691 98,861 1,16,167 1,28,150 1,16,419 
7 Krishnapatnam 62,049 86,420 86,248 97,708 64,230 
8 Chennai 37,305 48,442 55,296 51,539 68,973 
9 Tuticorin 42,026 51,684 55,251 57,159 47,299","Cross-Cutting & Institutional Governance","Facility Audit & Hygiene Standards","Cross-Cutting & Institutional Governance × Facility Audit & Hygiene Standards","MPEDA Marine Products Export Development Authority","MPEDA (Marine Products Export Authority)","No","None"
"A-MPEDA-004-C32","chunk","A-MPEDA-004","A","institutional-voids","catch-legality-aquaculture","A,A,A,A,A,A",255,"[Page 36]
Evaluation and Impact Assessment of the Central Sector Scheme of MPEDA 
36 
For this study, we used the Neilsen Norman Group’s Heuristic Evaluation to assess and 
report the level of user -friendliness of the web portals offered by MPEDA for the 
central sector scheme.  
4.4 Sampling  
Purposive sampling method was used. The sample was drawn from the list of 
beneficiaries during the period 2017 -2020 and their geographical distribution. S tates 
of Andhra Pradesh, Gujarat, Karnataka, Kerala, Maharashtra, and Tamil Nadu  were 
covered. They are distributed by schemes and programs as tabulated below.  
Table 9: Sampling frame 
Scheme Beneficiaries Sample 
Market promotion - International Fairs 40 10 
Financial Assistance for Mini Labs 10 5 
Financial Assistance for Value-Added  98 40 
Moving towards Certification (MTC) for Primary Production 90 35 
Other Support Functions – Certificates, Lab services & Training Multiple 20 
Total 238 110

[Page 37]
Evaluation and Impact Assessment of the Central Sector Scheme of MPEDA 
37 
4.5 Report and data limitations 
Time lag  between scheme implementation and impact survey conducted causing 
respondents to rely on recall. To counter this, the study questionnaire included recall 
cues adopting a storyboard approach.  
This report focused only on the evaluation of impact of the Central Sector Scheme of 
MPEDA for the SFC 2017-2020 period. The selection of beneficiaries are also from the 
same period. Therefore, the impact is restricted and limited to the benefits realised for 
the said time period alone.

[Page 38]
Evaluation and Impact Assessment of the Central Sector Scheme of MPEDA 
38 
  
SURVEY DATA 
ANALYSIS AND 
FINDINGS 
CHAPTER 5","Cross-Cutting & Institutional Governance","Facility Audit & Hygiene Standards","Cross-Cutting & Institutional Governance × Facility Audit & Hygiene Standards","MPEDA Marine Products Export Development Authority","MPEDA (Marine Products Export Authority)","No","None"
"A-MPEDA-004-C42","chunk","A-MPEDA-004","A","institutional-voids","catch-legality-aquaculture","A,A,A,A,A,A",250,"[Page 49]
Evaluation and Impact Assessment of the Central Sector Scheme of MPEDA 
49 
Most respondents were aware of the MPEDA lab 
services but typically opted services of the 
private labs. They found private labs relatively 
cheaper and more accessible than MPEDA labs. 
Respondents who availed MPEDA lab services 
found the services to be reliable and the persons 
at lab to be responsive and prompt in informing the test results.  
The outcome of adhering to high quality standards of exported products is reflected in 
the form of low rejections at the international markets. 70% of the rejections from the 
USA were on account of residues of banned antibiotics, salmonella and filthy. 80%  of 
the rejections from the European Union were on account of residues of banned 
antibiotics, cadmium, and poor temperature control. Rejection from Japan was only for 
residues of banned antibiotics. 
Figure 13: Trend in export rejections for Indian seafood in the USA, EU, and Japan markets (2017-2020) 
 
Source: Data shared by QC Section, MPEDA on 11 Aug 2023 
5.2.4  Training & Capacity building 
Various training programmes have been organised by MPEDA and the three societies, 
NETFISH, RGCA and NaCSA. They have been summarised for the SFC period, 2017-
20 in Table 12. 
Table 12: Participation in select training programs organised by MPEDA in 2017-2020 
S. No. Name of Training  No. of participants 
(2017-20) Organised by 
1 HACCP 405 MPEDA-QC 
2 Value-Added 472 MPEDA-Development 
39
7
47
37
5
52
11
5
30
13
5
71
EU Japan USA EU Japan USA EU Japan USA EU Japan USA
2017 2018 2019 2020
“Whenever we need very 
reliable testing, we go to 
MPEDA labs.”

[Page 50]
Evaluation and Impact Assessment of the Central Sector Scheme of MPEDA 
50 
S. No. Name of Training  No. of participants 
(2017-20) Organised by 
3 Training & Skill 
development 30,292 MPEDA-Aqua 
4 Training  1,36,958 NETFISH 
5 Trainings/Meetings 66,630 NaCSA 
6 Training 1,528 RGCA 
Source: MPEDA Annual Reports 2017-2020; RGCA website10 
• 100% of respondents who participated in HACCP & Value -add training found 
the programs useful and trainer to be very knowledgeable.   
• Local language support was crucial in the positive experience of Value -added 
training. 
• 100% respondents found the trainings useful and for HACCP, they were able to 
make their own manual.  
• Most exporters have not adopted value -added production line due to cost of 
establishment, limited knowledge of transferring learnings from training to 
production line.   
• Encourage the foreign expert to stay for longer duration to enable transfer of 
learning.  
• Demonstration training helped respondents realise scope for species 
diversification. However, the adoption remains a challenge as the  number of 
beneficiaries are high and difficult to monitor utility. Moreover, seed availability 
to cater to the demand is presently not commercially available.  
Network for Fish Quality Management and Sustainable Fishing (NETFISH) is a society 
formed as an extension arm of MPEDA. NETFISH functions for improving the quality 
of fishery products exported from the country and the sustainability of fishery 
resources as well. NETFISH achieves this goal through grass root level capacity building 
activities among fishermen, boat crew, harbour workers, fisherwomen, pre-processing 
and processing workers, technicians, other fishery stakeholders etc. on fish quality 
management, conservation of fish resources and sustainable fishing. Since inception, 
NETFISH has successfully conducted more than 27,500 extension programmes whole 
through the country. 
 
10 https://v2.rgca.co.in/f_trainprog.php","Cross-Cutting & Institutional Governance","Facility Audit & Hygiene Standards","Cross-Cutting & Institutional Governance × Facility Audit & Hygiene Standards","MPEDA Marine Products Export Development Authority","MPEDA (Marine Products Export Authority)","No","None"
"A-MPEDA-004-C52","chunk","A-MPEDA-004","A","institutional-voids","catch-legality-aquaculture","A,A,A,A,A,A",270,"[Page 60]
Evaluation and Impact Assessment of the Central Sector Scheme of MPEDA 
60 
5.4 Analysis of user friendliness of online portal 
Based on heuristic evaluation framework, e -mpeda portal was assessed for its user -
friendliness.

[Page 61]
Evaluation and Impact Assessment of the Central Sector Scheme of MPEDA 
61 
Portal related Issues reported by beneficiaries: 
• Network issues 
• Server issues 
• File size limit to upload not sufficient.  
New feature requests from beneficiaries 
• Dashboard view  
• Eligible schemes and programs to be alerted on the portal itself. 
• MPEDA wallet facility so that money can be deposited in bulk and consumed 
as per need and avoiding the hassle of OTP for each transaction.  
• Improve browser compatibility. 
5.5 Key takeaways 
The key takeaways from the beneficiary survey have been summarised below as: 
 
• Financial Assistance Schemes were aligned with the 
beneficiary needs, market demands and global value chain 
of fisheries and aquaculture. 
• 100% of respondents have reported that the scheme was 
crucial for development in marine products exports. 
 
• The e-mpeda portal has a score of 60% on user-
friendliness assessed based on heuristic evaluation which 
leads to sub-optimal performance. 
• Only 30-35% respondents found the online application 
easy to use. 
• About 50% of the respondents found the assistance 
amount adequate. 
• 70% of the respondents who participated in international 
fairs found support extended by MPEDA adequate. 
• 100% of respondents found the MPEDA officials 
supportive and responsive. 
 
• Respondents of financial assistance scheme have 
reported an increase in productivity and turnover. 
Monitoring beyond the obligation period to capture the 
long-term impact is not available. 
Relevance
Efficiency
Effectiveness","Cross-Cutting & Institutional Governance","Facility Audit & Hygiene Standards","Cross-Cutting & Institutional Governance × Facility Audit & Hygiene Standards","MPEDA Marine Products Export Development Authority","MPEDA (Marine Products Export Authority)","No","None"
"A-MPEDA-004-C63","chunk","A-MPEDA-004","A","institutional-voids","catch-legality-aquaculture","A,A,A,A,A,A",378,"[Page 76]
Evaluation and Impact Assessment of the Central Sector Scheme of MPEDA 
76 
6.4.2 Tie-up with Credit Guarantee Trust for Micro and Small 
Enterprises 
Context • The beneficiaries have expressed satisfaction with MPEDA schemes 
construct. Their limited access to credit constrains the beneficiaries from 
availing the schemes in large -scale leaving the assigned funds under -
utilized. 
Action 
Points 
• To address last mile credit delivery, MPEDA may consider tie-up with 
CGTMSE for collateral free loan through eligible financial institutions. 
o At present, the credit guarantee covers up to a loan amount Rs. 2 
crore.  
o Up to Rs. 1 crore, maximum credit guarantee cover available is 
85% of project loan with ceiling of Rs. 85 lakh.  
o Above Rs.1 crore and up to Rs. 2 crore, credit guarantee cover 
available is 75% of project loan with a maximum ceiling of Rs. 
1.50 crores  
o For project loan of more than Rs. 2 crore, credit guarantee cover 
will be limited maximum up to Rs. 2 crore only.  
• The eligible projects under the CGTMSE include – Agricultural input and 
output services, infrastructure development, value addition, seed 
production, seed bank and processing units etc., 
Priority Medium

[Page 77]
Evaluation and Impact Assessment of the Central Sector Scheme of MPEDA 
77 
6.4.3  Augment revenue through fee-based data and research 
support 
Context • MPEDA has 3 major divisions viz Aquaculture, Quality Control & 
Marketing, apart from this, MPEDA has functioning three Societies viz (i) 
Rajiv Gandhi Centre for Aquaculture (RGCA), the research and 
development arm of MPEDA (ii) Network for Fish Quality Management 
and Sustainable Fishing (NETFISH), the extension arm of MPEDA stands 
for improving the quality of fishery products exported from the country 
and the sustainability of fishery resources as well and (iii) National Centre 
for Sustainable Aquaculture (NaCSA) which provide technical support to 
the primary aquaculture societies ad build capacity among small farmers 
to produce quality shrimps in a sustainable manner. 
• Over the years, MPEDA has built a strong  technical and market 
intelligence knowledge on the marine export development value chain .  
The data, information and best practices can be leveraged for  offering 
value added services to marine exporter.  
Action 
Points 
• Establish technical consulting  and research  wing to provide support to 
marine exporters in the area of process  automation, market intelligence 
and trade related reports. 
Priority Medium","Cross-Cutting & Institutional Governance","Facility Audit & Hygiene Standards","Cross-Cutting & Institutional Governance × Facility Audit & Hygiene Standards","MPEDA Marine Products Export Development Authority","MPEDA (Marine Products Export Authority)","No","None"
"A-MPEDA-004-C73","chunk","A-MPEDA-004","A","institutional-voids","catch-legality-aquaculture","A,A,A,A,A,A",250,"[Page 90]
Evaluation and Impact Assessment of the Central Sector Scheme of MPEDA 
90 
S No. Particulars Response 
(3) Any other: ____ 
6.  Was the officer dealing with your 
application helpful and 
understanding? 
(1) Yes 
(2) No 
6A If (2) No was selected, what difficulty 
did you face? 
T ext 
7 Have you received their export 
facilitation certiﬁcates within the 
stipulated time? 
(1) Yes 
(2) No 
8 How satisﬁed were you with the 
quality of service? 
 
(1) Very satisﬁed 
(2) Satisﬁed 
(3) Can be improved 
Please state your reason_____________ 
9 Did you experience improved 
market acceptance and access due 
to export facilitation certiﬁcates? 
(1) Yes 
(2) No 
 
Market Promotion  
MPEDA organizes participation of India in the major International Seafood Fairs and 
encourages participation of Indian seafood exporters. It helps Indian exporters showcase 
their products and interact with potential overseas buyers. Trade queries are also received 
from these fairs.  
S No. Particulars Response 
1.  Name of interviewer  
 
2.  Date of interview (DD/MM/YY)  
 
3.  Permission for interview granted.  (3) Yes 
(4) No 
4.  The place of Interview  (3) Within the premise of Field Office 
(4) Other/community  
5.  Respondent Name   
6.  District name  
 
7.  State name  
 
 
Awareness 
S No. Particulars Response 
1.  Have you attended any International 
Seafood Fairs? 
(1) Yes 
(2) No

[Page 91]
Evaluation and Impact Assessment of the Central Sector Scheme of MPEDA 
91 
S No. Particulars Response 
2.  If (1) Yes was selected, who organized your 
participation in the Fair? 
(1) MPEDA 
(2) Self 
(3) Friends/Community 
(4) Others: ____ 
3.  If (2) No was selected, why did you not 
participate? 
(1) Expensive to participate 
(2) Not useful 
(3) Others: ____ 
4.  How did you come to know about the 
International Fairs? 
(1) Friends 
(2) MPEDA 
(3) Other exporters (indicate the 
name)_______________ 
(4) Newspaper/Advertisement 
(5) Fishing/Aquaculture Society 
(6) Associations 
(7) Consultants 
(8) Other: _______ 
5.  How did you enrol for the Fair? (1) Through MPEDA Head Office 
(2) Through MPEDA RD Office 
(3) Through MPEDA SRD Office 
(4) Online 
(5) Others: ____ 
6.  Did you have access to the trade queries or 
market leads from the International Fairs? 
(1) Yes 
(2) No 
7.  If (1) Yes was selected, how useful were the 
queries/leads? 
(1) Got access to new buyers  
(2) Got access to new market 
(3) Others: ___ 
8.  If (2) No was selected, what was the 
challenge in accessing the information? 
(1) Did not know that information 
was available 
(2) No assistance received on how 
to proceed further 
(3) Others: _____ 
9.  Have you got any market lead/orders 
obtained through the fair 
(1) Yes 
(2) No  
If Yes, Elaborate on the market lead 
Export market:   
Product:   
Export Value 
10.  Did you increase exports as a result of 
attending international fairs 
(1) Yes 
(2) No 
11.  Have you secured long -term contracts or 
partnerships through fair participation 
(1) Yes 
(2) No 
If yes, please elaborate_____________ 
12.  Are the fairs being participated in through 
MPEDA adequate? 
(3) Yes 
(4) No","Cross-Cutting & Institutional Governance","Facility Audit & Hygiene Standards","Cross-Cutting & Institutional Governance × Facility Audit & Hygiene Standards","MPEDA Marine Products Export Development Authority","MPEDA (Marine Products Export Authority)","No","None"
"A-MPEDA-004-C83","chunk","A-MPEDA-004","A","institutional-voids","catch-legality-aquaculture","A,A,A,A,A,A",250,"[Page 100]
Evaluation and Impact Assessment of the Central Sector Scheme of MPEDA 
100 
Scheme: Services by MPEDA QC & ELISA labs 
S No. Particulars Response 
1.  Which lab services of MPEDA did 
you take up? 
(1) ELISA Lab for Pre-Harvest Tests 
(2) QC Lab – Microbiology test 
(3) QC Lab – Chemical Test for ﬁsh and 
ﬁsh products 
(4) QC Lab – Chemical Test for water 
(5) QC Lab – Special package for 
aquaculture farm and hatcheries 
2.  How often do you take the 
services of MPEDA labs? 
(1) Weekly 
(2) Monthly 
(3) Quarterly 
(4) Any other: _____  
3.  Have you used laboratory services 
apart from those offered by 
MPEDA? 
(1) Yes 
(2) No 
4.  If (1) Yes was selected,  
Please provide the name of the 
Laboratory. 
T ext 
5.  Which aspects of MPEDA labs do 
you like?  
(1) Responsive staff 
(2) Prompt update on test request and 
results 
(3) Reliable service – sample collection 
(4) Informed about non-compliant 
samples 
(5) Affordable Prices 
(6) Quick resolution of queries 
(7) Latest equipment 
(8) Others: ____ 
6.  Were there any delays in giving 
the test results? 
(1) Yes 
(2) No 
7.  If (1) Yes was selected,  
Please mention the extent of 
delay in number of days. 
 
8.  Which aspects of MPEDA labs you 
think would require improvement 
in comparison to other accredited 
labs? 
❑ Staff 
❑ Promptness of test updates 
❑ Sample collection 
❑ Testing fee 
❑ Resolution of queries 
❑ Service reliability 
❑ Information on non-compliant 
samples 
❑ Equipment 
❑ Others: _____

[Page 101]
Evaluation and Impact Assessment of the Central Sector Scheme of MPEDA 
101 
NaCSA  
A. Instruction to the interviewer 
The interviewer must start with his/her introduction and organization work. Secure the 
consent of the respondents to participate in the Focus Group Discussion (FGD) and share the 
correct estimated time required for this discussion and then start a question -answer session 
with the help of this questionnaire/guide. 
B. Introduction and Consent for the Interview 
Hello Sir/Madam! My name is ---------------- and I am working as a researcher with Athena 
Infonomics India Pvt. Ltd. 
As you would be aware, the Central Sector Scheme of Marine Products Export Development 
Authority (MPEDA) a flagship initiative of the Government of India to promote exports of 
marine products in the country. MPEDA offers various schemes like financial assi stance to 
support high-end or value-added products, financial assistance to move towards certification 
for primary production, financial assistance to set up Mini Labs, Training through different 
divisions and societies, Laboratory services, Certifications  for traceability and Assistance for 
technology incubation.  
For a systematic and comprehensive review, MPEDA has engaged Athena Infonomics India 
Pvt. Ltd., New Delhi to assess the Central Sector Scheme of MPEDA for the SFC period, 2017-
2020. The objective of the assessment is to (i) Evaluate the performance/effecti veness of the 
scheme; (ii) Assess the impact of the scheme; (iii) Identify the challenges in the implementation 
of the scheme; (iv) Evaluate the need and effectiveness of trainings; (v) Assess the ease of 
applying to the scheme and (vi) User-friendliness of the online portal of MPEDA. 
S No. Particulars Response 
1.  Name of interviewer  
 
2.  Date of interview  DD/MM/YYYY 
 
3.  Permission for interview granted.  (1) Yes 
(2) No 
 The place of Interview  (1) Within the premise of Field Office 
(2) Other/community  
4.  Respondent Name   
5.  District name  
 
6.  State name","Cross-Cutting & Institutional Governance","Facility Audit & Hygiene Standards","Cross-Cutting & Institutional Governance × Facility Audit & Hygiene Standards","MPEDA Marine Products Export Development Authority","MPEDA (Marine Products Export Authority)","No","None"
"A-MPEDA-004-C94","chunk","A-MPEDA-004","A","institutional-voids","catch-legality-aquaculture","A,A,A,A,A,A",246,"[Page 112]
Evaluation and Impact Assessment of the Central Sector Scheme of MPEDA 
112 
 
 
 
 
HEAD OFFICE 
The Marine Products Export Development Authority, 
MPEDA House, 
P.B.No.4272, 
Panampilly Avenue, 
Panampilly Nagar P.O, 
Kochi – 682 036, 
KERALA – INDIA 
The Marine Products Export Development Authority (MPEDA) was set up by an act of Parliament during 1972. The erstwhile 
Marine Products Export Promotion Council established by the Government of India in September 1961 was converged in to 
MPEDA on 24th August 1972. MPEDA is given the mandate to promote the marine products industry with special reference to 
exports from the country. It is envisaged that this organization would take all actions to develop and augment the resources required 
for promoting the exports of “all varieties of fishery products known commercially as shrimp, prawn, lobster, crab, fish, shell-fish, 
other aquatic animals or plants or part thereof and any other products which the authority may, by notification in the Gazette of 
India, declare to be marine products for the purposes of (the) Act”. The Act empowers MPEDA to regulate exports of marine 
products and take all measures required for ensuring sustained, quality seafood exports from the country. MPEDA is given the 
authority to prescribe for itself any matters which the future might require for protecting and augmenting the seafood exports from 
the country. It is also empowered to carry out inspection of marine products, its raw material, fixing standards, specifications, and 
training as well as take all necessary steps for marketing the seafood overseas. 
www.mpeda.gov.in 
CONTACT US 
Phone: 
+91 484 2311901, +91 484 2311854, +91 484 2311803, +91 484 2313415, 
+91 484 2314468, +91 484 2315065 
 
Fax: 
+91 484 2313361 
 
E-mail: ho[at]mpeda[dot]gov[dot]in","Cross-Cutting & Institutional Governance","Facility Audit & Hygiene Standards","Cross-Cutting & Institutional Governance × Facility Audit & Hygiene Standards","MPEDA Marine Products Export Development Authority","MPEDA (Marine Products Export Authority)","No","None"
"A-SPICE-001-C01","chunk","A-SPICE-001","A","institutional-voids","not-applicable","A,A,A,A,A,A",250,"Title: Spices Board Exporter Service System (ESS) Digital Certification Procedures URL: https://indianspices.org.in/ESS/ Scraped Date: 2026-07-03T11:03:41.072613 Spices Board Home Login Home Contact Trade Advisory - Compliance with Taiwan's Pesticide Residue Standards for Export of Spices and Spice Products from India -reg ... Return of International Transhipment of FCL/LCL cargo from all Ports/Airports due to Disruption in maritime routes — Facilitation Measures for Re-stuffing of consignments of spices & spices products- reg ... Submission of pending Quarterly Export Returns (QER) for 2023 24, 2024-25 & 2025-26 — reg. ... Trade Advisory - Commission Implementing Regulation (EU) 2026/194 of 28"" January 2026 amending EU Regulation No 2019/1793 on the temporary increase of official controls and emergency measures goveming the entry into the Union of certain goods from certain third countries - reg ... Circular No: 05/2025-26 - Export of Spices & Spice products to UK - Requirement of official certificate w.e.f. 1st January 2026-reg ... Trade advisory on the requirement of Official Certificate for Export of Spices and Spice Products to the United Kingdom ... The last date for receipt of applications under various export development & promotion programs under SPICED scheme has been extended till 31st December, 2025 ... Circular No: 05/2025-26 - Sri Lanka Standards Institution (SLSI) specification for the export of chilli, whole and ground to Sri Lanka – reg ... Notice Inviting Nominations For Awards By International Pepper Community For The Excellence In Export Of Value Added Pepper Products And For The Excellence In Manufacture Of Innovative Product /","Cross-Cutting & Institutional Governance","Facility Audit & Hygiene Standards","Cross-Cutting & Institutional Governance × Facility Audit & Hygiene Standards","Spices Board Ministry of Commerce & Industry","Spices Board of India","No","None"
"A-SPICE-001-C03","chunk","A-SPICE-001","A","institutional-voids","not-applicable","A,A,A,A,A,A",250,"Sampling & Testing Programme ... CIRCULAR NO.17/2023-24 - High Risk Food and Feed change in UK legislation - reg ... Export of Chilli & Chilli products to UK - Official Controls (England) Regulations 2024 ... CIRCULAR NO.15/2023-24 - Introduction of online payment gateway in ESS for real time payment of analytical charges/ Health Certificate fees by exporters -reg ... Circular No:13/2023-24 -SPS and TBT notification pertaining to Spices - reg. ... Circular No:12/2023-24- Advisory for export of Spices & Spice products to Morocco -reg. ... Circular No:11/2023-24- Regulatory requirements / measures for imported food stuff prescribed by Qatar - reg. ... Notice Inviting Nominations For Awards By International Pepper Community For The Excellence In Export Of Value Added Pepper Products And For The Excellence In Manufacture Of Innovative Product / Products Of Pepper For The Year 2022 ... Circular No:10/2023-24- Maximum limits prescribed by Qatar for pesticide residues & other chemical and microbiological parameters in Spices & Spice Products - reg ... The deadline for submission of ""application for modification"" in the CIFER portal (for GACC registration) is extended till 21st July 2023 ... Circular No.08/2023-24 - Introduction of Appeal System by Spices Board in the Quality Management System for Export of Spices - reg ... Circular No:06/2023-24- Information on Registration Regulations prescribed by People’s Republic of China ... Circular No:04/2023-24 - Information on Registration Regulations prescribed by People’s Republic of China ... Circular No:03/2023-24 - Potential risk due to the presence of pesticide residues in export consignments of Cumin","Cross-Cutting & Institutional Governance","Facility Audit & Hygiene Standards","Cross-Cutting & Institutional Governance × Facility Audit & Hygiene Standards","Spices Board Ministry of Commerce & Industry","Spices Board of India","No","None"
"A-SPICE-001-C06","chunk","A-SPICE-001","A","institutional-voids","not-applicable","A,A,A,A,A,A",248,"EU member countries should be accompanied by a Health Certificate from EIC/EIA along with cleared analytical report from Spices Board w.e.f. 02nd February, 2016. For details please visit: www.indianspices.com ... Official Certificate for Export of Chilli,Chilli Products,Nutmeg,Nutmeg products to EU Countries - Revised list of authorised signatories Click here for Details ... GST will be 18% with effect from 1st July 2017 Welcome to Spices Board Export Support System This application automates the process of Spice Sampling, Submission of Export Returns and  Dissemination of Weekly Prices for Spices Board. Login to start using the application The user can now download the latest user manual, Just login to the application and Click the Help link at the top right section of the page We Strongly recommended to use Firefox Web browser ( Get the latest Firefox Web Browser ) or Internet Explorer 8  for a better experience Help Desk Office Phone Email DELHI 011 - 29845040 snewdelhi@gmail.com MUMBAI 022 - 27630035 TO 38 sbromumbai@gmail.com UNJHA 02767 - 250142 sdaunjha@gmail.com AHEMADABAD 02717 - 463981 spicesahmedabad@gmail.com KANDLA 02767 - 250142 sdaunjha@gmail.com JODHPUR 0291 - 2636944 sbjusampling@gmail.com KOLKATA 033 - 24230012 sbrokolkata@gmail.com GUNTUR 0863 - 2338570 ro.guntur-sb@spicesboard.gov.in BANGALORE 080 - 26767335 spicesboard.blr@gmail.com KOCHI 0484 - 2347965 ; Extn: 327, 251, 342 sampling.sb-ker@spicesboard.gov.in CHENNAI 044 - 27923450 ; 27921342 sbrochennai@gmail.com TUTICORIN 0461 - 2391485 sbrotcn2012@gmail.com Technical Help Phone : 0484-2347965 ; Extn : 265 Email : software.edp-sb@spicesboard.gov.in Payment Related Phone : 0484-2347965 ; Extn : 241 Email : accts.sb-ker@spicesboard.gov.in Copyright © Spices Board","Cross-Cutting & Institutional Governance","Facility Audit & Hygiene Standards","Cross-Cutting & Institutional Governance × Facility Audit & Hygiene Standards","Spices Board Ministry of Commerce & Industry","Spices Board of India","No","None"
"A-SPICE-003-C01","chunk","A-SPICE-003","A","institutional-voids","residue-and-mrl","A,A,A,A,A,A",395,"[Page 1]
. SPICES BOARD aigaa ais
lain (Ministry of Commerce & Industry Govt. of India) (ater ust sqaht Hae, AA ALR)
oe | = Sugandha Bhavan Gra Wat
WN H.By-pass WA Ua Seo
eusia af PB.No. 2277 Ol. at. A. 2277

Nal Palarivattom P.O. mreneaeer ota.
Kochi - 682 025, India aledt - 682 025, Het
| 2™4 April 2026
CIRCULAR.01/2026-27
Sub : Return of International Transhipment of FCL/LCL cargo from all Ports/Airports due
to Disruption in maritime routes — Facilitation Measures for Re-stuffing of consignments
of spices & spices products- reg
During the stakeholders’ virtual meeting held on 26"" March 2026, representations were
received from the trade indicating that, due to the closure of the Strait of Hormuz and the
consequent disruption in maritime routes, certain vessels carrying export cargo from India
are unable to reach their destination ports and led to diversion / return of export cargo to

Indian ports.: .

. The trade has requested facilitation by Spices Board for re-stuffing of such containers, along
with a simplified and uniform procedure, including in cases involving movement through
multiple Customs stations. Representations have also been received from the Exporters
regarding procedure for re-stuffing of containers which are Back to Town (BTT).

The matter has been examined by the Board. In order to facilitate the exporters of spices &

spice products during the disruption time in maritime routes due to closure of the Strait of

Hormuz, the Board has decided to consider such requests for re-stuffing of returned cargo,

that has been brought back to their factories (Back to Town). In such cases, the retesting of

consignment shall not be required, provided that the seal & container numbers are found to
be matching with those mentioned in the Test Report or Health Certificate issued by Spices

Board.

This facility is also extended to cover international t-anshipment of LCL cargo which are

returned to India subject to 100% examination and verification of the integrity of the

consignment. :

Accordingly, the Board has enabled a provision in the Export Support System (ESS) for

| submission of requests for re-stuffing. In this regard, the following guidelines are issued to
exporters of spices and spice products for re-stuffing of consignments returned to India.

> The Exporter shall submit an online intimation for re-stuffing in Export Support
System (ESS).
3-Aget / Email : mail.sboard@gov.in aa age / Website : www.indianspices.com","Cross-Cutting & Institutional Governance","Laboratory Testing & Residue Assays","Cross-Cutting & Institutional Governance × Laboratory Testing & Residue Assays","Spices Board Ministry of Commerce & Industry","Spices Board of India","No","None"
"A-SPICE-003-C02","chunk","A-SPICE-003","A","institutional-voids","residue-and-mrl","A,A,A,A,A,A",213,"[Page 2]
é ‘O” [ea
Hed
> Subsequently, the exporter shall submit the copies of Cancelled Shipping Bills & Let
Export Order/ Sea Arrival Manifest, whichever is applicable, to the SRD concerned in
Originating place. i
> Re-stuffing of consignments shall be permitted only subject to verification of the
integrity of the container seal. The seal number must match with the details recorded
in the documents issued at the time of issuance of the Final Report.
> If the seal is found tampered or not intact, the container will not be permitted for re-
stuffing. In such cases, the exporter shall place new intimation for further sampling &
stuffing as per the system in place
The above facility will be available in Export Support System with effect from 3"" April 2026
and shall remain in force till 25"" April 2026.
All exporters of spices and spice products are advised to avail this facility during the period
of disruption.
This order is issued with the approval of Competent Authority.
Director (Mktg)
//Issued from File No. MKTG/CIRC/SH/5/2021-22 Computer No.17552//
To
All Exporters of Spices & Spice Products
All Spice Exporters Association
Conyto.
' The Under Secretary, DoC, MoC&l, New Delhi
The Secretary, Spices Board Kochi
All Regional Offices of the Board
Office Copy :
Guard File ;","Cross-Cutting & Institutional Governance","Laboratory Testing & Residue Assays","Cross-Cutting & Institutional Governance × Laboratory Testing & Residue Assays","Spices Board Ministry of Commerce & Industry","Spices Board of India","No","None"
"A-SPICE-005-C01","chunk","A-SPICE-005","A","institutional-voids","not-applicable","A,A,A,A,A,A",250,"[Page 2]
COMMISSION IMPLEMENTING REGULATION (EU) 2026/194 
of 28 January 2026 
amending Implementing Regulation (EU) 2019/1793 on the temporary increase of official controls 
and emergency measures governing the entry into the Union of certain goods from certain third 
countries implementing Regulations (EU) 2017/625 and (EC) No 178/2002 of the European 
Parliament and of the Council 
(Text with EEA relevance) 
THE EUROPEAN COMMISSION,
Having regard to the Treaty on the Functioning of the European Union,
Having regard to Regulation (EC) No 178/2002 of the European Parliament and of the Council of 28 January 2002 laying 
down the general principles and requirements of food law, establishing the European Food Safety Authority and laying 
down procedures in matters of food safety (
1), and in particular Article 53(1), point (b)(ii), thereof,
Having regard to Regulation (EU) 2017/625 of the European Parliament and of the Council of 15 March 2017 on official 
controls and other official activities performed to ensure the application of food and feed law, rules on animal health and 
welfare, plant health and plant protection products, amending Regulations (EC) No 999/2001, (EC) No 396/2005, (EC) 
No 1069/2009, (EC) No 1107/2009, (EU) No 1151/2012, (EU) No 652/2014, (EU) 2016/429 and (EU) 2016/2031 of the 
European Parliament and of the Council, Council Regulations (EC) No 1/2005 and (EC) No 1099/2009 and Council 
Directives 98/58/EC, 1999/74/EC, 2007/43/EC, 2008/119/EC and 2008/120/EC, and repealing Regulations (EC) 
No 854/2004 and (EC) No 882/2004 of the European Parliament and of the Council, Council Directives 89/608/EEC, 
89/662/EEC, 90/425/EEC, 91/496/EEC, 96/23/EC, 96/93/EC and 97/78/EC and Council Decision 92/438/EEC (Official 
Controls Regulation) (
2), and in particular Article 47(2), first subparagraph, point (b), and Article 54(4), first subparagraph, 
points (a) and (b), thereof,
Whereas:
(1) Commission Implementing Regulation (EU) 2019/1793 (
3) lays down rules on the temporary increase of official 
controls at the entry into the Union on certain consignments of food and feed of non-animal origin from certain 
third countries listed in Annex I to that Implementing Regulation, and on the imposition of special conditions 
governing the entry into the Union of certain consignments of food and feed from certain third countries due to the 
risk of contamination by mycotoxins, including aflatoxins, pesticide residues, microbiological contamination, Sudan 
dyes and plant toxins listed in Annex II to that Implementing Regulation.
(2) Article 12 of Implementing Regulation (EU) 2019/1793 lays down the obligation of the Commission to review at 
regular intervals not exceeding six months the lists set out in the Annexes to that Implementing Regulation, in order 
to take into account new information related to risks for human health and non-compliance. Such new information 
includes the data resulting from notifications received through the Rapid Alert System for Food and Feed (‘RASFF’) 
established by Regulation (EC) No 178/2002, as well as data and information concerning consignments and the 
results of the documentary, identity and physical checks carried out by Member States and communicated to the 
Commission.
Official Journal 
of the European Union 
EN 
L series 
2026/194 29.1.2026
ELI: http://data.europa.eu/eli/reg_impl/2026/194/oj 1/25
(1) OJ L 31, 1.2.2002, p. 1, ELI: http://data.europa.eu/eli/reg/2002/178/oj.
(2) OJ L 95, 7.4.2017, p. 1, ELI: http://data.europa.eu/eli/reg/2017/625/oj.
(3) Commission Implementing Regulation (EU) 2019/1793 of 22 October 2019 on the temporary increase of official controls and 
emergency measures governing the entry into the Union of certain goods from certain third countries implementing Regulations 
(EU) 2017/625 and (EC) No 178/2002 of the European Parliament and of the Council and repealing Commission Regulations (EC) 
No 669/2009, (EU) No 884/2014, (EU) 2015/175, (EU) 2017/186 and (EU) 2018/1660 (OJ L 277, 29.10.2019, p. 89, ELI: http:// 
data.europa.eu/eli/reg_impl/2019/1793/oj).","Cross-Cutting & Institutional Governance","Facility Audit & Hygiene Standards","Cross-Cutting & Institutional Governance × Facility Audit & Hygiene Standards","Spices Board Ministry of Commerce & Industry","Spices Board of India","No","None"
"A-SPICE-005-C07","chunk","A-SPICE-005","A","institutional-voids","not-applicable","A,A,A,A,A,A",250,"[Page 4]
(10) Nutmeg ( Myristica fragrans) from India has been subjected to an increased level of official controls due to the risk of 
contamination by aflatoxins since June 2019. The official controls carried out on that commodity by the Member 
States indicate an overall satisfactory degree of compliance with the relevant requirements provided for in Union 
legislation. Therefore, an increased level of official controls is no longer justified for that commodity and its entry in 
Annex I to Implementing Regulation (EU) 2019/1793 should be deleted.
(11) Vanilla and cloves (whole fruit, cloves and stems) from India have been subjected to increased levels of official 
controls due to the risk of the presence of ethylene oxide since January 2022. The official controls carried out on 
these commodities by the Member States indicate an overall satisfactory degree of compliance with the relevant 
requirements provided for in Union legislation. Therefore, an increased level of official controls is no longer justified 
for those commodities and their entries in Annex I to Implementing Regulation (EU) 2019/1793 should be deleted.
(12) Peppers of the genus Piper, dried or crushed or ground fruit of the genus Capsicum or of the genus Pimenta from India 
have been subjected to increased levels of official controls and to special conditions at their entry into the Union due 
to the risk of the presence of ethylene oxide since January 2022. The official controls carried out by the Member 
States show improvement in compliance with the relevant requirements provided for in Union legislation. The 
results of those controls provide evidence that the entry of that commodity into the Union does not constitute a 
serious risk for human health. Consequently, it is not necessary to continue to provide that each consignment is to 
be accompanied by an official certificate stating that all the results of sampling and analysis show compliance with 
the relevant requirements provided for in Union legislation. However, Member States should continue to carry out 
controls to ensure that the current level of compliance is maintained. Therefore, the entry on peppers of the genus 
Piper, dried or crushed or ground fruit of the genus Capsicum or of the genus Pimenta from India in point 1 of 
Annex II to Implementing Regulation (EU) 2019/1793 should be deleted and transferred to Annex I to that 
Implementing Regulation, with a frequency of identity and physical checks set, in the light of the number of 
consignments in the last years, at 20 % of consignments entering the Union.
(13) Calcium carbonate from India has been subjected to an increased level of official controls and to special conditions at 
its entry into the Union due to the risk of the presence of ethylene oxide since January 2022. The official controls 
carried out by the Member States show improvement in compliance with the relevant requirements provided for in 
Union legislation. The results of those controls provide evidence that the entry of that commodity into the Union 
does not constitute a serious risk for human health. Consequently, it is not necessary to continue to provide that 
each consignment is to be accompanied by an official certificate stating that all the results of sampling and analysis 
show compliance with the relevant requirements provided for in Union legislation. However, Member States should 
continue to carry out controls to ensure that the current level of compliance is maintained. Therefore, the entry on 
calcium carbonate from India in point 1 of Annex II to Implementing Regulation (EU) 2019/1793 should be deleted 
and transferred to Annex I to that Implementing Regulation, with a frequency of identity and physical checks set, in 
the light of the number of consignments in the last years, at 30 % of consignments entering the Union.
(14) Turnips ( Brassica rapa ssp. rapa) prepared or preserved by vinegar or acetic acid and turnips ( Brassica rapa ssp. rapa) 
prepared or preserved by brine or citric acid, not frozen from Lebanon have been subjected to an increased level of 
official controls due to the risk of contamination by Rhodamine B since July 2018. The official controls carried out 
on those commodities by the Member States indicate an overall satisfactory degree of compliance with the relevant 
requirements provided for in Union legislation. Therefore, an increased level of official controls is no longer justified 
for those commodities and their entries in Annex I to Implementing Regulation (EU) 2019/1793 should be deleted.
(15) Mixtures of food additives containing locust bean gum from Malaysia have been subjected to an increased level of 
official controls due to the risk of the presence of ethylene oxide in the locust bean gum used in food additives since 
July 2022. The official controls carried out on that commodity by the Member States indicate that the mixtures of 
food additives from Malaysia entering the Union do not contain locust bean gum. Therefore, an increased level of 
official controls is no longer justified for that commodity and its entry in Annex I to Implementing Regulation 
(EU) 2019/1793 should be deleted.
OJ L, 29.1.2026 EN 
ELI: http://data.europa.eu/eli/reg_impl/2026/194/oj 3/25","Cross-Cutting & Institutional Governance","Facility Audit & Hygiene Standards","Cross-Cutting & Institutional Governance × Facility Audit & Hygiene Standards","Spices Board Ministry of Commerce & Industry","Spices Board of India","No","None"
"A-SPICE-005-C14","chunk","A-SPICE-005","A","institutional-voids","not-applicable","A,A,A,A,A,A",255,"[Page 7]
ANNEX 
‘ANNEX I
Food and feed of non-animal origin from certain third countries subject to a temporary increase of 
official controls at border control posts and control points 
Row Country of origin Food and feed (intended use) CN code ( 1)
TARIC 
sub- 
division
Hazard
Frequency of 
identity and 
physical 
checks (%)
1 Azerbaijan 
(AZ)
— Hazelnuts (Corylus sp.), in 
shell
0802 21 00
— Hazelnuts ( Corylus sp.), 
shelled
0802 22 00
— Mixtures of nuts or dried 
fruits containing hazelnuts
ex 0813 50 39 70
ex 0813 50 91 70
ex 0813 50 99 70
— Hazelnut paste ex 2007 10 10 70
ex 2007 10 99 40
ex 2007 99 39 05; 06
ex 2007 99 50 33
ex 2007 99 97 23
— Hazelnuts, otherwise 
prepared or preserved, 
including mixtures
ex 2008 19 12 30
ex 2008 19 19 30
ex 2008 19 92 30
ex 2008 19 95 20
ex 2008 19 99 30
ex 2008 97 12 15
ex 2008 97 14 15 Aflatoxins 20
ex 2008 97 16 15
ex 2008 97 18 15
ex 2008 97 32 15
ex 2008 97 34 15
ex 2008 97 36 15
ex 2008 97 38 15
ex 2008 97 51 15
ex 2008 97 59 15
ex 2008 97 72 15
ex 2008 97 74 15
ex 2008 97 76 15
ex 2008 97 78 15
ex 2008 97 92 15
EN OJ L, 29.1.2026 
6/25 ELI: http://data.europa.eu/eli/reg_impl/2026/194/oj","Cross-Cutting & Institutional Governance","Facility Audit & Hygiene Standards","Cross-Cutting & Institutional Governance × Facility Audit & Hygiene Standards","Spices Board Ministry of Commerce & Industry","Spices Board of India","No","None"
"A-SPICE-005-C21","chunk","A-SPICE-005","A","institutional-voids","not-applicable","A,A,A,A,A,A",304,"[Page 14]
Row Country of origin Food and feed (intended use) CN code ( 1)
TARIC 
sub- 
division
Hazard
Frequency of 
identity and 
physical 
checks (%)
21 Syria (SY)
Tahini and halva from 
Sesamum seeds
(Food)
ex 1704 90 99
ex 1806 20 95
ex 1806 90 50
ex 1806 90 60
ex 2008 19 19
ex 2008 19 99
12; 92
13; 93
10
11; 91
41
41
Salmonella (
2) 30
22 Thailand (TH)
Peppers of the genus Capsicum
(other than sweet)
(Food – fresh, chilled or 
frozen)
ex 0709 60 99
ex 0710 80 59
20
20 Pesticide 
resi­
dues (
3) (8)
50
Granadilla and passion fruit 
(Passiflora ligularis and 
Passiflora edulis)
(Food – fresh)
ex 0810 90 20
ex 0810 90 20
40
50 Pesticide 
residues (
3)
10
23 Türkiye (TR)
Lemons (Citrus limon, Citrus
limonum)
(Food – fresh, chilled or dried )
0805 50 10 Pesticide 
residues (3) 20
Pomegranates
(Food – fresh or chilled)
ex 0810 90 75 30 Pesticide 
resi­
dues (
3) (9)
30
— Sweet peppers ( Capsicum 
annuum)
0709 60 10
0710 80 51
Pesticide 
resi­
dues (3) (10)
20— Peppers of the genus 
Capsicum (other than 
sweet)
(Food – fresh, chilled or 
frozen)
ex 0709 60 99
ex 0710 80 59
20
20
Dried oregano
(Food)
ex 1211 90 86 40 Pyrrolizidine 
alkaloids 30
Sesamum seeds
(Food)
1207 40 90
Salmonella (
2) 30 ex 2008 19 1949
ex 2008 19 99 49
Tomatoes (Solanum 
lycopersicum L.)
(Food – fresh, chilled or 
frozen
vegetables)
0702 00
0710 80 70 Pesticide 
residues (
3) 20
24 Uganda (UG)
Peppers of the genus Capsicum
(other than sweet)
(Food – fresh, chilled or 
frozen)
ex 0709 60 99
ex 0710 80 59
20
20 Pesticide 
residues (
3) 50
OJ L, 29.1.2026 EN 
ELI: http://data.europa.eu/eli/reg_impl/2026/194/oj 13/25","Cross-Cutting & Institutional Governance","Facility Audit & Hygiene Standards","Cross-Cutting & Institutional Governance × Facility Audit & Hygiene Standards","Spices Board Ministry of Commerce & Industry","Spices Board of India","No","None"
"A-SPICE-005-C28","chunk","A-SPICE-005","A","institutional-voids","not-applicable","A,A,A,A,A,A",254,"[Page 20]
Row Country of origin Food and feed (intended use) CN code ( 1)
TARIC 
sub- 
division
Hazard
Frequency of 
identity and 
physical 
checks (%)
10 Iran (IR)
— Pistachios, in shell 0802 51 00
— Pistachios, shelled 0802 52 00
— Mixtures of nuts or dried 
fruits containing 
pistachios
ex 0813 50 39 60
ex 0813 50 91 60
ex 0813 50 99 60
— Pistachio paste ex 2007 10 10 60
ex 2007 10 99 30
ex 2007 99 39 03; 04
ex 2007 99 50 32
ex 2007 99 97 22
— Pistachios, otherwise 
prepared or preserved, 
including mixtures
ex 2008 19 13 20
ex 2008 19 93 20 Aflatoxins 50
ex 2008 97 12 19
ex 2008 97 14 19
ex 2008 97 16 19
ex 2008 97 18 19
ex 2008 97 32 19
ex 2008 97 34 19
ex 2008 97 36 19
ex 2008 97 38 19
ex 2008 97 51 19
ex 2008 97 59 19
ex 2008 97 72 19
ex 2008 97 74 19
ex 2008 97 76 19
ex 2008 97 78 19
ex 2008 97 92 19
ex 2008 97 93 19
ex 2008 97 94 19
ex 2008 97 96 19
ex 2008 97 97 19
ex 2008 97 98 19
— Flours, meals and 
powder of pistachios
ex 1106 30 90 50
(Food)
OJ L, 29.1.2026 EN 
ELI: http://data.europa.eu/eli/reg_impl/2026/194/oj 19/25","Cross-Cutting & Institutional Governance","Facility Audit & Hygiene Standards","Cross-Cutting & Institutional Governance × Facility Audit & Hygiene Standards","Spices Board Ministry of Commerce & Industry","Spices Board of India","No","None"
"A-SPICE-005-C35","chunk","A-SPICE-005","A","institutional-voids","not-applicable","A,A,A,A,A,A",329,"[Page 25]
3. Food and feed of non-animal origin referred to in Article 1(1), point (b)(ii)
Row Country of 
origin
Country from 
where 
consign- 
ments are 
dispatched to 
the Union
Food and feed (intended use) CN code ( 1)
TARIC 
sub- 
division
Hazard
Frequency 
of identity 
and 
physical 
checks (%)
1
United 
States 
(US)
Türkiye 
(TR) (2)
— Pistachios, in shell 0802 51 00
Aflatoxins 50
— Pistachios, shelled 0802 52 00
— Mixtures of nuts or 
dried fruits 
containing 
pistachios
ex 0813 50 39 60
ex 0813 50 91 60
ex 0813 50 99 60
— Pistachio paste ex 2007 10 10 60
ex 2007 10 99 30
ex 2007 99 39 03; 04
ex 2007 99 50 32
ex 2007 99 97 22
— Pistachios, otherwise 
prepared or 
preserved, including 
mixtures
ex 2008 19 13 20
ex 2008 19 93 20
ex 2008 97 12 19
ex 2008 97 14 19
ex 2008 97 16 19
ex 2008 97 18 19
ex 2008 97 32 19
ex 2008 97 34 19
ex 2008 97 36 19
ex 2008 97 38 19
ex 2008 97 51 19
ex 2008 97 59 19
ex 2008 97 72 19
ex 2008 97 74 19
ex 2008 97 76 19
ex 2008 97 78 19
ex 2008 97 92 19
ex 2008 97 93 19
ex 2008 97 94 19
ex 2008 97 96 19
EN OJ L, 29.1.2026 
24/25 ELI: http://data.europa.eu/eli/reg_impl/2026/194/oj

[Page 26]
Row Country of 
origin
Country from 
where 
consign- 
ments are 
dispatched to 
the Union
Food and feed (intended use) CN code ( 1)
TARIC 
sub- 
division
Hazard
Frequency 
of identity 
and 
physical 
checks (%)
ex 2008 97 97 19
ex 2008 97 98 19
— Flours, meals and 
powder of pistachios
ex 1106 30 90 50
(Food)
(
1) Where only certain products under any CN code are required to be examined, the CN code is marked “ex”.
(2) In accordance with Articles 10 and 11, consignments shall be accompanied by the results of sampling and analyses performed on 
those consignments and by the official certificate issued by the country from where those consignments are dispatched to the 
Union.’.
OJ L, 29.1.2026 EN 
ELI: http://data.europa.eu/eli/reg_impl/2026/194/oj 25/25","Cross-Cutting & Institutional Governance","Facility Audit & Hygiene Standards","Cross-Cutting & Institutional Governance × Facility Audit & Hygiene Standards","Spices Board Ministry of Commerce & Industry","Spices Board of India","No","None"
"B-GD-093-C01","chunk","B-GD-093","B","institutional-voids","facility-and-process","M,A,A,A,A,A",258,"KATHMANDU – India has eased barriers to tea exports from Nepal with immediate effect. According to an official communication dated June 23 from the Food Safety and Standards Authority of India (FSSAI), obtained by the Post, the authority has approved a revised inspection regime for imported tea (HSN 0902). The decision was made following a meeting chaired by India’s commerce secretary on June 16. As per the circular, the FSSAI has decided to adopt a risk-based testing system for tea imported into India for domestic consumption. With the new decision, India has introduced risk-based testing of imported tea under HSN 0902, with 20 percent of consignments selected randomly for inspection. It applies immediately at all Indian entry points, including those without permanent FSSAI personnel. “Only around one in five consignments will normally be intercepted for testing. The remaining consignments may receive faster food-safety clearance, subject to the usual customs and documentation requirements,” said a senior government official interpreting the latest Indian circular. This could reduce border delays, storage charges and uncertainty for Nepali exporters. Starting in mid-June, India required every consignment of tea imported from Nepal to undergo mandatory quality testing. The decision made 53 factories in Ilam and 30 in Jhapa to cease production fully or partially. The Nepal government had been talking about seeking a diplomatic solution with India to resolve the export bottleneck. The latest decision by the FSSAI comes as a major relief for Nepali tea exporters, following diplomatic efforts by the government and the formation of a task force to address the crisis.","Cross-Cutting & Institutional Governance","Facility Audit & Hygiene Standards","Cross-Cutting & Institutional Governance × Facility Audit & Hygiene Standards","GDELT 2.0 / asianews.network (Media & Trade News)","Practitioner & Media Discourse","No","None"
"B-GD-093-C03","chunk","B-GD-093","B","institutional-voids","facility-and-process","M,A,A,A,A,A",128,"created by India has been repetitive, which is why we are not fully assured or confident of what happens next,” said Aditya Parajuli, president of the Nepal Tea Producers Association. Nepal produces more than 27,000 tonnes of tea—around 8,000 tonnes of orthodox tea and 19,000 tonnes of crush-tear-curl (CTC) tea—annually. Parajuli said the issue now is for the governments of Nepal and India to settle. According to the association, tea exports to India will resume from Monday. Around 1,500 tonnes of Nepali tea remains stranded in warehouses in Nepal, while another 300 tonnes is stuck in India. Parajuli said laboratory test reports for the consignments held in Indian warehouses are expected soon. Once the reports are received, Indian buyers are expected to take delivery of the tea. ================================================================================","Cross-Cutting & Institutional Governance","Facility Audit & Hygiene Standards","Cross-Cutting & Institutional Governance × Facility Audit & Hygiene Standards","GDELT 2.0 / asianews.network (Media & Trade News)","Practitioner & Media Discourse","No","None"
"A-DATA-100-C01","chunk","A-DATA-100","A","inductive-other","not-applicable","A,A,A,A,A,A",386,"[Page 1]
Department of Commerce  
Statistics Division, DGFT 
Table 3: India’s Country-wise Merchandise Export of QE Groups: Growth for last 2 years and current year 
(Value in US$ Million)  
 S. No. QE Groups 2024-25 2025-26 % 
Change 
May, 
2025 
May, 
2026 
% 
Change 
Apr, 
2026 
% 
Change 
over 
Apr, 
2026 
Apr - 
May, 
2025-26 
Apr - 
May, 
2026-
27 
% Change % Share 
1 U S A 86514 87316 0.9 8826 8817 -0.1 8479 3.99 17209 17294 0.5 19.5 
2 U ARAB EMTS 36638 37359 2.0 2970 3065 3.2 2185 40.25 6405 5248 -18.1 5.9 
3 SINGAPORE 12976 11864 -8.6 1122 1897 69.0 3196 -40.67 2267 5073 123.7 5.7 
4 CHINA P RP 14252 19471 36.6 1621 2022 24.8 1771 14.17 3015 3795 25.9 4.3 
5 NETHERLAND 22763 17501 -23.1 2050 1673 -18.4 1366 22.49 4071 3039 -25.4 3.4 
6 U K 14550 13444 -7.6 1100 1210 10.1 1233 -1.79 2174 2443 12.4 2.7 
7 BANGLADESH 
PR 11485 10587 -7.8 916 844 -7.9 1391 -39.34 1764 2183 23.8 2.5 
8 TANZANIA REP 4790 5420 13.2 298 884 196.9 1294 -31.70 800 2177 172.2 2.4 
9 GERMANY 10629 11526 8.4 1014 1083 6.7 1026 5.50 1871 2109 12.7 2.4 
10 SOUTH AFRICA 7462 7008 -6.1 650 1406 116.2 688 104.19 1291 2094 62.2 2.4 
11 AUSTRALIA 8581 7284 -15.1 788 877 11.3 1136 -22.77 1521 2013 32.4 2.3 
12 SRI LANKA DSR 4551 5517 21.2 308 772 150.3 1026 -24.81 635 1798 183.3 2.0 
13 MALAYSIA 7317 6826 -6.7 538 921 71.1 855 7.68 1074 1776 65.4 2.0 
14 SAUDI ARAB 11757 10281 -12.6 824 916 11.1 852 7.46 1701 1767 3.9 2.0 
15 ITALY 7727 7790 0.8 592 1110 87.5 632 75.61 1207 1742 44.3 2.0 
16 HONG KONG 6067 8082 33.2 537 733 36.4 883 -17.06 1001 1616 61.5 1.8 
17 NEPAL 7386 7447 0.8 682 675 -1.0 848 -20.44 1334 1524 14.2 1.7 
18 KOREA RP 5820 6012 3.3 446 764 71.1 624 22.42 1049 1382 31.8 1.6 
19 VIETNAM SOC 
REP 5429 6666 22.8 459 648 41.4 654 -0.86 886 1302 46.9 1.5 
20 SPAIN 4764 6961 46.1 441 690 56.3 551 25.17 865 1241 43.5 1.4 
21 FRANCE 7960 7102 -10.8 573 642 12.0 566 13.46 1174 1208 2.9 1.4 
22 BRAZIL 6771 7022 3.7 518 667 28.8 527 26.56 1080 1194 10.6 1.3","Cross-Cutting & Institutional Governance","Facility Audit & Hygiene Standards","Cross-Cutting & Institutional Governance × Facility Audit & Hygiene Standards","Corpus A Classified Pool [DataGov]","General Statutory & State Gazette","No","None"
"A-DATA-100-C03","chunk","A-DATA-100","A","inductive-other","not-applicable","A,A,A,A,A,A",223,"[Page 2]
23 JAPAN 6249 6040 -3.4 485 627 29.3 518 21.15 991 1145 15.5 1.3 
24 MEXICO 5749 5727 -0.4 460 605 31.6 526 15.03 882 1132 28.3 1.3 
25 TURKEY 5717 4545 -20.5 351 695 97.8 398 74.71 741 1093 47.6 1.2 
26 BELGIUM 6320 6599 4.4 610 468 -23.3 523 -10.43 1173 991 -15.5 1.1 
27 KENYA 3134 4017 28.2 209 472 125.6 456 3.55 578 923 59.8 1.0 
28 INDONESIA 5380 4491 -16.5 373 458 22.8 414 10.48 719 872 21.3 1.0 
29 CANADA 4222 4671 10.6 368 455 23.4 408 11.49 715 863 20.6 1.0 
30 THAILAND 4813 5059 5.1 416 408 -2.0 418 -2.36 781 825 5.7 0.9 
31 RUSSIA 4881 4494 -7.9 375 383 2.2 401 -4.58 746 784 5.1 0.9 
32 OMAN 4065 4021 -1.1 449 402 -10.4 391 2.85 885 764 -13.6 0.9 
33 EGYPT A RP 3411 3932 15.3 303 344 13.7 323 6.43 598 667 11.5 0.8 
34 MOZAMBIQUE 1323 1496 13.1 96 439 355.2 150 191.81 246 589 139.5 0.7 
35 NIGERIA 2946 3132 6.3 221 261 18.0 309 -15.68 445 570 28.1 0.6 
36 TOGO 2522 2512 -0.4 363 77 -78.8 453 -82.97 731 530 -27.5 0.6 
37 POLAND 2619 2796 6.8 255 271 6.0 237 14.01 482 508 5.5 0.6 
38 PHILIPPINES 2162 2332 7.9 177 210 18.6 282 -25.60 432 492 13.9 0.6 
39 TAIWAN 1782 1949 9.4 169 188 11.4 176 6.41 314 364 15.8 0.4 
40 ISRAEL 2145 2235 4.2 187 185 -1.0 175 5.52 346 360 4.1 0.4 
41 COLOMBIA 1472 1806 22.7 147 178 20.8 150 18.72 287 328 14.2 0.4 
42 AUSTRIA 1406 1308 -7.0 132 147 11.4 115 27.08 226 262 16.0 0.3 
43 CHILE 1154 1220 5.8 127 157 23.2 100 56.16 235 257 9.4 0.3 
44 GHANA 1347 1292 -4.1 103 131 26.8 112 16.67 205 243 18.2 0.3 
45 BHUTAN 1264 1253 -0.9 109 119 9.0 118 0.72 219 236 8.1 0.3 
46 SWEDEN 1262 1371 8.6 114 125 9.9 101 23.84 203 227 11.6 0.3 
47 IRAQ 3273 2958 -9.6 304 91 -70.2 79 14.72 556 169 -69.5 0.2 
48 KUWAIT 1935 1652 -14.6 159 79 -50.6 41 92.31 316 119 -62.3 0.1 
49 IRAN 1241 1259 1.4 109 46 -58.0 51 -10.25 250 97 -61.4 0.1 
50 QATAR 1682 1620 -3.7 123 62 -49.6 29 113.74 243 91 -62.8 0.1 
Total of above country 391664 394274 0.7 34569 40393 16.8 39240 2.9 68938 79521 15.4 89.4 
% Share 89 89   90 89   90   90 89     
Total export by India 437705 441730 0.9 38304 45197 18.0 43560 3.8 76587 88909 16.1 100.0 
Source: DGCIS, based on Quick Estimate May, 2026","Cross-Cutting & Institutional Governance","Facility Audit & Hygiene Standards","Cross-Cutting & Institutional Governance × Facility Audit & Hygiene Standards","Corpus A Classified Pool [DataGov]","General Statutory & State Gazette","No","None"
"A-DATA-101-C01","chunk","A-DATA-101","A","inductive-other","not-applicable","A,A,A,A,A,A",250,"[Page 1]
S. No. QE Groups 2024-25 2025-26 % Change May,
2025
May,
2026 % Change Apr,
2026
% Change 
over Apr, 
2026
Apr - May, 
2025-26
Apr - May, 
2026-27 % Change % Share
1 CHINA P RP 113447 131633 16.0 10315 12729 23.4 11972 6.32 20221 24701 22.2 17.0
2 RUSSIA 63811 55370 -13.2 5798 9477 63.5 7363 28.7 12027 16840 40.0 11.6
3 U S A 45625 53489 17.2 3802 5872 54.4 5274 11.34 9335 11146 19.4 7.7
4 U ARAB EMTS 63403 63894 0.8 6353 5706 -10.2 4073 40.1 12584 9780 -22.3 6.7
5 SAUDI ARAB 30121 30790 2.2 1886 2123 12.5 3846 -44.81 4838 5969 23.4 4.1
6 KOREA RP 21064 21355 1.4 1853 2268 22.4 2339 -3.0 3633 4608 26.8 3.2
7 SINGAPORE 21282 24241 13.9 1798 2367 31.6 2042 15.91 3587 4408 22.9 3.0
8 JAPAN 18915 21437 13.3 1930 2012 4.2 2159 -6.8 3747 4171 11.3 2.9
9 GERMANY 18948 19508 3.0 1493 1687 13.0 1824 -7.47 3277 3511 7.1 2.4
10 OMAN 6549 7166 9.4 478 1940 305.7 1488 30.4 908 3428 277.6 2.4
11 INDONESIA 22778 20292 -10.9 1712 1568 -8.4 1779 -11.86 3189 3347 4.9 2.3
12 HONG KONG 19729 24331 23.3 1687 1594 -5.5 1693 -5.8 3365 3287 -2.3 2.3
13 THAILAND 14267 16427 15.1 1025 1203 17.4 1530 -21.37 2068 2733 32.2 1.9
14 MALAYSIA 12539 14177 13.1 1084 1477 36.3 1244 18.7 2098 2721 29.7 1.9
15 BRAZIL 5435 8051 48.1 295 1354 358.8 1338 1.19 960 2692 180.4 1.9
16 TAIWAN 10007 8881 -11.3 836 1117 33.6 1414 -21.0 1523 2531 66.2 1.7
17 NIGERIA 4192 5896 40.6 822 1380 67.8 1137 21.37 1389 2518 81.2 1.7
18 VIETNAM SOC REP 10334 11615 12.4 960 1024 6.6 1218 -16.0 1848 2242 21.3 1.5
19 SWITZERLAND 21796 24275 11.4 1463 618 -57.7 1473 -58.02 2625 2091 -20.3 1.4
20 PERU 4981 8870 78.1 253 782 208.9 1262 -38.1 557 2043 267.1 1.4
21 AUSTRALIA 15526 13811 -11.0 770 912 18.5 1067 -14.52 1831 1979 8.1 1.4
22 SOUTH AFRICA 10547 8561 -18.8 643 704 9.6 898 -21.5 1308 1602 22.5 1.1
23 ANGOLA 4509 4863 7.8 359 875 143.8 724 20.89 822 1598 94.5 1.1
24 U K 8583 11682 36.1 825 676 -18.0 727 -6.9 1394 1403 0.7 1.0
25 CHILE 2604 5035 93.3 303 758 149.9 445 70.43 562 1202 113.9 0.8
26 FRANCE 7231 8714 20.5 401 590 46.9 607 -2.9 992 1197 20.6 0.8
27 BELGIUM 6590 6411 -2.7 638 572 -10.3 496 15.42 1242 1068 -14.0 0.7
28 NETHERLAND 4995 5786 15.8 556 524 -5.8 509 2.9 995 1033 3.8 0.7
29 ITALY 6014 6674 11.0 459 504 9.6 512 -1.68 927 1016 9.6 0.7
30 ARGENTINA 3737 4955 32.6 296 499 68.5 389 28.2 615 887 44.3 0.6
31 CANADA 4447 3285 -26.1 232 386 66.1 439 -12.24 545 825 51.4 0.6
32 GHANA 1791 6680 273.1 198 289 46.5 503 -42.5 386 793 105.5 0.5
33 HUNGARY 474 1701 258.6 42 536 1187.1 213 151.52 81 749 820.0 0.5
Department of Commerce 
Statistics Division, DGFT
Table 4: India’s Country-wise Merchandise Import of QE Groups: Growth for last 2 years and current year
(Value in US$ Million)","Cross-Cutting & Institutional Governance","Facility Audit & Hygiene Standards","Cross-Cutting & Institutional Governance × Facility Audit & Hygiene Standards","Corpus A Classified Pool [DataGov]","General Statutory & State Gazette","No","None"
"A-DATA-101-C03","chunk","A-DATA-101","A","inductive-other","not-applicable","A,A,A,A,A,A",328,"[Page 2]
S. No. QE Groups 2024-25 2025-26 % Change May,
2025
May,
2026 % Change Apr,
2026
% Change 
over Apr, 
2026
Apr - May, 
2025-26
Apr - May, 
2026-27 % Change % Share
(Value in US$ Million) 
34 COLOMBIA 3245 2903 -10.6 154 202 31.7 501 -59.6 366 704 92.3 0.5
35 SWEDEN 2120 1967 -7.2 211 168 -20.2 414 -59.38 383 582 52.0 0.4
36 MEXICO 2869 2106 -26.6 80 216 168.9 342 -36.8 202 558 176.0 0.4
37 TANZANIA REP 3851 3603 -6.4 297 267 -10.1 203 31.91 723 470 -35.0 0.3
38 SPAIN 2218 2234 0.7 235 213 -9.4 189 12.7 417 402 -3.5 0.3
39 TURKEY 2993 2343 -21.7 185 225 21.8 120 86.93 451 345 -23.5 0.2
40 EGYPT A RP 1329 2603 95.9 239 113 -52.8 181 -37.6 536 294 -45.2 0.2
41 NEPAL 1289 1942 50.7 187 139 -25.7 153 -9.10 381 293 -23.3 0.2
42 BANGLADESH PR 2005 1780 -11.2 168 144 -13.8 137 5.5 276 281 2.1 0.2
43 IRELAND 5129 6129 19.5 537 132 -75.4 130 1.97 1383 262 -81.1 0.2
44 ISRAEL 1481 1689 14.0 124 133 6.8 120 10.8 266 253 -4.9 0.2
45 IRAQ 28891 24558 -15.0 2565 161 -93.7 91 76.19 5529 252 -95.4 0.2
46 MOROCCO 1590 2897 82.1 127 136 7.6 110 24.0 212 246 16.2 0.2
47 JORDAN 1912 1877 -1.8 134 157 17.3 82 90.61 250 239 -4.2 0.2
48 QATAR 12464 12293 -1.4 911 156 -82.9 81 92.9 2197 237 -89.2 0.2
49 MOZAMBIQUE 2097 2289 9.2 119 132 10.8 76 75.00 282 208 -26.2 0.1
50 KUWAIT 8286 7917 -4.4 488 17 -96.4 167 -89.6 1560 185 -88.2 0.1
690043 740987 7.4 58328 68835 18.0 67095 2.6 120894 135930 12.4 93.5
96 96 96 94 113 96 94
720241 774978 7.6 60855 73407 20.6 59592 23.2 126237 145350 15.1 100.0
Source: DGCIS, based on Quick Estimate May, 2026
Total of above country
% share
Total Import by India","Cross-Cutting & Institutional Governance","Facility Audit & Hygiene Standards","Cross-Cutting & Institutional Governance × Facility Audit & Hygiene Standards","Corpus A Classified Pool [DataGov]","General Statutory & State Gazette","No","None"
"A-EUDR-101-C01","chunk","A-EUDR-101","A","informational-verifiability","land-use-geolocation","A,A,A,A,A,A",250,"[Page 1]
DIRECTIVES
DIRECTIVE (EU) 2022/2464 OF THE EUR OPEAN P ARLIAMENT AND OF THE COUNCIL 
of 14 December 2022
amending Regulation (EU) No 537/2014, Directiv e 2004/109/EC, Directiv e 2006/43/EC and Directiv e 
2013/34/EU, as regards cor porate sust ainability repor ting 
(T ext with EEA relevance) 
THE EUR OPEAN P ARLIAMENT AND THE COUNCIL OF THE EUR OPEAN UNION,
Havi ng regar d to the T reaty on the Functioning of the European U nion, and in par ticular Ar ticles 50 and 114 thereof,
Havi ng regar d to the proposal from the European Commission,
Af ter transmission of the draf t legislative act to the national parliaments,
Havi ng regar d to the opinion of the European Economic and Social Committee (
1
) ,
A cting in accordance with the ordinar y legislative procedure (
2
) ,
Whereas:
(1) In its communication of 11 December 2019 entitled ‘ The European Green Deal’ (the ‘Green Deal’), the European 
Commission made a commitment to review the provisions concer ning non-fi nancial repor ting of Directive 
2013/34/EU of the European Parliament and of the Council (
3
) . The Green Deal is the new gro wth strategy of the 
U nion. It aims to transf or m the U nion into a moder n, resource-efficient and competitive econom y with no net 
emissions of greenhouse gases (GHG) by 2050. It also aims to prote ct, conser ve and enhance the Union's natural 
capital, and prote ct the health and well-being of U nion citizens from en vironment-related r isks and impacts. The 
Green Deal aims to decouple economic gro wth from resource use, and ensure that all regions and Union citizens 
par ticipate in a socially just transition to a sustainable economic syste m whereby no person and no place is lef t 
behind. It will contr ibut e to the objective of building an economy that w ork s f or the people, strengthening the 
U nion’s social market economy , helping to ensure that it is ready f or the future and that it delivers stability , jobs, 
gro wth and sustainable inv estment.
These goals are especially im por tant consider ing the socio-economic damage caused by the CO VID-19 pandemic 
and the need f or a sustainable, inclusive and fair reco ver y . Regulation (EU) 2021/1119 of the European P arliament 
and of the Council (
4
) makes the objective of climat e neutrality by 2050 binding in the U nion. Moreover , in its 
Communication of 20 Ma y 2020 entitled ‘EU Biodiversity Strategy f or 2030: Br inging nature back into our lives’, 
the Commission commits to ensur ing that by 2050 all of the world’s ecosystem s are restored, resilient and 
adequately prot ected. That strategy aims to put Europe’s biodiversity on a path to recovery by 2030.
(
1
) OJ C 517, 22.12.2021, p. 51.
(
2
) P osition of the European P arliament of 10 November 2022 (not yet published in the Official Jour nal) and decision of the Council of 
28 November 2022.
(
3
) Directive 2013/34/EU of the European Parliament and of the Council of 26 June 2013 on the annual financial statements, 
consolidated financia l statements and related repor ts of cer tain types of under takings, amending Directive 2006/43/EC of the 
European Parliament and of the Council and repealing Council Directives 78/660/EEC and 83/349/EEC (OJ L 182, 29.6.2013, p. 19).
(
4
) Regulation (EU) 2021/1119 of the European P arliament and of the Council of 30 June 2021 establishing the framewo rk f or achieving 
climate neutrality and amending Regulations (EC) No 401/2009 and (EU) 2018/1999 (‘European Climate Law’) (OJ L 243, 9.7.2021, 
p. 1).
EN
Offi cial Jour nal of the European Uni on 16.12.2022 L 322/15","Cross-Cutting & Institutional Governance","Facility Audit & Hygiene Standards","Cross-Cutting & Institutional Governance × Facility Audit & Hygiene Standards","Corpus A Classified Pool [EUDR_CSDDD]","EU DG SANTE / European Commission","No","None"
"A-EUDR-101-C16","chunk","A-EUDR-101","A","informational-verifiability","land-use-geolocation","A,A,A,A,A,A",250,"[Page 5]
(13) The Commission repor t of 21 Apr il 2021 on the review clauses in Directives 2013/34/EU, 2014/95/EU, 
and 2013/50/EU and its accompan ying fitness c heck on the EU framewor k f or public repor ting by companies 
(‘Commission repor t on the review clauses and its accompan ying fitness c heck’) identified problems as to the 
effe ctiveness of Directive 2014/95/EU. There is signif icant evidence that many under takings do not disclose 
mater ial inf or mation on all major sustainability-related topics, including climate -related inf or mation such as all 
GHG emissions, and fa ctors that affect biodiversity . The repor t also identif ied the limited compar ability and 
reliability of sustainability inf or mation as signif icant problems. Ad ditionally , man y under takings from which users 
need sustainability inf or mation are not oblig ed to repor t such inf or mation. A ccording ly , there is a clear need f or a 
robust and aff ordable repor ting framework that is accompanied by eff ective auditing practices to ensure the 
reliability of data and av oid greenwashing and double counting.
(14) In the absence of policy action, the g ap between users’ inf or mation needs and the sustainability inf or mation 
provid ed by under takings is expect ed to grow . That g ap has signif icant nega tive consequences. Invest ors are unable 
to tak e suff icient account of sustainability-relate d r isks and oppor tunities in their investment decisions. The 
aggregation of multiple inv estment decisions that do not take adequate account of sustainability-related r isks has 
the poten tial to creat e system ic r isks that threaten financial stability . The European Central Bank (ECB) and 
internati onal org anisations, such as the Financial Stability Board, hav e dra wn att ention to those systemic r isks, in 
par ticular as regards climat e. Invest ors are also less able to c hannel fi nancial resources to under takings and 
economic activities that address and do not exacerbate social and environmental problems, which under mines the 
objectives of the Green Deal, the A ction Plan on Financing Sustainable Growth and the Par is Agreement. Non- 
governmental organisations, social par tners, communities affect ed by under takings’ activities, and other 
stake holders are less able to hold under takings accountable f or their impa cts on people and the environment. This 
creat es an accountability def icit and could lead to lower levels of citizen tr ust in businesses, which in tur n could 
hav e negativ e impa cts on the effi cient functioning of the social mark et econom y . The lack of generally accept ed 
metr ics and methods f or measur ing, valuing, and managing sustainability-related r isks is also an obstacle to the 
eff or ts of under takings to ensure that their business models and activities are sustainable. The lac k of sustainability 
inf or mation provi ded by under takings also limits the ability of stake holders, including civil society actors, trade 
unions and w orke rs’ representatives, to enter into dialogue with under takings on sustainability matt ers.
(15) The Commission repor t on the review clauses and its accompan ying fitness c heck also identified a signif icant 
increase in requests to under takings f or inf or mation about sustainability matte rs aimed at addressing the existing 
inf or mation g ap between users’ inf or mation needs and the av ailable cor porate sustainability inf or mation. In 
addition, ongoing expectations on under takings to use a var iety of diffe rent framew ork s and standards are lik ely to 
continue and ma y even intensify as the value placed on sustainability inf or mation continues to gro w . In the absence 
of policy action to build consensus on the inf or mation that under takings should repor t, there will be signif icant 
increases in term s of cost and burden f or repor ting under takings and f or users of such inf or mation.
(16) The existing inf or mation gap makes it more like ly that individual Member Stat es will introduce increasing ly 
diverg ent national r ules or standards. Diff erent repor ting requirements in differ ent Member State s could create 
additional costs and compl exity f or under takings operating across borders and theref ore under mine the internal 
mark et, and could under mine the r ight of establishment and the free mov ement of capital across the U nion. Such 
differ ent repor ting requirements could also mak e repor te d inf or mation less comparable across borders, 
under mining the capital mark ets union.
(17) Ar ticles 19a and 29a of Directive 2013/34/EU apply to larg e under takings that are public-interest entities with an 
av erage number of emplo y ees in excess of 500, and to public-interest entities that are parent under takings of a larg e 
group with an av erage number of emplo y ees in excess of 500 on a consolidate d basis, respectively . In view of the 
gro wth of users’ needs f or sustainability inf or mation, additional catego r ies of under takings should be required to 
repor t sustainability inf or mation. It is theref ore appropr iate to require all larg e under takings and all under takings, 
excep t micro under takings, whose secur ities are admitte d to trading on a regulated mark et in the U nion to repor t 
sustainability inf or mation. The provisions of this amending Directive amending Ar ticles 19a and 29a of Directive 
2013/34/EU explicitly set out the scope of the repor ting requirements with reference to Ar ticles 2 and 3 of Directive 
2013/34/EU. Theref ore, they do not simplify or modify another requirement and the restr iction of exem ptions f or 
public-inte rest entities provided f or in Ar ticle 40 of Directive 2013/34/EU does not apply . In par ticular , public- 
inter est entities should not be treated as larg e under takings f or the pur poses of the application of the sustainability 
EN
Offi cial Jour nal of the European Uni on 16.12.2022 L 322/19","Cross-Cutting & Institutional Governance","Facility Audit & Hygiene Standards","Cross-Cutting & Institutional Governance × Facility Audit & Hygiene Standards","Corpus A Classified Pool [EUDR_CSDDD]","EU DG SANTE / European Commission","No","None"
"A-EUDR-101-C31","chunk","A-EUDR-101","A","informational-verifiability","land-use-geolocation","A,A,A,A,A,A",250,"[Page 9]
repor ting standards adopt ed pursuant to the third subparagraph of Ar ticle 23(4) of Directive 2004/109/EC. Such 
exem pti on should not apply to larg e under takings whose secur ities are admitted to trading on a regulated mark et in 
the U nion f or reasons of inv estor prote ction, in order to ensure great er transparency as regards such under takings.
(26) Ar ticle 23 of Directive 2013/34/EU exem pts parent under takings from the oblig ation to prepare consolidat ed 
fi nancial stat ements and a consolidated management repor t where parent under takings are subsidiar y under takings 
of another parent under taking that compl ies with that obligation. It should be specifi ed, however , that the 
exem pti on regime f or consolidated financia l stat ements and consolidated management repor ts operat es 
independently from the exem ption regime f or consolidated sustainability repor ting. An under taking can theref ore 
be exem pt ed from consolidated financial repor ting requirements but not from consolidated sustainability repor ting 
requirements where its ultimat e parent under taking prepares consolidated fi nancial state ments and consolidat ed 
manage ment repor ts in accordance with Union law , or in accordance with equivalent requirements if the 
under taking is established in a third countr y , but does not car r y out consolidated sustainability repor ting in 
accordance with Union law , or in accordance with equivalent requirements if the under taking is established in a 
third countr y . It is necessar y that parent under takings repor ting at group level provide an adequate understanding 
of the r isks f or , and im pacts of, their subsidiar y under takings, including inf or mation on their due diligence 
processes where appropr iat e. There might be cases where the differ ences between the situation of the group and 
that of its individual subsidiar y under takings, or between the situation of individual subsidiar y under takings in 
differ ent terr itori es are par ticularly significant and w ould, in the absence of additional inf or mation about the 
individual subsidiar y under taking concer ned, cause the user of the inf or mation to reach a substantially differ ent 
conclusion about the r isks f or , or im pacts of, the subsidiar y under taking.
(27) Credit institutions and insurance under takings pla y a ke y role in the transition to wards a fully sustainable and 
inclusive economic and fi nancial system in line with the Green Deal. They can hav e signif icant positive and nega tive 
imp acts via their lending, inv estment and under wr iting activities. Credit institutions and insurance under takings 
other than those that are required to compl y with Directive 2013/34/EU, including cooperatives and mutual 
under takings, should theref ore be subject to sustainability repor ting requirements, provid ed that the y meet cer tain 
size cr it er ia. Users of sustainability inf or mation w ould thus be enabled to assess both the impacts of such credit 
institutions and insurance under takings on society and the en vironment and the r isks ar ising from sustainability 
matte rs that such credit institutions and insurance under takings could f ace. Directive 2013/34/EU provi des f or 
three possible cr iter ia to det er mine whether an under taking is to be considered a ‘large under taking’, namely the 
balance sheet total, net tur nover and the av erage number of emplo yees dur ing the financial year .
The cr it er ion of net tur no ver needs to be adap ted f or credit institutions and f or insurance under takings by refe r r ing 
to the definition of net tur nover in Council Directives 86/635/EEC (
19
) and 91/674/EEC (
20
) inste ad of the g eneral 
definit ion laid down in Directive 2013/34/EU. T o ensure coherence with the repor ting requirements of Directive 
86/635/EEC, Member State s should be able to choose not to apply sustainability repor ting requirements to credit 
institutions listed in Ar ticle 2(5) of Directive 2013/36/EU of the European P arliament and of the Council (
21
) .
(28) The list of sustainability matters on whic h under takings are required to repor t should be as consistent as possible 
with the definition of the term ‘sustainability f actors’ laid down in Regulation (EU) 2019/2088, and should prevent 
a mismatch between inf or mation required by data users and inf or mation to be repor ted by under takings. That list 
should also cor respond to the needs and expectations of users and under takings, who of ten use the term s 
‘envir onmental’, ‘social’ and ‘gov er nance ’ as a means of cate gor ising the three main sustainability matt ers. However , 
(
19
) Council Directive 86/635/EEC of 8 December 1986 on the annual accounts and consolidated accounts of banks and other financial 
institutions (OJ L 372, 31.12.1986, p. 1).
(
20
) Council Directive 91/674/EEC of 19 December 1991 on the annual accounts and consolidated accounts of insurance under takings 
(OJ L 374, 31.12.1991, p. 7).
(
21
) Directive 2013/36/EU of the European P arliament and of the Council of 26 June 2013 on access to the activity of credit institutions 
and the pr udential super vision of credit institutions, amending Directive 2002/87/EC and repealing Directives 2006/48/EC 
and 2006/49/EC (OJ L 176, 27.6.2013, p. 338).
EN
Offi cial Jour nal of the European Uni on 16.12.2022 L 322/23","Cross-Cutting & Institutional Governance","Facility Audit & Hygiene Standards","Cross-Cutting & Institutional Governance × Facility Audit & Hygiene Standards","Corpus A Classified Pool [EUDR_CSDDD]","EU DG SANTE / European Commission","No","None"
"A-EUDR-101-C46","chunk","A-EUDR-101","A","informational-verifiability","land-use-geolocation","A,A,A,A,A,A",250,"[Page 12]
(34) It is not the objective of this amending Directive to require under takings to disclose intellectual capital, intellectual 
proper ty , know-ho w or the results of innovati on that w ould qualify as trade secrets as defined in Directive (EU) 
2016/943 of the European P arliament and of the Council (
22
) . Repor ting requirements pro vided f or in this 
amending Directive should theref ore be without prejudice to Directive (EU) 2016/943.
(35) Ar ticle 19a(1) and Ar ticle 29a(1) of Directive 2013/34/EU require under takings to include in their non-financial 
repor ting refe rences to, and additional explanations of, amounts repor ted in the annual fi nancial statements. Those 
Ar ticles do not, however , require under takings to make ref erences to other inf or mation in the management repor t 
or to add additional explanations to that inf or mation. Thus, there is cur rently a lack of consist ency between non- 
fi nancial inf or mation repor ted and the rest of the inf or mation disclosed in the management repor t. It is necessar y 
to la y down clear requirements in this regard.
(36) Ar ticle 19a(1) and Ar ticle 29a(1) of Directive 2013/34/EU require under takings to provid e a clear and reasoned 
explanation f or not pursuing policies in relation to one or more of the matt ers list ed in those Ar ticles, where the 
under taking does not do so. The differ ent treatment of disclosures on the policies that under takings ma y hav e, 
compare d to the other repor ting areas included in those Ar ticles, has created confusion among repor ting 
under takings and has not helped to im prove the quality of the repor ted inf or mation. Theref ore, there is no need to 
maintain such diff erent treatment of policies in that Directive. The sustainability repor ting standards should 
det er mine what inf or mation needs to be disclosed in relation to each of the repor ting areas mentioned in Ar ticles 
19a and 29a of Directive 2013/34/EU as amended by this amending Directive.
(37) U nder takings that fall under the scope of Ar ticle 19a(1) and Ar ticle 29a(1) of Directive 2013/34/EU ma y rely on 
national, Union-based or international repor ting frameworks, and where they do so, they hav e to specify which 
framewor k s they hav e relied upon. However , Directive 2013/34/EU does not require under takings to use a 
common repor ting framewor k or standard, and it does not prevent under takings from choosing not to use an y 
repor ting framew ork or standards at all. As required by Ar ticle 2 of Directive 2014/95/EU, on 5 July 2017 , the 
Commission adopt ed a Communication entitled ‘Guidelines on non-financial repor ting (methodology f or repor ting 
non-fi nancial inf or mation)’ (‘Guidelines on non-f inancial repor ting’), provi ding f or non-binding guidelines f or 
under takings that fa ll under the scope of that Directive.
On 17 June 2019 , the Commission adopt ed its Guidelines on repor ting climat e-relat ed inf or mation, containing 
additional guidelines, specifi cally on repor ting climate -related inf or mation. Those Guidelines on repor ting climat e- 
relat ed inf or mation explicitly incor porat ed the recommendations of the T ask Force on Climat e-related Financial 
Disclosures. A vailable evidence indicates that the Guidelines on non-fi nancial repor ting did not hav e a signif icant 
imp act on the quality of non-fi nancial repor ting by under takings under the scope of Ar ticles 19a and 29a of 
Directive 2013/34/EU. The volun tar y nature of the guidelines means that under takings are free to decide whether 
to apply them or not. The guidelines can theref ore not ensure on their own the comparab ility of the inf or mation 
disclosed by diff erent under takings, or the disclosure of all inf or mation that users of that inf or mation consider 
relevant. That is why there is a need f or mandatory common sustainability repor ting standards to ensure that 
inf or mation is compara ble and that all relevant inf or mation is disclosed. Building on the double mater iality 
pr inciple, standards should co ver all inf or mation that is mater ial to users of that inf or mation. Common 
sustainability repor ting standards are also necessar y to enable the assurance and digitalisation of sustainability 
repor ting and to f acilitate its super vision and enf orcement.
The development of mandatory common sustainability repor ting standards is necessar y to reach a situation in whic h 
sustainability inf or mation has a status compara ble to that of fi nancial inf or mation. The adoptio n of sustainability 
repor ting standards by means of delegat ed acts would ensure har monised sustainability repor ting across the Union. 
(
22
) Directive (EU) 2016/943 of the European Parliament and of the Council of 8 June 2016 on the protection of undisclosed know-ho w 
and business inf or mation (trade secrets) again st their unlawful acquisition, use and disclosure (OJ L 157, 15.6.2016, p. 1).
EN
Offi cial Jour nal of the European Uni on L 322/26 16.12.2022

[Page 13]
Theref ore, an under taking w ould be compl iant with the sustainability repor ting requirements of Directive 
2013/34/EU by repor ting in accordance with the sustainability repor ting standards. When defining such standards, 
it is essential to give due consideration, to the greatest extent possible, to the main sustainability repor ting standards 
used worldwide, while not lo wer ing the ambition of this amending Directive and delegat ed acts adopt ed pursuant 
thereto.
(38) No existing standard or framewor k satisfies the U nion’s needs f or sustainability repor ting by itself. Inf or mation 
required by Directive 2013/34/EU needs to cover inf or mation relevant from each of the mate r iality perspectives, 
needs to co ver all sustainability matt ers and needs to be aligned, where appropr iate, with other oblig ations under 
U nion law to disclose sustainability inf or mation, including obligations laid down in Regulations (EU) 2019/2088 
and (EU) 2020/852. In addition, mandatory sustainability repor ting standards f or Union under takings should be 
commensurat e with the level of ambition of the Green Deal and the U nion’s objective of climate neutrality by 2050 
as well as with the interm ediat e targets under Regulation (EU) 2021/1119. It is theref ore necessar y to em power the 
Commission to adopt Union sustainability repor ting standards, enabling their rapid adopt ion and ensur ing that the 
conte nt of those sustainability repor ting standards is consistent with the Union’s needs.
(39) The European Financial Repor ting A dvisor y Group (EFRA G) is a non-profit association established under Belgian 
la w that ser ves the public interest by provid ing advice to the Commission on the endorsement of inte r national 
fi nancial repor ting standards. EFRA G has established a reputation as a European centre of exper tise on cor porat e 
repor ting and is well placed to f oster coordination between Union sustainability repor ting standards and 
internati onal initiatives that seek to develop standards that are consistent across the world. In March 2021, a multi- 
stake holder task f orce set up by EFRA G published recommendations f or the possible development of sustainability 
repor ting standards f or the U nion. Those recommendations contain proposals to develop a coherent and 
compreh ensive set of sustainability repor ting standards, cover ing all sustainability matte rs from a double mater iality 
perspective. Those recommendations also contain a detailed roadmap f or developing such standards, and proposals 
f or mutually reinf orcing cooperation between g lobal standard-setting initiatives and standard-setting initiatives of 
the Union. In March 2021, the EFRA G Board President published recommendations f or possible govern ance 
c hanges to EFRA G in the event that it were to be asked to develop tec hnical advice about sustainability repor ting 
standards. The EFRA G Board President’s recommendations include the setting up of a new sustainability repor ting 
pillar within EFRA G, while not signif icantly modifying the existing fi nancial repor ting pillar . In Marc h 2022, the 
EFRA G General Assembly appointe d the members of the newly creat ed EFRA G Sustainability Repor ting Board. 
When adop ting sustainability repor ting standards, the Commission should take account of tec hnical advice that 
EFRA G will develop.
In order to ensure high-quality standards that contr ibut e to the European public good and meet the needs of 
under takings and of users of the inf or mation repor ted , EFRA G should have suff icient public funding to ensure its 
independence. Its te chnical advice should be developed with proper due process, public oversight and transparency , 
and based on the exper tise of a balanced representation of relevant stak eholders, including under takings, invest ors, 
civil society org anisations and trade unions, and should be accompanied by cost-benefi t analyses. P ar ticipation in 
EFRA G’s w ork at te chnical level should be conditional on exper tise in sustainability repor ting and should not be 
conditional on an y fi nancial contr ibution, without prejudice to the par ticipation of public bodies and national 
standard-setting organisations in that w ork . A transparent process av oiding conf licts of inte rest should be 
guarant eed. T o ensure that Union sustainability repor ting standards take account of the views of the Member State s, 
bef ore adopting those standards the Commission should consult the Member Stat e Exper t Group on Sustainable 
Finance, ref er red to in Regulation (EU) 2020/852, (the ‘Member Stat e Exper t Group on Sustainable Finance’) and the 
A ccounting Regulator y Committ ee, refe r red to in Regulation (EC) No 1606/2002 of the European P arliament and of 
the Council (
23
) , (the ‘ A ccounting Regulat or y Committ ee’ ) in relation to EFRA G’s te chnical advice.
(
23
) Regulation (EC) No 1606/2002 of the European Parliament and of the Council of 19 July 2002 on the application of inter national 
accounting standards (OJ L 243, 11.9.2002, p. 1).
EN
Offi cial Jour nal of the European Uni on 16.12.2022 L 322/27","Cross-Cutting & Institutional Governance","Facility Audit & Hygiene Standards","Cross-Cutting & Institutional Governance × Facility Audit & Hygiene Standards","Corpus A Classified Pool [EUDR_CSDDD]","EU DG SANTE / European Commission","No","None"
"A-EUDR-101-C61","chunk","A-EUDR-101","A","informational-verifiability","land-use-geolocation","A,A,A,A,A,A",289,"[Page 16]
(46) It should be ensured that the inf or mation repor ted by under takings in accordance with the sustainability repor ting 
standards meets the needs of users and does not place a dispropor tionat e burden in term s of eff or t and cost on the 
repor ting under takings and those that are indirectly aff ected as par t of the value c hain of those under takings. The 
sustainability repor ting standards should theref ore specify the inf or mation that under takings are to disclose on all 
maj or environmental fact ors, including their im pacts and dependencies on climat e, air , land, water and biodiversity . 
Regulation (EU) 2020/852 provid es a classificat ion of the en vironmental objectives of the Union.
For reasons of coherence, it is appropr iat e to use a similar classification to identify the en vironmental fact ors that 
should be addressed by sustainability repor ting standards. The sustainability repor ting standards should consider 
and specify any ge ographical or other conte xtual inf or mation that under takings should disclose to provi de an 
understanding of their pr incipal impa cts on sustainability matt ers and the pr incipal r isks to the under taking ar ising 
from sustainability matt ers. When specifying the inf or mation about en vironmental fact ors that under takings are to 
disclose, coherence should be ensured with the def initions laid down in Ar ticle 2 of Regulation (EU) 2020/852 and 
the repor ting requirements laid down in Ar ticle 8 of that Regulation and in the delegat ed acts adopt ed pursuant to 
that Regulation.
(47) With regard to climat e-related inf or mation, users are inte rested in knowing about under takings’ physical and 
transition r isks, and about their resilience as regards, and plans to adap t to, differ ent climate scenar ios and plans to 
adapt to the U nion’s objective of climat e neutrality by 2050. They are also interest ed in the level and scope of GHG 
emissions and removals attr ibuted to the under taking, including the ext ent to whic h the under taking uses offsets 
and the source of those offsets. A c hieving a climat e neutral econom y requires the alignment of GHG accounting 
and offsetting standards. Users need reliable inf or mation regar ding offsets that addresses concer ns regarding 
possible double counting and overestimations, given the r isks to the achi evement of climate -related targets that 
double counting and o verestimations can creat e. Users are also inte rested to know the eff or ts made by compan ies to 
effe ctively reduce absolute GHG emissions as par t of their climate mitigation and adaptation strategies, including 
scope 1, scope 2 and, where relevant, scope 3 emissions.
With regard to scope 3 emissions, a pr ior ity f or users is to receive inf or mation about whic h scope 3 catego r ies are 
signif icant in the case of the under taking, and about the emissions in each of those scope 3 catego r ies. The 
sustainability repor ting standards should theref ore specify the inf or mation under takings should repor t with regar d 
to such matters.
(48) A c hieving a climat e-neutral and circular economy without diffuse pollution requires the full mobilisation of all 
economic sect ors. Reducing energy use and increasing energy effi ciency is ke y in this respect, as energy is used 
across supply c hains. Energy aspects should theref ore be duly considered in sustainability repor ting standards, in 
par ticular in relation to envi ronmental matte rs, including climat e-related matt ers.
(49) Sustainability repor ting standards should specify the inf or mation that under takings should disclose on social fact ors, 
including working conditions, social par tner inv olvement, collective bargaining, equality , non-discr imination, 
diversity and inclusion, and human r ights. Such inf or mation should cover the impacts of the under taking on 
people, including w orkers, and on human health. The inf or mation that under takings disclose about human r ights 
should include inf or mation about f orced labour and child labour in their value c hains where relevant. Sustainability 
repor ting requirements concer ning f orced labour should not free public author ities of their responsibility to address, 
through trade policy and diplomatic means, the im por t of goods produced as a result of human r ights abuses, 
including f orced labour . U nder takings should also be able to repor t on possible r isks and trends regarding 
emplo yment and incomes.
Sustainability repor ting standards that address social fact ors should specify the inf or mation that under takings 
should disclose with regard to the pr inciples of the European Pillar of Social Rights that are relevant to businesses, 
including equal oppor tunities f or all and w orking conditions. The A ction Plan on the European Pillar of Social 
Rights, adop ted by the Commission on 4 Marc h 2021 , calls f or stronger requirements on under takings to repor t on 
social issues. The sustainability repor ting standards should also specify the inf or mation that under takings should 
disclose with regar d to the human r ights, fundamental freedoms, democratic pr inciples and standards established in 
the Internati onal Bill of Human Rights and other core UN human r ights con ventions, including the UN Convention 
on the Rights of P ersons with Disabilities, the UN Declaration on the Rights of Indige nous P eoples, the UN 
EN
Offi cial Jour nal of the European Uni on L 322/30 16.12.2022","Cross-Cutting & Institutional Governance","Facility Audit & Hygiene Standards","Cross-Cutting & Institutional Governance × Facility Audit & Hygiene Standards","Corpus A Classified Pool [EUDR_CSDDD]","EU DG SANTE / European Commission","No","None"
"A-EUDR-101-C76","chunk","A-EUDR-101","A","informational-verifiability","land-use-geolocation","A,A,A,A,A,A",250,"[Page 20]
repor t can also give the impression, internal ly and extern ally , that sustainability inf or mation belongs to a cate gor y of 
less relevant inf or mation, which can impact negat ively on the perceived reliability of the inf or mation. Unde r takings 
should theref ore repor t sustainability inf or mation in a clearly identif iable dedicat ed section of the management 
repor t and Member Stat es should no long er be allowed to exe mp t under takings from the oblig ation to include in 
the manage ment repor t inf or mation on sustainability matt ers.
Such oblig ation w ould also help to clar ify the role of national compet ent author ities in super vising sustainability 
repor ting, as par t of the management repor t prepared in accordance with Directive 2004/109/EC. In addition, 
under takings required to repor t sustainability inf or mation should in no case be exem pt ed from the oblig ation to 
publish the manag ement repor t, as it is impor tant to ensure that sustainability inf or mation is publicly av ailable.
(58) Ar ticle 20 of Directive 2013/34/EU requires under takings whose secur ities are admitte d to trading on a regulat ed 
mark et in the Union to include a cor porat e governance state ment in their management repor t, whic h has to 
contain, among other inf or mation, a descr ip tion of the diversity policy applied by the under taking in relation to its 
administrative, manage ment and super visor y bodies. Ar ticle 20 of Directive 2013/34/EU leav es f lexibility to 
under takings to decide what aspects of diversity the y repor t on. It does not explicitly oblig e under takings to include 
inf or mation on an y par ticular aspect of diversity . In order to progress to wards a more gender -balanced par ticipation 
in economic decision-making, it is necessar y to ensure that under takings whose secur ities are admitt ed to trading on 
a regulated market in the U nion alwa ys repor t on their gender diversity policies and the implementation thereof. 
However , to av oid an unnecessar y administrative burden, such under takings should hav e the possibility of 
repor ting some of the inf or mation required by Ar ticle 20 of Directive 2013/34/EU alongside other sustainability 
inf or mation. If they decide to do so, the cor porat e govern ance statement should include a referen ce to the 
under taking’s sustainability repor ting, and the inf or mation required under Ar ticle 20 of Directive 2013/34/EU 
should remain subject to the assurance requirements of the cor porat e go ver nance stat ement.
(59) Ar ticle 33 of Directive 2013/34/EU requires Member Stat es to ensure that the members of the administrative, 
manage ment and super visor y bodies of an under taking hav e collective responsibility f or ensur ing that the annual 
fi nancial statemen ts, the consolidat ed fi nancial statements, the manag ement repor t, the consolidate d management 
repor t, the cor porat e go ver nance stat ement and the consolidated cor porate govern ance statement are dra wn up and 
published in accordance with the requirements of that Directive. That collective responsibility should be extende d to 
the digitalisation requirements laid down in Delegat ed Regulation (EU) 2019/815, to the requirement to compl y 
with U nion sustainability repor ting standards and to the requirement to mark up sustainability repor ting.
(60) The assurance profession distinguishes between limite d assurance engag ements and reasonable assurance 
engag ements. The conclusion of a limited assurance engag ement is usually provi ded in a negativ e f or m of 
expression by stating that no matt er has been identified by the practitioner to conclude that the subject matt er is 
mater ially misstated. In a limite d assurance enga gement, the auditor performs fe wer tes ts than in a reasonable 
assurance engag ement. The amount of w ork f or a limited assurance eng agement is theref ore less than f or a 
reasonable assurance engag ement. The amount of w ork in a reasonable assurance engag ement entails extensi ve 
procedures including consideration of intern al controls of the repor ting under taking and substantive tes ting, and is 
theref ore significantly greater than in a limite d assurance enga gement.
The conclusion of a reasonable assurance engag ement is usually pro vided in a positive f or m of expression and results 
in provid ing an opinion on the measurement of the subject matte r ag ainst previously defined cr it er ia. Directive 
2013/34/EU requires Member Stat es to ensure that the statut or y auditor or audit fir m c hecks whether the non- 
fi nancial state ment or the separate repor t has been provid ed. It does not require that an independent pro vider of 
assurance ser vices ver ify the inf or mation, although it allows Member States to require such ver ification where they 
so wish. The absence of an assurance requirement concer ning sustainability repor ting, in contrast to the 
requirement f or the statutor y auditor to car r y out statutor y audits based on a reasonable assurance engag ement, 
w ould threaten the credibility of the sustainability inf or mation disclosed, thus failing to meet the needs of the 
EN
Offi cial Jour nal of the European Uni on L 322/34 16.12.2022","Cross-Cutting & Institutional Governance","Facility Audit & Hygiene Standards","Cross-Cutting & Institutional Governance × Facility Audit & Hygiene Standards","Corpus A Classified Pool [EUDR_CSDDD]","EU DG SANTE / European Commission","No","None"
"A-EUDR-101-C91","chunk","A-EUDR-101","A","informational-verifiability","land-use-geolocation","A,A,A,A,A,A",250,"[Page 24]
(69) In order to provid e f or unif or m assurance practices and high-quality assurance of sustainability repor ting across the 
U nion, the Commission should be em powered to adopt sustainability assurance standards by means of delega ted 
acts. Member States should be given the possibility of applying national assurance standards, procedures or 
requirements, as long as the Commission has not adopt ed an assurance standard by means of delegat ed acts 
co ver ing the same subject matt er . Such assurance standards should set out the procedures that the auditor is to 
perform in order to dra w its conclusions on the assurance of sustainability repor ting. Theref ore, the Commission 
should adop t assurance standards f or limited assurance by means of delegat ed acts bef ore 1 October 2026 . With a 
view to f acilitating the har monisation of the assurance of sustainability repor ting across Member State s, the CEA OB 
should be encouraged to adopt non-binding guidelines to set out the procedures to be performe d when expressing 
an assurance opinion on sustainability repor ting, pending the adop tion by the Commission of an assurance 
standard cover ing the same subject matter .
(70) Directive 2006/43/EC sets out r ules on the statut or y audit of a group of under takings. Similar r ules should be set out 
f or the assurance of consolidated sustainability repor ting.
(71) Directive 2006/43/EC requires statutor y auditors or audit fi r ms to present the results of their statut or y audit in an 
audit repor t. Similar r ules should be set out f or the assurance of sustainability repor ting. The results of the 
assurance of sustainability repor ting should be presented in an assurance repor t. Where the same statut or y auditor 
car r ies out the statut or y audit of annual fi nancial state ments and the assurance of sustainability repor ting, it should 
be possible to present the inf or mation about the assurance of sustainability repor ting in the audit repor t.
(72) Directive 2006/43/EC requires Member Stat es to set up a system of quality assurance review of statut or y auditors 
and audit fi r ms. T o ensure that quality assurance reviews also take place f or the assurance of sustainability repor ting 
and that the persons who car r y out quality assurance reviews hav e appropr iat e professional education and relevant 
exper ience in sustainability repor ting and in the assurance of sustainability repor ting, that requirement to set up a 
system of quality assurance review should be extended to the assurance of sustainability repor ting. As a transitional 
measure, until 31 December 2025 , the persons who car r y out quality assurance reviews of the assurance of 
sustainability repor ting should be exe mp te d from the requirement to have relevant exper ience in sustainability 
repor ting and in the assurance of sustainability repor ting or in other sustainability-relate d ser vices.
(73) Directive 2006/43/EC requires Member Stat es to hav e in place an investig ations and sanctions regime f or statut or y 
auditors and audit fir ms car r ying out statutor y audits. That Directive also requires Member States to organise an 
effe ctive syste m of public o versight, and to ensure that regulatory ar rangements f or public oversight system s per mit 
effe ctive cooperation at U nion level in respect of Member States’ oversight activities. Such requirements should be 
extende d to statutor y auditors and audit fir ms that conduct assurance of sustainability repor ting in order to ensure 
the consistency of the investig ations, sanctions and o versight framew ork s set up f or the auditor ’s w ork in the 
statut or y audit and the assurance of sustainability repor ting.
(74) Directive 2006/43/EC contains r ules on the appointment and dismissal of statut or y auditor s and audit fir ms 
car r ying out statutor y audits. Those r ules should be extended to the assurance of sustainability repor ting to ensure 
the consistency of the r ules imp osed on auditors as regards their w ork on the statut or y audit and the assurance of 
sustainability repor ting.
(75) Pursuant to Ar ticle 6 of Directive 2007/36/EC of the European P arliament and of the Council (
36
) , Member Stat es are 
required to ensure that shareholders of under takings whose secur ities are admitt ed to trading on a regulated mark et 
in the Union, acting individually or collectively , hav e the r ight to put it ems on the agenda of the g eneral meeting, 
provid ed that each such it em is accompan ied by a justification or a draf t resolution to be adopt ed in the g eneral 
meeting, and that the y hav e the r ight to table draf t resolutions f or it ems included or to be included on the ag enda of 
a general meeting, as the case ma y be. Where those r ights are subject to the condition that the relevant shareholder 
or shareholders hold a minimum stake in the under taking, such minimum stake is not to exce ed 5 % of the share 
capital. As regards the assurance of sustainability repor ting, shareholders should be able to exer cise the r ights set 
(
36
) Directive 2007/36/EC of the European Parliament and of the Council of 11 July 2007 on the exercise of cer tain r ights of shareholders 
in listed compan ies (OJ L 184, 14.7.2007, p. 17).
EN
Offi cial Jour nal of the European Uni on L 322/38 16.12.2022","Cross-Cutting & Institutional Governance","Facility Audit & Hygiene Standards","Cross-Cutting & Institutional Governance × Facility Audit & Hygiene Standards","Corpus A Classified Pool [EUDR_CSDDD]","EU DG SANTE / European Commission","No","None"
"A-EUDR-101-C106","chunk","A-EUDR-101","A","informational-verifiability","land-use-geolocation","A,A,A,A,A,A",250,"[Page 28]
(2) Ar ticle 2 is amended as f ollo ws:
(a) point (5) is replaced by the f ollowi ng:
‘(5) “net tur nover” means the amounts der ived from the sale of products and the pro vision of ser vices af ter 
deducting sales rebate s and value added tax and other taxe s directly linke d to tur no ver ; however , f or 
insurance under takings refe r red to in point (a) of the first subparagraph of Ar ticle 1(3) of this Directive, “net 
tur nover” shall be def ined in accordance with Ar ticle 35 and point 2 of Ar ticle 66 of Council Directive 
91/674/EEC (*); f or credit institutions refer red to in point (b) of the fi rst subparagraph of Ar ticle 1(3) of this 
Directive, “net tur no ver” shall be def ined in accordance with point (c) of Ar ticle 43(2) of Council Directive 
86/635/EEC (**); and f or under takings f alling under the scope of Ar ticle 40a(1) of this Directive, “net 
tur nover” means the revenue as defined by or within the meaning of the financial repor ting framew ork on 
the basis of whic h the financia l statements of the under taking are prepared;
_____________
(*) Council Directive 91/674/EEC of 19 December 1991 on the annual accounts and consolidat ed accounts of 
insurance under takings (OJ L 374, 31.12.1991, p. 7).
(**) Council Directive 86/635/EEC of 8 December 1986 on the annual accounts and consolidate d accounts of 
banks and other f inancial institutions (OJ L 372, 31.12.1986, p. 1).’;
(b) the f ollowi ng points are added:
‘(17) “sustainability matters” means en vironmental, social and human r ights, and governance f actors, including 
sustainability f actors def ined in point (24) of Ar ticle 2 of Regulation (EU) 2019/2088;
(18) “sustainability repor ting” means repor ting inf or mation relat ed to sustainability matters in accordance with 
Ar ticles 19a, 29a and 29d;
(19) “k ey intangible resources” means resources without phy sical substance on which the business model of the 
under taking fundamentally depends and which are a source of value creation f or the under taking;
(20) “independent assurance ser vices provider” means a conf or mity assessment body accredited in accordance 
with Regulation (EC) No 765/2008 of the European P arliament and of the Council (*) f or the specific 
conf or mity assessment activity refer red to in point (aa) of the second subparagraph of Ar ticle 34(1) of this 
Directive.
_____________
(*) Regulation (EC) No 765/2008 of the European P arliament and of the Council of 9 July 2008 setting out the 
requirements f or accreditation and repealing Regulation (EEC) No 339/93 (OJ L 218, 13.8.2008, p. 30).’;
(3) in Ar ticle 19(1), the f ollowi ng subparagraph is added:
‘Large under takings, and small and medium-sized under takings, excep t micro under takings, which are public-int erest 
entities as def ined in point (a) of point (1) of Ar ticle 2 shall repor t inf or mation on the ke y intangible resources and 
explain how the business model of the under taking fundamentally depends on such resources and how such 
resources are a source of value creation f or the under taking.’;
(4) Ar ticle 19a is replaced by the f ollowing:
‘ Ar ticle 19a
Sust ainability repor ting
1. Larg e under takings, and small and medium-sized under takings, excep t micro under takings, which are public- 
inter est entities as defined in point (a) of point (1) of Ar ticle 2 shall include in the management repor t inf or mation 
necessar y to understand the under taking’s impact s on sustainability matters, and inf or mation necessar y to 
understand how sustainability matters aff ect the under taking’s development, performa nce and position.
EN
Offi cial Jour nal of the European Uni on L 322/42 16.12.2022

[Page 29]
The inf or mation ref er red to in the fi rst subparagraph shall be clearly identifiable within the manag ement repor t, 
through a dedicat ed section of the manag ement repor t.
2. The inf or mation refer red to in paragraph 1 shall contain:
(a) a br ief descr iption of the under taking’s business model and strateg y , including:
(i) the resilience of the under taking’s business model and strateg y in relation to r isks relat ed to sustainability 
matte rs;
(ii) the oppor tunities f or the under taking relat ed to sustainability matters;
(iii) the plans of the under taking, including implementing actions and related financia l and investment plans, to 
ensure that its business model and strateg y are compatible with the transition to a sustainable economy and 
with the limiting of g lobal war ming to 1,5 °C in line with the Par is Agreement under the U nited Nations 
Framew ork Conv ention on Climate Change adop ted on 12 December 2015 (the ‘P ar is Agreement’) and the 
objective of achieving climat e neutrality by 2050 as established in Regulation (EU) 2021/1119 of the 
European P arliament and of the Council (*), and, where relevant, the exposure of the under taking to coal-, 
oil- and gas-relat ed activities;
(iv) how the under taking’s business model and strategy take account of the interests of the under taking’s 
stake holders and of the im pacts of the under taking on sustainability matt ers;
(v) how the under taking’s strategy has been implemen ted with regard to sustainability matte rs;
(b) a descr iption of the time-bound targets related to sustainability matt ers set by the under taking, including, where 
appropr iat e, absolute greenhouse ga s emission reduction targets at least f or 2030 and 2050, a descr iption of the 
progress the under taking has made to wards achieving those target s, and a statement of whether the under taking’s 
targets related to environmental fact ors are based on conclusive scientific evidence;
(c) a descr iption of the role of the administrative, manag ement and super visor y bodies with regar d to sustainability 
matte rs, and of their exper tise and skills in relation to fulfilling that role or the access such bodies hav e to such 
exper tise and skills;
(d) a descr iption of the under taking’s policies in relation to sustainability matt ers;
(e) inf or mation about the existen ce of incentive sche mes linke d to sustainability matt ers which are offered to 
members of the administrative, management and super visor y bodies;
(f) a descr iption of:
(i) the due dilig ence process implemen ted by the under taking with regar d to sustainability matt ers, and, where 
applicable, in line with Union requirements on under takings to conduct a due diligence process;
(ii) the pr incipal actual or poten tial adverse impact s connect ed with the under taking’s own operations and with 
its value c hain, including its products and ser vices, its business relationships and its supply c hain, actions 
taken to identify and monitor those impacts, and other adverse im pacts whic h the under taking is required 
to identify pursuant to other Union requirements on under takings to conduct a due diligence process;
(iii) any actions taken by the under taking to prevent, mitig ate, remediate or br ing an end to actual or poten tial 
adverse impacts, and the result of such actions;
(g) a descr iption of the pr incipal r isks to the under taking relat ed to sustainability matters, including a descr iption of 
the under taking’s pr incipal dependencies on those matt ers, and how the under taking manag es those r isks ;
(h) indicators relevant to the disclosures refer red to in points (a) to (g).
U nder takings shall repor t the process car r ied out to identify the inf or mation that they hav e included in the 
manage ment repor t in accordance with paragraph 1 of this Ar ticle. The inf or mation list ed in the fi rst subparagraph 
of this paragraph shall include inf or mation related to shor t-, medium- and long-term time hor izons, as applicable.
EN
Offi cial Jour nal of the European Uni on 16.12.2022 L 322/43","Cross-Cutting & Institutional Governance","Facility Audit & Hygiene Standards","Cross-Cutting & Institutional Governance × Facility Audit & Hygiene Standards","Corpus A Classified Pool [EUDR_CSDDD]","EU DG SANTE / European Commission","No","None"
"A-EUDR-101-C121","chunk","A-EUDR-101","A","informational-verifiability","land-use-geolocation","A,A,A,A,A,A",250,"[Page 33]
(6) Ar ticle 23 is amended as f ollows :
(a) in paragraph 4, point (b) is replaced by the f ollo wing:
‘(b) the consolidate d fi nancial stat ements refer red to in point (a) and the consolidated manag ement repor t of the 
larg er body of under takings are drawn up by the parent under taking of that body , in accordance with the la w 
of the Member Stat e by whic h that parent under taking is governed, in accordance with this Directive, with 
the excep tion of the requirements laid down in Ar ticle 29a, or in accordance with internati onal accounting 
standards adopt ed in accordance with Regulation (EC) No 1606/2002;’;
(b) in paragraph 8, point (b)(i) is replaced by the f ollo wing:
‘(i) in accordance with this Directive, with the excep tion of the requirements laid down in Ar ticle 29a,’;
(c) in paragraph 8, point (b)(iii) is replaced by the f ollo wing:
‘(iii) in a manner equivalent to consolidated financial state ments and consolidated manag ement repor ts dra wn up 
in accordance with this Directive, with the excep tion of the requirements laid down in Ar ticle 29a, or ’;
(7) Ar ticle 29a is replaced by the f ollowing:
‘ Ar ticle 29a
Consolidated sust ainability repor ting
1. P arent under takings of a large group as refe r red to in Ar ticle 3(7) shall include in the consolidated manag ement 
repor t inf or mation necessar y to understand the group’s impacts on sustainability matters, and inf or mation necessar y 
to understand how sustainability matters aff ect the group’s development, performa nce and position.
The inf or mation refe r red to in the fi rst subparagraph shall be clearly identif iable within the consolidated manag ement 
repor t, through a dedicate d section of the consolidated manage ment repor t.
2. The inf or mation refer red to in paragraph 1 shall contain:
(a) a br ief descr iption of the group’s business model and strategy , including:
(i) the resilience of the group’s business model and strateg y in relation to r isks relat ed to sustainability matte rs;
(ii) the oppor tunities f or the group related to sustainability matt ers;
(iii) the plans of the group, including im plementing actions and related financia l and inv estment plans, to ensure 
that its business model and strategy are compatible with the transition to a sustainable econom y and with the 
limiting of g lobal war ming to 1,5 °C in line with the P ar is Agreement and the objective of achi eving climat e 
neutrality by 2050 as established in Regulation (EU) 2021/1119 and where relevant, the exposure of the 
group to coal-, oil- and g as-related activities;
(iv) how the group’s business model and strategy take account of the inter ests of the group’s stak eholders and of 
the im pacts of the group on sustainability matte rs;
(v) how the group’s strateg y has been im plemented with regar d to sustainability matters;
(b) a descr iption of the time-bound targe ts relat ed to sustainability matters set by the group, including, where 
appropr iat e, absolute greenhouse ga s emission reduction targets at least f or 2030 and 2050, a descr iption of the 
progress the group has made to wards achieving those targets , and a statement of whether the group’s targets 
related to environmental fact ors are based on conclusive scientific evidence;
(c) a descr iption of the role of the administrative, manag ement and super visor y bodies with regar d to sustainability 
matte rs, and of their exper tise and skills in relation to fulfilling that role or the access such bodies hav e to such 
exper tise and skills;
EN
Offi cial Jour nal of the European Uni on 16.12.2022 L 322/47

[Page 34]
(d) a descr iption of the group’s policies in relation to sustainability matters;
(e) inf or mation about the existen ce of incentive sche mes linke d to sustainability matt ers which are offered to 
members of the administrative, management and super visor y bodies;
(f) a descr iption of:
(i) the due dilig ence process im plemented by the group with regar d to sustainability matt ers, and, where 
applicable, in line with Union requirements on under takings to conduct a due diligence process;
(ii) the pr incipal actual or poten tial adverse impact s connecte d with the group’s o wn operations and with its 
value c hain, including its products and ser vices, its business relationships and its supply c hain, actions taken 
to identify and monitor those im pacts, and other adverse im pacts which the parent under taking is required 
to identify pursuant to other Union requirements to conduct a due dilig ence process;
(iii) any actions taken by the group to prevent, mitig ate, remediate or br ing an end to actual or pote ntial adverse 
imp acts, and the result of such actions;
(g) a descr iption of the pr incipal r isks to the group relat ed to sustainability matters, including the group’s pr incipal 
dependencies on those matters, and how the group manages those r isks ;
(h) indicators relevant to the disclosures refer red to in points (a) to (g).
P arent under takings shall repor t the process car r ied out to identify the inf or mation that the y have included in the 
consolidate d manage ment repor t in accordance with paragraph 1 of this Ar ticle. The inf or mation liste d in the first 
subparagraph of this paragraph shall include inf or mation relat ed to shor t-, medium- and long-t er m time hor izons, as 
applicable.
3. Where applicable, the inf or mation refe r red to in paragraphs 1 and 2 shall contain inf or mation about the 
group’s o wn operations and about its value c hain, including its products and ser vices, its business relationships and 
its supply c hain.
For the first three y ears of the application of the measures to be adopt ed by the Member States in accordance with 
Ar ticle 5(2) of Directive (EU) 2022/2464, and in the event that not all the necessar y inf or mation regar ding its value 
c hain is available, the parent under taking shall explain the eff or ts made to obtain the necessar y inf or mation about its 
value chain, the reasons why not all of the necessar y inf or mation could be obtained, and its plans to obtain the 
necessar y inf or mation in the future.
Where applicable, the inf or mation refer red to in paragraphs 1 and 2 shall also include refe rences to, and additional 
explanations of, the other inf or mation included in the consolidat ed management repor t in accordance with 
Ar ticle 29 of this Directive and the amounts repor ted in the consolidat ed f inancial state ments.
Member States ma y allow inf or mation relating to im pending developments or matte rs in the course of negotiation to 
be omitted in exce ptional cases where, in the duly justified opinion of the members of the administrative, 
manage ment and super visor y bodies, acting within the compet ences assigned to them by national la w and hav ing 
collective responsibility f or that opinion, the disclosure of such inf or mation w ould be ser iously prejudicial to the 
commercial position of the group, pro vided that such omission does not prevent a f air and balanced understanding 
of the group’s development, performa nce, and position, and the impact of its activity .
4. Where the repor ting under taking identifies significant differ ences between the r isks f or , or impacts of, the group 
and the r isks f or , or impacts of, one or more of its subsidiar y under takings, the under taking shall pro vide an adequat e 
understanding of, as appropr iat e, the r isks f or , and impacts of, the subsidiar y under taking or subsidiar y under takings 
concer ned.
EN
Offi cial Jour nal of the European Uni on L 322/48 16.12.2022","Cross-Cutting & Institutional Governance","Facility Audit & Hygiene Standards","Cross-Cutting & Institutional Governance × Facility Audit & Hygiene Standards","Corpus A Classified Pool [EUDR_CSDDD]","EU DG SANTE / European Commission","No","None"
"A-EUDR-101-C136","chunk","A-EUDR-101","A","informational-verifiability","land-use-geolocation","A,A,A,A,A,A",250,"[Page 39]
(b) the inf or mation that financia l market par ticipants need in order to compl y with their disclosure obligations laid 
down in Regulation (EU) 2019/2088 and the delega ted acts adopt ed pursuant to that Regulation;
(c) the cr iter ia, indicators and methodologies set out in the delegat ed acts adopt ed pursuant to Regulation (EU) 
2020/852, including the tec hnical screening cr iter ia established pursuant to Ar ticle 10(3), Ar ticle 11(3), Ar ticle 
12(2), Ar ticle 13(2), Ar ticle 14(2) and Ar ticle 15(2) of that Regulation and the repor ting requirements set out in 
the delegat ed act adopt ed pursuant to Ar ticle 8 of that Regulation;
(d) the disclosure requirements applicable to benc hmark administrator s in the benc hmark stat ement and in the 
benc hmark methodology and the minimum standards f or the constr uction of EU Climate T ransition 
Benc hmark s and EU Par is-aligned Benc hmarks in accordance with Commission Deleg ated Regulations (EU) 
2020/1816 (
1
)*, (EU) 2020/1817 (
2
)* and (EU) 2020/1818 (
3
)*;
(e) the disclosures specified in the im plementing acts adopt ed pursuant to Ar ticle 434a of Regulation (EU) 
No 575/2013;
(f) Commission Recommendation 2013/179/EU (
4
)*;
(g) Directive 2003/87/EC of the European Parliament and of the Council (
5
)*;
(h) Regulation (EU) 2021/1119;
(i) Regulation (EC) No 1221/2009 of the European Parliament and of the Council (
6
)*;
(j) Directive (EU) 2019/1937 of the European P arliament and of the Council (
7
)*.
Ar ticle 29c
Sust ainability repor ting st andards f or small and medium-sized under t akings
1. The Commission shall, by 30 June 2024 , adopt delegat ed acts in accordance with Ar ticle 49 supplementing this 
Directive to provid e f or sustainability repor ting standards propor tionate and relevant to the capacities and the 
c haracteri stics of small and medium-sized under takings and to the scale and compl exity of their activities. Those 
sustainability repor ting standards shall specify f or the small and medium-sized under takings refe r red to in point (1) 
(a) of Ar ticle 2 the inf or mation that is to be repor ted in accordance with Ar ticle 19a(6).
The repor ting requirements laid down in the delegat ed acts refer red to in the fi rst subparagraph shall not ent er into 
f orce earlier than f our months af ter their adop tion by the Commission.
2. Sustainability repor ting standards f or small and medium-sized under takings shall take into account the cr it er ia 
set out in Ar ticle 29b(2) to (5). They shall also, to the ext ent possible, specify the str ucture to be used to present that 
inf or mation.
EN
Offi cial Jour nal of the European Uni on 16.12.2022 L 322/53","Cross-Cutting & Institutional Governance","Facility Audit & Hygiene Standards","Cross-Cutting & Institutional Governance × Facility Audit & Hygiene Standards","Corpus A Classified Pool [EUDR_CSDDD]","EU DG SANTE / European Commission","No","None"
"A-EUDR-101-C151","chunk","A-EUDR-101","A","informational-verifiability","land-use-geolocation","A,A,A,A,A,A",380,"[Page 44]
A Member Stat e shall require that a branch locat ed in its terr it or y , and which is a branch of an under taking govern ed 
by the la w of a third countr y , whic h is either not par t of a group or is ultimately held by an under taking that is f or med 
in accordance with the law of a third countr y publish and make accessible a sustainability repor t co ver ing the 
inf or mation specifi ed in points (a)(iii) to (a)(v), points (b) to (f) and, where appropr iate, point (h) of Ar ticle 29a(2), at 
the group level, or , if not applicable, the individual level, of the third-countr y under taking.
The r ule refer red to in the third subparagraph shall only apply to a branch where the third-countr y under taking does 
not hav e a subsidiar y under taking as ref er red to in the first subparagraph, and where the branch generat ed a net 
tur nover of more than EUR 40 million in the preceding financia l year .
The first and third subparagraphs shall only apply to the subsidiar y under takings or branche s refer red to in those 
subparagraphs where the third-countr y under taking, at its group level, or , if not applicable, the individual level, 
ge nerated a net tur nover of more than EUR 150 million in the Uni on f or each of the last two consecutive financia l 
ye ars.
Member States ma y require subsidiar y under takings or branches ref er red to in the fi rst and third subparagraphs to 
send them inf or mation about the net tur nover generat ed in their terr it or y and in the U nion by the third-countr y 
under takings.
2. Member Stat es shall require that the sustainability repor t communicated by the subsidiar y under taking or 
branch as refe r red to in paragraph 1 is dra wn up in accordance with the standards adopt ed pursuant to Ar ticle 40b.
By wa y of derogation from the first subparagraph of this paragraph, the sustainability repor t refer red to in paragraph 
1 of this Ar ticle ma y be drawn up in accordance with the sustainability repor ting standards adopt ed pursuant to 
Ar ticle 29b or in a manner equivalent to those sustainability repor ting standards, as det er mined in accordance with 
an im plementing act on the equivalence of sustainability repor ting standards adopt ed pursuant to the third 
subparagraph of Ar ticle 23(4) of Directive 2004/109/EC.
Where the inf or mation required to draw up the sustainability repor t refer red to in the first subparagraph of this 
paragraph is not available, the subsidiar y under taking or branch refe r red to in paragraph 1 shall request the third- 
countr y under taking to pro vide them with all inf or mation necessar y to enable them to meet their oblig ations.
In the event that not all the required inf or mation is provided, the subsidiar y under taking or branch refe r red to in 
paragraph 1 shall draw up, publish and mak e accessible the sustainability repor t refe r red to in paragraph 1, 
containing all inf or mation in its possession, obtained or acquired, and issue a statement indicating that the third- 
countr y under taking did not make the necessar y inf or mation av ailable.
3. Member States shall require that the sustainability repor t refe r red to in paragraph 1 is published accompanied 
by an assurance opinion expressed by one or more person(s) or fir m(s) author ised to give an opinion on the 
assurance of sustainability repor ting under the national la w of the third-countr y under taking or of a Member Stat e.
In the event that the third-countr y under taking does not provide the assurance opinion in accordance with the fi rst 
subparagraph, the subsidiar y under taking or branch shall issue a stat ement indicating that the third-countr y 
under taking did not mak e the necessar y assurance opinion av ailable.
4. Member State s ma y inf or m the Commission on an annual basis of the subsidiar y under takings or branches of 
third-countr y under takings that fulf illed the publication requirement laid down in Ar ticle 40d and of the cases where 
a repor t was published but where the subsidiar y under taking or branch has acte d in accordance with the f our th 
subparagraph of paragraph 2 of this Ar ticle. The Commission shall make publicly av ailable on its website a list of the 
third-countr y under takings that publish a sustainability repor t.
EN
Offi cial Jour nal of the European Uni on L 322/58 16.12.2022","Cross-Cutting & Institutional Governance","Facility Audit & Hygiene Standards","Cross-Cutting & Institutional Governance × Facility Audit & Hygiene Standards","Corpus A Classified Pool [EUDR_CSDDD]","EU DG SANTE / European Commission","No","None"
"A-EUDR-101-C166","chunk","A-EUDR-101","A","informational-verifiability","land-use-geolocation","A,A,A,A,A,A",250,"[Page 50]
(b) the f ollowi ng point is inser ted:
‘16a. “k ey sustainability par tner(s)” means:
(a) the statut or y auditor(s) designate d by an audit fi r m f or a par ticular assurance engag ement concer ning 
sustainability repor ting as being pr imar ily responsible f or car r ying out the assurance of sustainability 
repor ting on behalf of the audit fi r m; or
(b) in the case of the assurance of consolidate d sustainability repor ting at least the statutor y auditor(s) 
designate d by an audit fir m as being pr imar ily responsible f or car r ying out the assurance of 
sustainability repor ting at the level of the group and the statutor y auditor(s) designat ed as being 
pr imar ily responsible at the level of mater ial subsidiar ies; or
(c) the statut or y auditor(s) who sign(s) the assurance repor t on sustainability repor ting ref er red to in 
Ar ticle 28a;’;
(c) the f ollowi ng points are added:
‘21. “sustainability repor ting” means sustainability repor ting as def ined in point (18) of Ar ticle 2 of Directive 
2013/34/EU;
22. “assurance of sustainability repor ting” means the perf or mance of procedures resulting in the opinion 
expressed by the statutor y auditor or audit fi r m in accordance with point (aa) of the second subparagraph 
of Ar ticle 34(1) and Ar ticle 34(2) of Directive 2013/34/EU;
23. “independent assurance ser vices provider” means a conf or mity assessment body accredit ed in accordance 
with Regulation (EC) No 765/2008 of the European Parliament and of the Council (*) f or the specifi c 
conf or mity assessment activity ref er red to in point (aa) of the second subparagraph of Ar ticle 34(1) of 
Directive 2013/34/EU.
_____________
(*) Regulation (EC) No 765/2008 of the European P arliament and of the Council of 9 July 2008 setting out the 
requirements f or accreditation and repealing Regulation (EEC) No 339/93 (OJ L 218, 13.8.2008, p. 30).’;
(3) Ar ticle 6 is replaced by the f ollowi ng:
‘ Ar ticle 6
Educational qualif ications
1. Without prejudice to Ar ticle 11, a natural person ma y be approved to car r y out a statutor y audit only af ter 
hav ing attained university entrance or equivalent level, then compl eted a course of theoretical instr uction, undergone 
practical training and passed an examination of profe ssional compet ence of university final or equivalent examination 
level, organised or recognised by the Member State concer ned.
2. A natural person ma y , in addition to the approval to car r y out statutor y audits provid ed f or in paragraph 1 of 
this Ar ticle, be appro ved to car r y out the assurance of sustainability repor ting when the additional specifi c 
requirements of Ar ticle 7(2), Ar ticle 8(3), the second subparagraph of Ar ticle 10(1) and the f our th subparagraph of 
Ar ticle 14(2) of this Directive are met.
3. The compe tent author ities refer red to in Ar ticle 32 shall cooperate with each other with a view to achi eving a 
conver gence of the requirements set out in this Ar ticle. When engaging in such cooperation, those compet ent 
author ities shall take into account developments in auditing and in the audit profes sion and, in par ticular , 
conver gence that has already been achieve d by the profess ion. They shall cooperate with the Committ ee of European 
Aud iting Oversight Bodies (CEA OB) and the compe tent author ities refe r red to in Ar ticle 20 of Regulation (EU) 
No 537/2014 in so f ar as such converg ence relates to the statut or y audit and assurance of sustainability repor ting of 
public-inte rest entities.’;
EN
Offi cial Jour nal of the European Uni on L 322/64 16.12.2022","Cross-Cutting & Institutional Governance","Facility Audit & Hygiene Standards","Cross-Cutting & Institutional Governance × Facility Audit & Hygiene Standards","Corpus A Classified Pool [EUDR_CSDDD]","EU DG SANTE / European Commission","No","None"
"A-EUDR-101-C181","chunk","A-EUDR-101","A","informational-verifiability","land-use-geolocation","A,A,A,A,A,A",250,"[Page 55]
3. When a member of a netw ork to which the statut or y auditor or the audit fi r m car r ying out the assurance of 
sustainability repor ting of a public-interest entity belongs provid es the prohibit ed non-audit ser vices refe r red to in 
paragraph 1 of this Ar ticle to an under taking incor porated in a third countr y whic h is controlled by the public- 
inter est entity that is the subject of assurance of sustainability repor ting, the statut or y auditor or the audit fir m 
concer ned shall assess whether his, her or its independence would be comprom ised by such provision of ser vices by 
the member of the netw ork.
If his, her or its independence is affect ed, the statutor y auditor or the audit fir m shall apply safeguards in order to 
mitig ate the threats caused by the provi sion of prohibit ed non-audit ser vices refe r red to in paragraph 1 of this Ar ticle 
in a third countr y . The statut or y auditor or the audit fir m ma y continue to car r y out the assurance of sustainability 
repor ting of the public-interest entity only if he, she or it can justify , in accordance with Ar ticle 22b, that the 
provis ion of such ser vices does not aff ect his, her or its professiona l judge ment and the assurance repor t on 
sustainability repor ting.
Ar ticle 25d
Ir regular ities
Ar ticle 7 of Regulation (EU) No 537/2014 shall apply mutatis mutandis to a statut or y auditor or an audit fi r m car r ying 
out the assurance of sustainability repor ting of a public-interest entity .’;
(15) the f ollo wing Ar ticle is inser ted :
‘ Ar ticle 26a
Assurance st andards for sust ainability repor ting
1. Member States shall require statut or y auditors and audit fi r ms to car r y out the assurance of sustainability 
repor ting in compl iance with the assurance standards adopt ed by the Commission in accordance with paragraph 3.
2. Member States ma y apply national assurance standards, procedures or requirements as long as the Commission 
has not adopt ed an assurance standard cover ing the same subject matte r .
Member States shall communicate the national assurance standards, procedures or requirements to the Commission 
at least three months bef ore their entr y into f orce.
3. The Commission shall, no later than 1 October 2026 , adop t delegat ed acts in accordance with Ar ticle 48a in 
order to supplement this Directive in order to provide f or limite d assurance standards setting out the procedures that 
the auditor(s) and the audit fi r m(s) shall perform in order to dra w his, her or its conclusions on the assurance of 
sustainability repor ting, including eng agement planning, r isk consideration and response to r isks and type of 
conclusions to be included in the assurance repor t on sustainability repor ting, or , where relevant, in the audit repor t.
The Commission shall, no later than 1 October 2028 , adop t delegat ed acts in accordance with Ar ticle 48a in order to 
supplement this Directive in order to provide f or reasonable assurance standards, f ollo wing an assessment to 
det er mine if reasonable assurance is f easible f or auditors and f or under takings. T aking into account the results of that 
assessment and if theref ore appropr iate, those delegat ed acts shall specify the date from whic h the opinion refer red to 
in point (aa) of the second subparagraph of Ar ticle 34(1) is to be based on a reasonable assurance engag ement that is 
based on those reasonable assurance standards.
The Commission ma y adopt the assurance standards refe r red to in the fi rst and second subparagraphs only if the y:
(a) hav e been developed with proper due process, public o versight and transparency ;
(b) contr ibut e a high level of credibility and quality to the annual or consolidated sustainability repor ting; and
(c) are conducive to the Union public good.’;
EN
Offi cial Jour nal of the European Uni on 16.12.2022 L 322/69","Cross-Cutting & Institutional Governance","Facility Audit & Hygiene Standards","Cross-Cutting & Institutional Governance × Facility Audit & Hygiene Standards","Corpus A Classified Pool [EUDR_CSDDD]","EU DG SANTE / European Commission","No","None"
"A-EUDR-101-C196","chunk","A-EUDR-101","A","informational-verifiability","land-use-geolocation","A,A,A,A,A,A",250,"[Page 60]
(26) Ar ticle 38 is amended as f ollows :
(a) paragraph 1 is replaced by the f ollowi ng:
‘1. Member Stat es shall ensure that statut or y auditors or audit fir ms ma y be dismissed only where there are 
proper grounds. Diverg ence of opinions on accounting treatments, audit procedures or , where applicable, on 
sustainability repor ting or assurance procedures shall not be proper grounds f or dismissal.’;
(b) in paragraph 2, the f ollowi ng subparagraph is added:
‘ The obligation to inf or m provid ed f or in the first subparagraph shall also apply to the assurance of sustainability 
repor ting.’;
(c) in paragraph 3, the f ollowi ng subparagraph is added:
‘ The first subparagraph shall also apply to the assurance of sustainability repor ting.’;
(27) Ar ticle 39 is amended as f ollows :
(a) the f ollowi ng paragraph is inser te d:
‘4a. Member States ma y allow the functions assigned to the audit committe e relating to sustainability 
repor ting and relating to the assurance of sustainability repor ting to be performed by the administrative or 
super visor y body as a whole or by a dedicat ed body established by the administrative or super visor y body .’;
(b) in paragraph 6, points (a) to (e) are replaced by the f ollowi ng:
‘(a) inf or m the administrative or super visor y body of the audited entity of the outcome of the statutor y audit and, 
where applicable, of the outcome of the assurance of sustainability repor ting and explain how the statut or y 
audit and the assurance of sustainability repor ting contr ibuted to the integrit y of fi nancial repor ting and 
sustainability repor ting respectively , and what the role of the audit committee was in that process;
(b) monitor the financial and, where applicable, sustainability repor ting process, including the electronic 
repor ting process as refe r red to in Ar ticle 29d of Directive 2013/34/EU and the process car r ied out by the 
under taking to identify the inf or mation repor te d in accordance with the sustainability repor ting standards 
adopt ed pursuant to Ar ticle 29b of that Directive, and submit recommendations or proposals to ensure their 
integrit y ;
(c) monitor the effectiveness of the under taking’s internal quality control and r isk management systems and, 
where applicable, its intern al audit, regar ding the fi nancial repor ting and, where applicable, sustainability 
repor ting of the under taking, including its electronic repor ting process as refe r red to in Ar ticle 29d of 
Directive 2013/34/EU, without breac hing its independence;
(d) monitor the statut or y audit of the annual and consolidated fi nancial stat ements and, where applicable, the 
assurance of the annual and consolidated sustainability repor ting, in par ticular its performa nce, taking into 
account an y findings and conclusions by the compet ent author ity pursuant to Ar ticle 26(6) of Regulation 
(EU) No 537/2014;
(e) review and monitor the independence of the statut or y auditors or the audit fi r ms in accordance with Ar ticles 
22, 22a, 22b, 24a, 24b, 25b, 25c and 25d of this Directive and with Ar ticle 6 of Regulation (EU) 
No 537/2014, and in par ticular the appropr iat eness of the provision of non-audit ser vices to the audited 
entity in accordance with Ar ticle 5 of that Regulation;’;
(28) Ar ticle 45 is amended as f ollows :
(a) paragraph 1 is replaced by the f ollowi ng:
‘1. The compet ent author ities of a Member Stat e shall, in accordance with Ar ticles 15, 16 and 17 of this 
Directive, register ever y third-countr y auditor and audit entity , where that third-countr y auditor or audit entity 
provides an audit repor t concer ning the annual or consolidat ed fi nancial stat ements, or , where applicable, an 
assurance repor t concer ning the annual or consolidated sustainability repor ting of an under taking incor porat ed 
outside the U nion whose transferable secur ities are admitte d to trading on a regulate d market of that Member 
State, defined in point (21) of Ar ticle 4(1) of Directive 2014/65/EU of the European Parliament and of the 
Council (*), excep t where the under taking in question is an issuer excl usively of outstanding debt secur ities f or 
which one of the f ollowing applies:
EN
Offi cial Jour nal of the European Uni on L 322/74 16.12.2022","Cross-Cutting & Institutional Governance","Facility Audit & Hygiene Standards","Cross-Cutting & Institutional Governance × Facility Audit & Hygiene Standards","Corpus A Classified Pool [EUDR_CSDDD]","EU DG SANTE / European Commission","No","None"
"A-EUDR-101-C212","chunk","A-EUDR-101","A","informational-verifiability","land-use-geolocation","A,A,A,A,A,A",284,"[Page 65]
Member Stat es shall apply the measures necessar y to compl y with Ar ticle 3 f or fi nancial ye ars star ting on or af ter 1 Januar y 
2024 .
3. When Member States adopt the measures ref er red to in paragraph 1, they shall contain a ref erence to this Directive or 
shall be accompanied by such a reference on the occasion of their off icial publication. Member Stat es shall det er mine how 
such ref erence is to be made.
4. Member States shall communicate to the Commission the text of the main provisions of national la w whic h the y 
adopt in the field covered by this Directive.
Ar ticle 6
Review and repor ting
1. The Commission shall submit a repor t to the European P arliament and to the Council on the im plementation of this 
amending Directive, including, inter alia:
(a) an assessment of the achi evement of the goals of this amending Directive, including the con vergence of repor ting 
practices between Member Stat es;
(b) an assessment of the number of small and medium-sized under takings v oluntar ily using the sustainability repor ting 
standards ref er red to in Ar ticle 29c of Directive 2013/34/EU;
(c) an assessment of whether and how the scope of the provisions amended by this amending Directive should be fur ther 
extended, in par ticular in relation to small and medium-sized under takings and to third-countr y under takings 
operating directly on the U nion internal mark et without a subsidiar y or a branch on the terr itory of the U nion;
(d) an assessment of the implementation of the repor ting requirements on subsidiar ies and branche s of third-countr y 
under takings introduced by this amending Directive, including an assessment of the number of third-countr y 
under takings whic h hav e a subsidiar y under taking or a branch repor ting in accordance with Ar ticle 40a of Directive 
2013/34/EU; an assessment of the enf orcement mech anism and of the thresholds set out in that Ar ticle;
(e) an assessment of whether and how to ensure the accessibility f or persons with disabilities to the sustainability repor ts 
published by under takings f alling under the scope of this amending Directive.
The repor t shall be published by 30 Apr il 2029 and ever y three y ears thereaf ter , and shall be accompan ied, if appropr iat e, 
by legislative proposals.
2. By 31 December 2028 , the Commission shall review and repor t on the level of concentration of the sustainability 
assurance mark et. That review shall take into account the national regimes applicable to independent assurance ser vices 
provid ers and assess whether and to what extent those national regimes contr ibut e to opening up the assurance mark et.
By 31 December 2028 , the Commission shall assess possible legal measures to ensure sufficient diversif ication of the 
sustainability assurance mark et and appropr iate sustainability repor ting quality . The Commission shall review the 
measures provid ed f or in Ar ticle 34 of Directive 2013/34/EU and assess the need to extend them to other larg e 
under takings.
The repor t shall be transmitted to the European P arliament and the Council by 31 December 2028 and shall be 
accompan ied, if appropr iat e, by legislative proposals.
Ar ticle 7
Entr y int o f orce and application
This Directive shall ent er into f orce on the twentieth da y f ollowing that of its publication in the Off icial Jour nal of the 
Eur opean Union.
Ar ticle 4 of this Directive shall apply from 1 Januar y 2024 f or financial ye ars star ting on or af ter 1 Januar y 2024 .
EN
Offi cial Jour nal of the European Uni on 16.12.2022 L 322/79

[Page 66]
Ar ticle 8
Addre ssees
This Directive is addressed to the Member Stat es.
Ar ticle 4 shall be binding in its entirety and directly applicable in all Member Stat es.
Done at Strasbourg, 14 December 2022 .
For the Europ ean P arliament
The Pr esident
R. METSOL A
For the Council
The Pr esident
M. BEK
EN
Offi cial Jour nal of the European Uni on L 322/80 16.12.2022","Cross-Cutting & Institutional Governance","Facility Audit & Hygiene Standards","Cross-Cutting & Institutional Governance × Facility Audit & Hygiene Standards","Corpus A Classified Pool [EUDR_CSDDD]","EU DG SANTE / European Commission","No","None"
"A-DATA-102-C01","chunk","A-DATA-102","A","inductive-other","not-applicable","A,A,A,A,A,A",250,"[Page 1]
Department of Commerce  
Statistics Division, DGFT 
Table 1: India’s Merchandise Export of QE Groups: Growth for last 2 years and current year 
(Value in US$ Million)  
 S. No. QE Groups 2024-25 2025-26 % 
Change 
May, 
2025 
May, 
2026 
% 
Change 
Apr, 
2026 
% Change 
over Apr, 
2026 
Apr - 
May, 
2025-26 
Apr - 
May, 
2026-
27 
% 
Change 
% 
Share 
1 Engineering Goods 116754 122434 4.9 9890 12311 24.5 10350 19.0 19406 22663 16.8 25.5 
2 Petroleum Products 63383 53828 -15.1 5437 8421 54.9 9593 -12.2 12561 18167 44.6 20.4 
3 Electronic Goods 38556 47962 24.4 4567 5097 11.6 5178 -1.5 8257 10273 24.4 11.6 
4 Drugs And Pharmaceuticals 30468 31116 2.1 2476 2628 6.1 2663 -1.3 4963 5291 6.6 6.0 
5 Organic & Inorganic Chemical 28706 28673 -0.1 2413 2720 12.7 2420 12.4 4668 5140 10.1 5.8 
6 Gems And Jewellery 29818 28208 -5.4 2376 2534 6.7 2322 9.1 4876 4856 -0.4 5.5 
7 Rmg Of All Textiles 15989 15772 -1.4 1511 1297 -14.2 1211 7.1 2883 2509 -13.0 2.8 
8 Rice 12472 11537 -7.5 967 1019 5.4 1015 0.4 2048 2034 -0.7 2.3 
9 Cotton Yarn/Fabs./Madeups, 
Handloom Products Etc. 12056 11587 -3.9 967 985 1.9 968 1.7 1930 1953 1.2 2.2 
10 Plastic And Linoleum 8920 8284 -7.1 756 921 21.8 733 25.6 1452 1654 13.9 1.9

[Page 2]
11 Marine Products 7405 8431 13.9 730 728 -0.3 668 9.0 1312 1396 6.4 1.6 
12 Meat, Dairy And Poultry 
Products 5096 6215 21.9 442 630 42.5 551 14.3 815 1181 45.0 1.3 
13 Mica, Coal And Other Ores, 
Minerals Including Process 5073 5732 13.0 466 440 -5.5 521 -15.4 923 962 4.1 1.1 
14 Spices 4452 4262 -4.3 403 387 -3.9 411 -5.7 844 798 -5.4 0.9 
15 Man-Made 
Yarn/Fabs./Madeups Etc. 4869 4831 -0.8 410 403 -1.7 393 2.5 793 795 0.3 0.9 
16 Leather And Leather 
Manufactures 4371 4268 -2.4 386 360 -6.8 316 13.8 701 676 -3.6 0.8 
17 Fruits And Vegetables 3875 3931 1.5 309 288 -7.0 304 -5.3 694 593 -14.7 0.7 
18 Cereal Preparations And 
Miscellaneous Processed Item 3102 3210 3.5 265 277 4.4 260 6.5 530 536 1.2 0.6 
19 Ceramic Products And 
Glassware 3989 4032 1.1 368 270 -26.8 200 35.0 709 469 -33.8 0.5 
20 Coffee 1806 2083 15.3 201 209 4.4 218 -4.0 404 428 5.9 0.5 
21 Handicrafts Excl. Hand Made 
Carpet 1767 1792 1.4 145 180 23.9 155 16.4 268 335 25.1 0.4 
22 Iron Ore 2083 1708 -18.0 164 188 14.8 142 32.7 292 330 13.3 0.4 
23 Tobacco 1979 1949 -1.5 177 140 -20.9 118 19.0 375 258 -31.2 0.3 
24 Carpet 1541 1459 -5.3 132 130 -1.4 126 3.1 247 256 3.8 0.3 
25 Oil Meals 1347 1041 -22.7 89 111 24.6 105 6.2 213 216 1.0 0.2 
26 Oil Seeds 1344 1218 -9.4 103 94 -8.3 119 -20.4 210 213 1.7 0.2 
27 Other Cereals 272 446 64.0 21 76 262.7 55 37.9 39 132 238.7 0.1 
28 Tea 924 988 7.0 66 56 -15.1 57 -1.9 136 113 -16.5 0.1 
29 Jute Mfg. Including Floor 
Covering 384 358 -6.9 32 29 -8.1 28 2.9 60 57 -4.5 0.1","Cross-Cutting & Institutional Governance","Facility Audit & Hygiene Standards","Cross-Cutting & Institutional Governance × Facility Audit & Hygiene Standards","Corpus A Classified Pool [DataGov]","General Statutory & State Gazette","No","None"
"A-DATA-102-C02","chunk","A-DATA-102","A","inductive-other","not-applicable","A,A,A,A,A,A",392,"[Page 2]
11 Marine Products 7405 8431 13.9 730 728 -0.3 668 9.0 1312 1396 6.4 1.6 
12 Meat, Dairy And Poultry 
Products 5096 6215 21.9 442 630 42.5 551 14.3 815 1181 45.0 1.3 
13 Mica, Coal And Other Ores, 
Minerals Including Process 5073 5732 13.0 466 440 -5.5 521 -15.4 923 962 4.1 1.1 
14 Spices 4452 4262 -4.3 403 387 -3.9 411 -5.7 844 798 -5.4 0.9 
15 Man-Made 
Yarn/Fabs./Madeups Etc. 4869 4831 -0.8 410 403 -1.7 393 2.5 793 795 0.3 0.9 
16 Leather And Leather 
Manufactures 4371 4268 -2.4 386 360 -6.8 316 13.8 701 676 -3.6 0.8 
17 Fruits And Vegetables 3875 3931 1.5 309 288 -7.0 304 -5.3 694 593 -14.7 0.7 
18 Cereal Preparations And 
Miscellaneous Processed Item 3102 3210 3.5 265 277 4.4 260 6.5 530 536 1.2 0.6 
19 Ceramic Products And 
Glassware 3989 4032 1.1 368 270 -26.8 200 35.0 709 469 -33.8 0.5 
20 Coffee 1806 2083 15.3 201 209 4.4 218 -4.0 404 428 5.9 0.5 
21 Handicrafts Excl. Hand Made 
Carpet 1767 1792 1.4 145 180 23.9 155 16.4 268 335 25.1 0.4 
22 Iron Ore 2083 1708 -18.0 164 188 14.8 142 32.7 292 330 13.3 0.4 
23 Tobacco 1979 1949 -1.5 177 140 -20.9 118 19.0 375 258 -31.2 0.3 
24 Carpet 1541 1459 -5.3 132 130 -1.4 126 3.1 247 256 3.8 0.3 
25 Oil Meals 1347 1041 -22.7 89 111 24.6 105 6.2 213 216 1.0 0.2 
26 Oil Seeds 1344 1218 -9.4 103 94 -8.3 119 -20.4 210 213 1.7 0.2 
27 Other Cereals 272 446 64.0 21 76 262.7 55 37.9 39 132 238.7 0.1 
28 Tea 924 988 7.0 66 56 -15.1 57 -1.9 136 113 -16.5 0.1 
29 Jute Mfg. Including Floor 
Covering 384 358 -6.9 32 29 -8.1 28 2.9 60 57 -4.5 0.1

[Page 3]
30 Cashew 338 379 12.1 20 20 -1.6 16 27.7 39 36 -7.4 0.0 
31 Others 24565 23994 -2.3 2012 2245 11.6 2344 -4.2 3940 4588 16.4 5.2 
Total Export 437705 441730 0.9 38304 45197 18.0 43560 3.8 76587 88909 16.1 100.0 
Total Export Excluding Petroleum 
Products 374321 387902 3.6 32867 36776 11.9 33966 8.3 64027 70742 10.5 79.6 
Total Export Excl Petroleum Prod and 
Gems & Jwlry               344503 359694 4.4 30491 34241 12.3 31644 8.2 59150 65886 11.4 74.1 
Source: DGCIS, based on Quick Estimate May, 2026","Cross-Cutting & Institutional Governance","Facility Audit & Hygiene Standards","Cross-Cutting & Institutional Governance × Facility Audit & Hygiene Standards","Corpus A Classified Pool [DataGov]","General Statutory & State Gazette","No","None"
"A-APEDA-100","whole_document","A-APEDA-100","A","inductive-other","not-applicable","A,M,M,A,M,M",150,"--- PAGE 1 ---
APE
DA Agricultural and Processed Food Products
Export Development Authority
(Ministry of Commerce & Industry, Govt. of India)
File No.: CRL-2020-21-000059
Dated: 20.02.2026
. Subject: Advisory for rice exports to Lebanon -reg.
The Ministry of Agriculture, Government of Lebanon, vide its email to APEDA dated 22""
January, 2026 has informed that Lebanon has established specific requirements for imported rice
concerning pesticide residues, in line with European standards.
Over the past year, several consignments of imported rice were said to have been rejected due to
contamination with pesticide residues exceeding the Maximum Residue Levels (MRLs) permitted
under EU regulations. There is no notification/communication received from Lebanese Authorities
on the said rejections yet.
In this regard, it is advised that the exporters may implement risk mitigation measures or refrain
from exporting the rice consignments containing residues exceeding the MRLs permitted under
EU regulations.
“savor
Vinita Sudhanshu
General Manager","Cross-Cutting & Institutional Governance","Facility Audit & Hygiene Standards","Cross-Cutting & Institutional Governance × Facility Audit & Hygiene Standards","Corpus A Classified Pool [APEDA]","APEDA (Agricultural & Processed Food Authority)","No","None"
"A-APEDA-101","whole_document","A-APEDA-101","A","inductive-other","not-applicable","A,M,M,A,M,M",193,"--- PAGE 1 ---
f_\ frafa feere orftrpecr
APEDA Agricultural and Processed Food Products
Export Development Authority
(Ministry of Commerce & Industry, Govt. of India)
File No.: CRL-2020-21-000031
Subject: Advisory for rice exports to Senegal- reg.
This is in reference to APEDA Advisory No. CRL-2020-21-000031 dated 21.11.2025
regarding temporary suspension of issuance of Registration-Cum-Allocation Certificates
(RCAC) for export of non-Basmati rice to Senegal due to suspension of issuance of
import declarations for rice (DIPA) by the Government of Senegal for a period of one
month.
The Embassy of India, Dakar, Senegal, and trade stakeholders/exporters have informed
that the aforesaid month-long restriction on import of rice has now been lifted.
In the light of the above, APEDA will resume the issuance of RCAC’s for export of non-
Basmati rice to the Senegal with immediate effect. However, stakeholders are also
requested to watch over the latest developments in Senegal for any change in the
policy conditions related to rice. In case of any doubt, it is advised to consult
Eol(Dakar)/APEDA, as a note of abundant caution, before deciding on the
shipment. \\,
© yw We)
aa
Vinita Sudhanshu
General Manager
Place: New Delhi
Date: 14.01.2026","Cross-Cutting & Institutional Governance","Facility Audit & Hygiene Standards","Cross-Cutting & Institutional Governance × Facility Audit & Hygiene Standards","Corpus A Classified Pool [APEDA]","APEDA (Agricultural & Processed Food Authority)","No","None"
"A-APEDA-004","whole_document","A-APEDA-004","A","relational-power","land-use-geolocation","A,A,A,A,A,A",219,"Title: APEDA TraceNet Traceability System Portal
URL: https://apeda.gov.in/TraceNet
Scraped Date: 2026-07-03T10:41:25.584222

TraceNet | APEDA You are being redirected to the APEDA Hindi Website Ok Close TraceNet TraceNet is an internet based electronic service offered by APEDA to the stakeholders for facilitating process certification for export of organic products from India which comply with the NPOP standards. TraceNet collects, stores and reports - forward and backward traces and quality assurance data entered by the operators / producer groups and certification bodies within the organic supply chain in India. While APEDA makes all efforts with regard to proper functioning of the TraceNet, it does not assume any responsibility, direct or indirect for any error or omission, which may occur on account of improper or wrong information entered into the TraceNet by its users, nor would APEDA be responsible in any manner for any discrepancy or resultant trade loss of revenue or trade. The sole responsibility for verification and validation of the genuineness and correctness of the data captured and certifications issued lies with the operators / producer groups and accredited certification bodies. Login Here MODULES FOR STAKEHOLDERS Certification Bodies & Operators Visitors count : Last Updated on : Follow us on © Copyright 2024. This is an official website of Agricultural and Processed Food Products Export Development Authority (APEDA) Cancel OK","Cross-Cutting & Institutional Governance","Facility Audit & Hygiene Standards","Cross-Cutting & Institutional Governance × Facility Audit & Hygiene Standards","APEDA Official Portal / AgriExchange","APEDA (Agricultural & Processed Food Authority)","Yes","TraceNet"
"A-CSR-001","whole_document","A-CSR-001","A","informational-verifiability","not-applicable","A,A,A,A,A,A",217,"Title: Companies Act, 2013 - Section 135 Statutory Mandate & Form CSR-2 E-Filing Format
URL: https://www.csr.gov.in/
Scraped Date: 2026-07-03T13:55:41.589634

MINISTRY OF CORPORATE AFFAIRS (MCA)
THE COMPANIES ACT, 2013 - SECTION 135 STATUTORY MANDATE & FORM CSR-2 E-FILING GUIDELINES

1. APPLICABILITY & STATUTORY SPENDING MANDATE:
Under Section 135 of the Companies Act, 2013, every corporate entity—including commercial food processing corporations, marine exporters, and agribusiness conglomerates—having a net worth of Rs. 500 crore or more, turnover of Rs. 1,000 crore or more, or net profit of Rs. 5 crore or more during the immediately preceding financial year must constitute a Corporate Social Responsibility (CSR) Committee and allocate at least 2% of average net profits toward statutory CSR activities.

2. MANDATORY E-FILING OF FORM CSR-2:
In accordance with Companies (Accounts) Amendment Rules, companies falling under Section 135 must file a comprehensive annual CSR report electronically via Form CSR-2 on the MCA21 portal as an addendum to Form AOC-4.

3. PENAL PROVISIONS FOR UNSPENT CSR FUNDS:
Any unspent CSR allocation not relating to an ongoing project must be transferred to a statutory fund specified in Schedule VII (such as PM CARES or Clean Ganga Fund) within 6 months of the financial year end. Non-compliance invites penal fines ranging from twice the unspent amount up to Rs. 1 crore under Section 135(7).","Cross-Cutting & Institutional Governance","Facility Audit & Hygiene Standards","Cross-Cutting & Institutional Governance × Facility Audit & Hygiene Standards","Ministry of Corporate Affairs / National CSR Portal (csr.gov.in)","Domestic Infrastructure & Capacity (MoFPI/MSME/NITI/CSR)","No","None"
"A-CSR-002","whole_document","A-CSR-002","A","informational-verifiability","not-applicable","A,A,A,A,A,A",155,"Title: MCA Guidance on Eligible CSR Spending for Rural Agricultural & Food Supply Chain Infrastructure
URL: https://www.csr.gov.in/
Scraped Date: 2026-07-03T13:55:41.659093

MINISTRY OF CORPORATE AFFAIRS (MCA)
GENERAL CIRCULAR ON SCHEDULE VII ELIGIBLE ACTIVITIES: RURAL DEVELOPMENT & AGRI-FOOD SUPPLY CHAIN CAPACITY

1. SCHEDULE VII ALIGNMENT FOR AGRIBUSINESS:
Item (iv) and Item (x) of Schedule VII authorize CSR spending on projects aimed at eradicating extreme hunger and malnutrition, promoting rural agricultural development, and enhancing agro-ecological sustainability.

2. INVESTMENT IN COLD-CHAIN & POST-HARVEST INFRASTRUCTURE:
Corporate food exporters are permitted to deploy statutory CSR funds to build community-owned solar packhouses, pre-cooling collection centers, and organic quality assaying laboratories in rural agrarian clusters, provided such facilities remain public assets managed by smallholding Farmer Producer Organizations (FPOs).

3. PROHIBITION OF DIRECT COMMERCIAL BENEFITS:
Projects undertaken in pursuance of normal business operations or activities that exclusively benefit company employees or proprietary supply chains do not qualify as eligible CSR expenditure under Rule 2(1)(d).","Cross-Cutting & Institutional Governance","Facility Audit & Hygiene Standards","Cross-Cutting & Institutional Governance × Facility Audit & Hygiene Standards","Ministry of Corporate Affairs / National CSR Portal (csr.gov.in)","Domestic Infrastructure & Capacity (MoFPI/MSME/NITI/CSR)","Yes","e-CoO"
"A-DGFT-001","whole_document","A-DGFT-001","A","institutional-voids","not-applicable","A,A,A,A,A,A",209,"Title: Foreign Trade Policy (FTP) 2023 - Chapter 2 General Provisions & IEC Registration Mandate
URL: https://dgft.gov.in/CP/?opt=ft-policy
Scraped Date: 2026-07-03T12:31:29.568790

DIRECTORATE GENERAL OF FOREIGN TRADE (DGFT)
(Ministry of Commerce & Industry, Government of India)
FOREIGN TRADE POLICY (FTP) 2023 - CHAPTER 2: GENERAL PROVISIONS REGARDING IMPORTS AND EXPORTS

1. STATUTORY MANDATE FOR IMPORTER-EXPORTER CODE (IEC):
Under Paragraph 2.05 of FTP 2023 and Section 7 of the Foreign Trade (Development and Regulation) Act, 1992, no export or import shall be made by any person without an Importer-Exporter Code (IEC) number granted by DGFT. For business entities holding a Permanent Account Number (PAN), the PAN itself serves as the 10-digit alphanumeric IEC identifier upon electronic registration.

2. MANDATORY ANNUAL ELECTRONIC UPDATION:
All registered IEC holders must update and verify their digital profiles on the DGFT portal (dgft.gov.in) annually between April 1 and June 30. Failure to execute mandatory electronic profile verification results in automatic de-activation of the IEC, blocking customs shipping bill filings on ICEGATE.

3. LINKAGE WITH STATUTORY COMMODITY BOARDS (RCMC):
To export agricultural, marine, or spice commodities under promotional regimes, paragraph 2.56 mandates that exporters must obtain a Registration-Cum-Membership Certificate (RCMC) from the respective commodity jurisdiction board (APEDA, MPEDA, or Spices Board), linked electronically to the master IEC profile.","Cross-Cutting & Institutional Governance","Facility Audit & Hygiene Standards","Cross-Cutting & Institutional Governance × Facility Audit & Hygiene Standards","Directorate General of Foreign Trade (DGFT) / India Trade Portal","DGFT & Ministry of Commerce","Yes","ICEGATE"
"A-DGFT-002","whole_document","A-DGFT-002","A","institutional-voids","not-applicable","A,A,A,A,A,A",167,"Title: DGFT Public Notice on Online Issuance of Certificate of Origin (Preferential & Non-Preferential)
URL: https://coo.dgft.gov.in/
Scraped Date: 2026-07-03T12:31:30.133597

DIRECTORATE GENERAL OF FOREIGN TRADE (DGFT)
OPERATIONAL SOP: DIGITAL PLATFORM FOR ISSUANCE OF CERTIFICATE OF ORIGIN (e-CoO)

1. CENTRALIZED ELECTRONIC ORIGIN CERTIFICATION:
In alignment with Trade Facilitation mandates, DGFT operates the Common Digital Platform for Certificate of Origin (coo.dgft.gov.in). All applications for Preferential CoO under bilateral Free Trade Agreements (FTAs) and Non-Preferential CoO for agricultural and food exports must be processed exclusively through this integrated portal.

2. VERIFICATION OF INPUT-OUTPUT ORIGIN NORMS:
For processed food and marine products exported under preferential tariff concessions (such as India-Japan CEPA or India-UAE CEPA), exporting FBOs must upload detailed manufacturing cost sheets verifying sufficient domestic value addition (minimum 35% to 40%) and change in tariff heading (CTH) criteria.

3. DIGITAL ENDORSEMENT & QR CODE VALIDATION:
Approved electronic Certificates of Origin feature secure cryptographic digital signatures and QR verification codes accessible by destination customs authorities, eliminating physical document delays at international import borders.","Cross-Cutting & Institutional Governance","Facility Audit & Hygiene Standards","Cross-Cutting & Institutional Governance × Facility Audit & Hygiene Standards","Directorate General of Foreign Trade (DGFT) / India Trade Portal","DGFT & Ministry of Commerce","Yes","e-CoO"
"A-DGFT-003","whole_document","A-DGFT-003","A","institutional-voids","catch-legality-aquaculture","A,A,A,A,A,A",182,"Title: India Trade Portal SPS & TBT Compliance Matrix for Export of Spices and Marine Products
URL: https://www.indiantradeportal.in/
Scraped Date: 2026-07-03T12:31:30.344784

INDIA TRADE PORTAL (FEDERATION OF INDIAN EXPORT ORGANISATIONS / DOC)
INTERNATIONAL SANITARY AND PHYTOSANITARY (SPS) & TECHNICAL BARRIERS TO TRADE (TBT) COMPLIANCE MATRIX

1. PURPOSE & AGRI-EXPORT INTEGRATION:
The India Trade Portal (indiantradeportal.in) functions as the central intelligence hub providing Indian food exporters with real-time mapping of destination country SPS/TBT regulations, Maximum Residue Limits (MRLs), and mandatory pre-shipment certifications.

2. COMPLIANCE MAPPING FOR SPICES EXPORT (HS CODE 0904 / 0909):
- European Union: Highlights mandatory health certification under EU 2019/1793 and ETO limit below 0.05 mg/kg.
- United States: Outlines FDA FSVP requirements, Salmonella absence in 25g, and prior notice filing.
- Japan: Prescribes strict aflatoxin testing protocols (<10 ppb total) and positive list pesticide residue compliance.

3. COMPLIANCE MAPPING FOR MARINE EXPORT (HS CODE 0306 SHRIMP):
- European Union: Outlines dual requirement of EIC Health Certificate (EC 853/2004) and MPEDA EU Catch Certificate (EC 1005/2008).
- United States: Details NOAA DS-2031 shrimp declaration and mandatory Pre-Harvest Test (PHT) antibiotic screening.","Cross-Cutting & Institutional Governance","Facility Audit & Hygiene Standards","Cross-Cutting & Institutional Governance × Facility Audit & Hygiene Standards","Directorate General of Foreign Trade (DGFT) / India Trade Portal","DGFT & Ministry of Commerce","No","None"
"A-DGFT-004","whole_document","A-DGFT-004","A","institutional-voids","not-applicable","A,A,A,A,A,A",178,"Title: DGFT Notification on Mandatory Quality Control Orders (QCOs) & Pre-Shipment Export Clearance
URL: https://dgft.gov.in/
Scraped Date: 2026-07-03T12:31:30.583406

DIRECTORATE GENERAL OF FOREIGN TRADE (DGFT)
STATUTORY NOTIFICATION: ENFORCEMENT OF MANDATORY QUALITY CONTROL AND PRE-SHIPMENT INSPECTION FOR EXPORTS

1. POLICY PROVISION FOR MANDATORY EXPORT INSPECTION:
Under Paragraph 2.55 of FTP 2023, the Central Government retains statutory authority to notify commodities that cannot be exported unless certified by designated government quality inspection agencies.

2. ICEGATE CUSTOMS CLEARANCE GATEWAY:
Indian Customs electronic data interchange (ICEGATE) blocks export shipping bills for notified food, marine, and spice shipments unless the exporter's IEC is mapped to an active, validated digital inspection certificate transmitted directly by:
- Export Inspection Council (EIC) e-Health Certificate server.
- Spices Board Quality Evaluation Laboratory clearance server.
- MPEDA e-SANTA / Catch Certificate validation portal.

3. EXEMPTION FOR STAR EXPORT HOUSES & APPROVED UNITS:
Exporters holding Status Holder recognition (One Star to Five Star Export Houses) or processing plants operating under EIC In-Process Quality Control (IPQC) / Approved Technologist schemes are granted self-declaration privileges, subject to periodic regulatory audit trail verification.","Cross-Cutting & Institutional Governance","Facility Audit & Hygiene Standards","Cross-Cutting & Institutional Governance × Facility Audit & Hygiene Standards","Directorate General of Foreign Trade (DGFT) / India Trade Portal","DGFT & Ministry of Commerce","Yes","ICEGATE, e-SANTA"
"A-DGFT-005","whole_document","A-DGFT-005","A","inductive-other","not-applicable","A,A,A,A,A,A",188,"Title: RoDTEP Scheme Operational Guidelines & Duty Remission Mechanisms for Food Processors
URL: https://dgft.gov.in/CP/?opt=rodtep
Scraped Date: 2026-07-03T12:31:30.760879

DIRECTORATE GENERAL OF FOREIGN TRADE (DGFT) & MINISTRY OF FINANCE
OPERATIONAL MANUAL: REMISSION OF DUTIES AND TAXES ON EXPORTED PRODUCTS (RoDTEP) SCHEME

1. SCHEME OBJECTIVE FOR AGRI & PROCESSED FOOD SECTOR:
Notified under Paragraph 4.54 of FTP 2023, the RoDTEP scheme reimburses embedded Central, State, and local taxes/duties (such as fuel VAT, electricity duty, and mandi tax) borne by agricultural and food processing units during export manufacturing that are not refunded under GST or drawback mechanisms.

2. ELIGIBILITY & ELECTRONIC LEDGER SYSTEM:
Exporting FBOs claim RoDTEP remission directly on the customs shipping bill by declaring specific HS code eligibility. Remission credits are issued electronically as transferable duty credit scrips maintained in the ICEGATE electronic ledger.

3. STATUTORY COMPLIANCE AUDIT & RECUPERATION:
Disbursement of RoDTEP scrips is subject to regulatory post-audit verification. If export realization is not completed within RBI FEMA timelines or if food export lots are rejected and returned by destination health authorities (EU DG SANTE / US FDA), the exporter must reimburse the utilized duty credits with statutory interest.","Cross-Cutting & Institutional Governance","Facility Audit & Hygiene Standards","Cross-Cutting & Institutional Governance × Facility Audit & Hygiene Standards","Directorate General of Foreign Trade (DGFT) / India Trade Portal","DGFT & Ministry of Commerce","Yes","ICEGATE"
"A-EIC-001","whole_document","A-EIC-001","A","institutional-voids","facility-and-process","A,A,A,A,A,A",243,"Title: Export (Quality Control and Inspection) Act, 1963 - Statutory Powers of EIC and EIAs
URL: https://eicindia.gov.in/Index.aspx
Scraped Date: 2026-07-03T12:00:07.960080

EXPORT INSPECTION COUNCIL OF INDIA (EIC)
(Ministry of Commerce & Industry, Government of India)
STATUTORY GOVERNANCE FRAMEWORK UNDER THE EXPORT (QUALITY CONTROL AND INSPECTION) ACT, 1963

1. CONSTITUTION & MANDATE:
The Export Inspection Council (EIC) is the official export-certification body of India, established by the Central Government under Section 3 of the Export (Quality Control and Inspection) Act, 1963 (Act No. 22 of 1963). Its primary mandate is to ensure sound development of export trade through mandatory quality control and pre-shipment inspection.

2. SUB-ORDINATE INSPECTION AGENCIES (EIAs):
To execute statutory inspection and testing across India's export hubs, five Export Inspection Agencies (EIAs) function under EIC at Mumbai, Kolkata, Kochi, Delhi, and Chennai, supported by a network of 30 sub-offices and NABL-accredited analytical laboratories.

3. STATUTORY FUNCTIONS & POWERS:
Under Section 6 of the Act, the Central Government empowers EIC/EIAs to:
- Notify agricultural, marine, and food commodities subject to mandatory pre-shipment quality inspection.
- Formulate standard quality specifications recognizing international standards (Codex Alimentarius, EU regulations, US FDA requirements).
- Issue statutory Certificates of Inspection (CoI) and Health Certificates required for customs clearance at destination ports.

4. OFFENSES & PENALTIES:
Exporting notified food or agricultural items without valid EIC inspection endorsement or Health Certificates constitutes a direct statutory violation subject to seizure of cargo, license revocation, and prosecution under Section 11 of the Act.","Cross-Cutting & Institutional Governance","Facility Audit & Hygiene Standards","Cross-Cutting & Institutional Governance × Facility Audit & Hygiene Standards","Export Inspection Council of India Ministry of Commerce & Industry","EIC/EIA (Export Inspection Council)","No","None"
"A-EIC-002","whole_document","A-EIC-002","A","institutional-voids","catch-legality-aquaculture","A,A,A,A,A,A",235,"Title: EIC Executive Instructions for Issuance of Health Certificates for Marine Products Exported to EU & USA
URL: https://eicindia.gov.in/Marine.aspx
Scraped Date: 2026-07-03T12:00:08.677149

EXPORT INSPECTION COUNCIL OF INDIA (EIC)
EXECUTIVE INSTRUCTIONS FOR ISSUANCE OF HEALTH CERTIFICATES FOR FISH & FISHERY PRODUCTS

1. REGULATORY COOPERATION WITH MPEDA & EU DG SANTE:
In accordance with European Commission Decision 97/296/EC and Regulation (EC) No 853/2004, the Export Inspection Council functions as India's Competent Authority designated to verify compliance of processing plants exporting fish and fishery products to the European Union and the United States.

2. FACILITY APPROVAL & HACCP SURVEILLANCE:
Only processing establishments approved by the Inter-Departmental Panel (IDP)—comprising representatives from EIA, MPEDA, and CIFT—are permitted to process marine products for export. Approved establishments must implement documented Hazard Analysis Critical Control Point (HACCP) systems, Good Hygiene Practices (GHP), and Standard Operating Procedures.

3. PRE-SHIPMENT HEALTH CERTIFICATION PROCEDURE:
Prior to container stuffing, approved processing establishments must submit application requests to the jurisdiction EIA along with:
- Processing batch logs and raw material traceability slips linking catch to MPEDA registered vessels or aquaculture farms.
- In-house laboratory analysis reports and EIA official test clearance reports verifying absence of antibiotic residues (Chloramphenicol, Nitrofurans) and microbiological safety (Salmonella, Vibrio cholerae).

4. ISSUANCE OF HEALTH CERTIFICATE:
Upon verification of test reports and container temperature seals (-18 degrees Celsius core temperature), authorized EIA veterinarians sign and emboss the Official Health Certificate on secure anti-counterfeit paper.","Cross-Cutting & Institutional Governance","Facility Audit & Hygiene Standards","Cross-Cutting & Institutional Governance × Facility Audit & Hygiene Standards","Export Inspection Council of India Ministry of Commerce & Industry","EIC/EIA (Export Inspection Council)","No","None"
"A-EIC-003","whole_document","A-EIC-003","A","institutional-voids","facility-and-process","A,A,A,A,A,A",234,"Title: EIC Mandatory Consignment-Wise Inspection Scheme for Export of Spices (Chilli, Nutmeg, Curry Leaves) to EU
URL: https://eicindia.gov.in/Spices.aspx
Scraped Date: 2026-07-03T12:00:09.615696

EXPORT INSPECTION COUNCIL OF INDIA (EIC)
CONSIGNMENT-WISE INSPECTION & HEALTH CERTIFICATION PROTOCOL FOR EXPORT OF SPICES TO EUROPEAN UNION

1. BACKGROUND & JOINT MANDATE WITH SPICES BOARD:
Pursuant to European Union special import conditions (Commission Implementing Regulation EU 2019/1793 as amended), export consignments of high-risk Indian spices—specifically Capsicum annuum (Chilli and Chilli products), Myristica fragrans (Nutmeg), and Murraya koenigii (Curry leaves)—require mandatory health certification issued by EIC/EIAs before export from India.

2. SAMPLING PROTOCOL FOR SPICE CONSIGNMENTS:
For every planned export lot, authorized EIA inspection officers must draw representative samples strictly following ISO 948 / EU sampling regulations. Samples are divided into three sealed counter-parts: one for official laboratory testing, one for exporter reference, and one retained at EIA headquarters.

3. ANALYTICAL TESTING MANDATE:
Official testing is conducted at EIA laboratories or Spices Board Quality Evaluation Laboratories (QEL) verifying strict adherence to EU Maximum Residue Limits (MRLs):
- Aflatoxin B1 (maximum 5.0 mcg/kg) and Total Aflatoxins (maximum 10.0 mcg/kg) in Chilli and Nutmeg.
- Ethylene Oxide (ETO) and 2-Chloroethanol (sum expressed as ETO below LOQ 0.05 mg/kg).
- Multi-residue pesticide screens in Curry leaves.

4. HEALTH CERTIFICATE ENDORSEMENT:
Consignments clearing analytical verification receive the statutory EIC Official Certificate signed by designated EIA inspection officers, enabling expedited green-lane entry at EU Border Control Posts.","Cross-Cutting & Institutional Governance","Facility Audit & Hygiene Standards","Cross-Cutting & Institutional Governance × Facility Audit & Hygiene Standards","Export Inspection Council of India Ministry of Commerce & Industry","EIC/EIA (Export Inspection Council)","No","None"
"A-EIC-004","whole_document","A-EIC-004","A","institutional-voids","residue-and-mrl","A,A,A,A,A,A",199,"Title: Laboratory Recognition Scheme & Analytical Testing Protocols of Export Inspection Agencies (EIAs)
URL: https://eicindia.gov.in/Labs.aspx
Scraped Date: 2026-07-03T12:00:10.477863

EXPORT INSPECTION COUNCIL OF INDIA (EIC)
MANUAL OF ANALYTICAL TESTING PROTOCOLS & LABORATORY RECOGNITION SCHEME

1. NETWORK OF OFFICIAL EXPORT TESTING LABORATORIES:
To support statutory health certification across agricultural, marine, and dairy commodities, EIC operates state-of-the-art analytical laboratories attached to EIAs in Mumbai, Kolkata, Kochi, Chennai, and Delhi. All official laboratories maintain mandatory accreditation under ISO/IEC 17025 by the National Accreditation Board for Testing and Calibration Laboratories (NABL).

2. INSTRUMENTAL ANALYTICAL CAPABILITIES:
EIA testing laboratories deploy advanced instrumental methodologies to detect trace chemical contaminants at parts-per-billion (ppb) and parts-per-trillion (ppt) levels:
- Liquid Chromatography-Tandem Mass Spectrometry (LC-MS/MS) for veterinary drug residues (Nitrofurans, Chloramphenicol, Tetracyclines, Sulfonamides) in shrimp and aquaculture exports.
- Gas Chromatography-Tandem Mass Spectrometry (GC-MS/MS) for organochlorine and organophosphorus pesticide residues in spices, tea, and basmati rice.
- Inductively Coupled Plasma Mass Spectrometry (ICP-MS) for heavy metals (Lead, Cadmium, Arsenic, Mercury).

3. RECOGNITION OF NON-GOVERNMENT EXTERNAL LABORATORIES:
Under Section 7 of the Act, EIC operates the Laboratory Recognition Scheme enabling private NABL-accredited analytical laboratories to perform pre-shipment export testing, subject to periodic EIC proficiency testing (PT) rounds and audit surveillance.","Cross-Cutting & Institutional Governance","Laboratory Testing & Residue Assays","Cross-Cutting & Institutional Governance × Laboratory Testing & Residue Assays","Export Inspection Council of India Ministry of Commerce & Industry","EIC/EIA (Export Inspection Council)","No","None"
"A-EIC-005","whole_document","A-EIC-005","A","institutional-voids","facility-and-process","A,A,A,A,A,A",195,"Title: Approved Technologist Scheme & In-Process Quality Control (IPQC) for Food Processing Units
URL: https://eicindia.gov.in/IPQC.aspx
Scraped Date: 2026-07-03T12:00:11.108818

EXPORT INSPECTION COUNCIL OF INDIA (EIC)
IN-PROCESS QUALITY CONTROL (IPQC) & APPROVED TECHNOLOGIST CERTIFICATION SCHEME

1. SHIFT FROM CONSIGNMENT INSPECTION TO SYSTEMS ASSURANCE:
To facilitate ease of doing business for high-volume agri-food processors, EIC administers the In-Process Quality Control (IPQC) and Self-Certification schemes under Section 7 of the Export (Quality Control and Inspection) Act, 1963.

2. ROLE OF THE EIC APPROVED TECHNOLOGIST:
Processing units approved under IPQC must employ qualified food technologists or veterinary scientists formally examined and certified by the Export Inspection Agency as 'Approved Technologists'.
The Approved Technologist is legally empowered and obligated to:
- Supervise daily processing operations and enforce critical control points (CCPs).
- Draw and test routine production samples in the factory laboratory.
- Endorse internal certificates of quality prior to final export dispatch.

3. SUPERVISORY SURVEILLANCE BY EIA:
Units operating under the Approved Technologist scheme are exempted from routine consignment-wise physical inspection by government inspectors. Instead, EIA multi-disciplinary audit teams conduct unannounced periodic surveillance audits (minimum once quarterly) reviewing laboratory registers, calibration sheets, and drawing verification check-samples from finished goods storage.","Cross-Cutting & Institutional Governance","Facility Audit & Hygiene Standards","Cross-Cutting & Institutional Governance × Facility Audit & Hygiene Standards","Export Inspection Council of India Ministry of Commerce & Industry","EIC/EIA (Export Inspection Council)","No","None"
"A-EUDR-001","whole_document","A-EUDR-001","A","informational-verifiability","land-use-geolocation","A,A,A,A,A,A",264,"Title: Regulation (EU) 2023/1115 (EUDR) - Mandatory Geolocation Traceability & Due Diligence Statements
URL: https://eur-lex.europa.eu/legal-content/EN/TXT/?uri=CELEX:32023R1115
Scraped Date: 2026-07-03T14:09:52.269949

OFFICIAL JOURNAL OF THE EUROPEAN UNION
REGULATION (EU) 2023/1115 OF THE EUROPEAN PARLIAMENT AND OF THE COUNCIL
on the making available on the Union market and the export from the Union of certain commodities and products associated with deforestation and forest degradation (EUDR)

1. STATUTORY MANDATE & COVERED COMMODITIES:
To curb global deforestation driven by agricultural expansion, Article 3 prohibits placing relevant commodities—specifically cattle, cocoa, coffee, oil palm, rubber, soya, and wood (along with derivative food packaging and processed products)—on the EU market unless they are strictly deforestation-free and legal according to the laws of the country of production.

2. MANDATORY GEOLOCATION & POLYGON TRACEABILITY (ARTICLE 9):
Operators importing covered commodities into the EU must collect and transmit exact geolocation coordinates (latitude and longitude) of all plots of land where the commodities were produced. For plots exceeding 4 hectares, operators must submit complete geospatial boundary polygons. Any agricultural product grown on land subjected to deforestation or forest degradation after the statutory cutoff date of 31 December 2020 is barred from EU entry.

3. SUBMISSION OF DUE DILIGENCE STATEMENT (TRACES):
Prior to customs clearance, importers must upload a formally validated Due Diligence Statement (DDS) into the European Commission's TRACES electronic information portal, verifying comprehensive supply chain risk assessment and mitigation.

4. SANCTIONS & CARGO CONFISCATION:
Under Article 25, non-compliant third-country shipments face immediate seizure at EU borders, confiscation of revenues gained, and pecuniary fines set at a minimum of 4% of the operator's total annual Union turnover.","Cross-Cutting & Institutional Governance","Facility Audit & Hygiene Standards","Cross-Cutting & Institutional Governance × Facility Audit & Hygiene Standards","European Commission DG ENV / EUR-Lex & Ministry of Commerce (India)","EU DG SANTE / European Commission","No","None"
"A-EUDR-002","whole_document","A-EUDR-002","A","informational-verifiability","land-use-geolocation","A,A,A,A,A,A",176,"Title: Directive (EU) 2024/1760 (CSDDD) - Corporate Sustainability & Human Rights Due Diligence
URL: https://eur-lex.europa.eu/legal-content/EN/TXT/?uri=CELEX:32024L1760
Scraped Date: 2026-07-03T14:09:52.780517

OFFICIAL JOURNAL OF THE EUROPEAN UNION
DIRECTIVE (EU) 2024/1760 OF THE EUROPEAN PARLIAMENT AND OF THE COUNCIL
on Corporate Sustainability Due Diligence and amending Directive (EU) 2019/1937 (CSDDD)

1. SCOPE OF SUPPLY CHAIN SUSTAINABILITY GOVERNANCE:
The Corporate Sustainability Due Diligence Directive (CSDDD) establishes statutory liability for large EU and non-EU companies to identify, prevent, mitigate, and account for adverse human rights and environmental impacts across their entire global chain of activities, specifically including upstream agricultural and food supply chains.

2. UPSTREAM AGRI-FOOD SOURCING AUDITS:
European food manufacturers and retailers importing Indian agricultural commodities (spices, tea, coffee, processed foods) must conduct mandatory due diligence audits of third-country suppliers, assessing compliance with international labor conventions, child labor prohibitions, and agrochemical pollution limits.

3. CONTRACTUAL ASSURANCES & CAPABILITY BUILDING:
Buying corporations are required to obtain cascading contractual warranties from Indian exporters and farmer producer organizations (FPOs), backed by independent third-party verification audits and targeted financial investments to support sustainable agricultural transitions.","Cross-Cutting & Institutional Governance","Facility Audit & Hygiene Standards","Cross-Cutting & Institutional Governance × Facility Audit & Hygiene Standards","European Commission DG ENV / EUR-Lex & Ministry of Commerce (India)","EU DG SANTE / European Commission","No","None"
"A-EUDR-003","whole_document","A-EUDR-003","A","relational-power","land-use-geolocation","A,A,A,A,A,A",176,"Title: Ministry of Commerce & APEDA Advisory on EUDR Compliance & GPS Plot Geotagging for Indian Exporters
URL: https://apeda.gov.in/
Scraped Date: 2026-07-03T14:09:53.147836

MINISTRY OF COMMERCE & INDUSTRY / AGRICULTURAL AND PROCESSED FOOD PRODUCTS EXPORT DEVELOPMENT AUTHORITY (APEDA)
EXECUTIVE ADVISORY: IMPLEMENTATION OF DIGITAL GEOLOCATION TRACEABILITY FOR EU DEFORESTATION REGULATION (EUDR) COMPLIANCE

1. CRITICAL IMPACT ON INDIAN AGRI-FOOD EXPORTS:
Recognizing the impending enforcement of Regulation (EU) 2023/1115 (EUDR), the Department of Commerce mandates immediate digital preparedness for Indian exporters handling coffee, cocoa, palm oil derivatives, and paper/wooden food packaging shipped to European destinations.

2. INTEGRATION OF APEDA TRACENET WITH GPS PLOT MAPPING:
To prevent trade disruptions at European ports, APEDA is upgrading its TraceNet digital infrastructure to capture farm-level geolocation polygons. Registered exporters must upload GPS coordinates verified by State Horticulture Departments or remote sensing satellite imagery for all registered contract farming plots.

3. INTER-OPERABILITY WITH EU TRACES PORTAL:
The advisory establishes guidelines for Indian exporters to generate standardized GeoJSON plot dossiers capable of automated transmission into the European Commission's TRACES information system when generating pre-shipment export documentation.","Cross-Cutting & Institutional Governance","Facility Audit & Hygiene Standards","Cross-Cutting & Institutional Governance × Facility Audit & Hygiene Standards","European Commission DG ENV / EUR-Lex & Ministry of Commerce (India)","EU DG SANTE / European Commission","Yes","TraceNet"
"A-EFSA-001","whole_document","A-EFSA-001","A","institutional-voids","residue-and-mrl","A,A,A,A,A,A",164,"Title: EFSA Scientific Report - European Union Annual Report on Veterinary Drug Residues in Food and Animals
Source: European Food Safety Authority (EFSA Scientific Journal)
URL: https://www.efsa.europa.eu/en/publications
Scraped Date: 2026-07-03T16:35:43.238255

EUROPEAN FOOD SAFETY AUTHORITY (EFSA)
EFSA SCIENTIFIC REPORT: REPORT FOR 2023 ON THE RESULTS FROM THE MONITORING OF VETERINARY MEDICINAL PRODUCT RESIDUES AND OTHER SUBSTANCES IN LIVE ANIMALS AND ANIMAL PRODUCTS

1. SURVEILLANCE DATA ACROSS MEMBER STATES & IMPORT BORDERS:
EFSA compiles comprehensive analytical monitoring results submitted by 27 EU Member States across 600,000+ targeted and import border inspection samples.

2. SPECIFIC NON-COMPLIANCE RATES IN AQUACULTURE PRODUCTS:
For imported aquaculture products (specifically farmed shrimp and prawns), EFSA reports non-compliant detections primarily falling under Group A6 (prohibited pharmacologically active substances: chloramphenicol and nitrofurans AOZ/AMOZ) and Group B1 (antibacterial substances: oxytetracycline).

3. REGULATORY FEEDBACK LOOP TO DG SANTE:
EFSA residue frequency metrics directly inform European Commission DG SANTE risk assessments, serving as the statutory trigger for revising third-country border physical sampling percentages under Regulation (EU) 2019/1793.","Cross-Cutting & Institutional Governance","Laboratory Testing & Residue Assays","Cross-Cutting & Institutional Governance × Laboratory Testing & Residue Assays","European Food Safety Authority (EFSA Scientific Journal)","General Statutory & State Gazette","No","None"
"A-EU-001","whole_document","A-EU-001","A","institutional-voids","not-applicable","A,A,A,A,A,A",255,"Title: Commission Implementing Regulation (EU) 2019/1793 - Temporary Increase of Official Controls on Third Country Imports
URL: https://eur-lex.europa.eu/legal-content/EN/TXT/?uri=CELEX:32019R1793
Scraped Date: 2026-07-03T12:17:49.129415

OFFICIAL JOURNAL OF THE EUROPEAN UNION
COMMISSION IMPLEMENTING REGULATION (EU) 2019/1793
on the temporary increase of official controls and emergency measures governing the entry into the Union of certain goods from certain third countries implementing Regulations (EU) 2017/625 and (EC) No 178/2002

1. REGULATORY PURPOSE & EMERGENCY BORDER SURVEILLANCE:
Pursuant to Article 47 of Regulation (EU) 2017/625, the European Commission establishes mandatory border frequency checks and emergency certification rules for feed and food originating from third countries where ongoing monitoring indicates persistent non-compliance with EU food safety legislation.

2. ANNEX II MANDATE FOR INDIAN SPICES:
Consignments of high-risk Indian agricultural products listed in Annex II—specifically Capsicum annuum (Chilli peppers and products), Myristica fragrans (Nutmeg), Cumin seeds, and Murraya koenigii (Curry leaves)—cannot enter EU Border Control Posts (BCPs) without mandatory pre-shipment health certification.

3. REQUIRED ACCOMPANYING DOCUMENTATION:
Every entry lot from India must be accompanied by:
- An Official Certificate issued by the competent authority of India (Export Inspection Council / Spices Board).
- An Analytical Test Report demonstrating compliance with EU Maximum Residue Limits (MRLs) for Ethylene Oxide (ETO) and pesticide contamination, sampled within 30 days prior to container departure.

4. BORDER CONTROL POST (BCP) IDENTITY & PHYSICAL CHECKS:
EU customs authorities execute 100% documentary checks, 100% identity checks, and at least 20% identity/physical analytical sampling checks at BCPs. Non-compliant lots face mandatory rejection, destruction, or re-dispatch under Article 66 of Regulation (EU) 2017/625.","Cross-Cutting & Institutional Governance","Facility Audit & Hygiene Standards","Cross-Cutting & Institutional Governance × Facility Audit & Hygiene Standards","European Commission DG SANTE / EUR-Lex","EU DG SANTE / European Commission","No","None"
"A-EU-002","whole_document","A-EU-002","A","institutional-voids","catch-legality-aquaculture","A,A,A,A,A,A",242,"Title: Council Regulation (EC) No 1005/2008 - Community System to Prevent, Deter and Eliminate IUU Fishing
URL: https://eur-lex.europa.eu/legal-content/EN/TXT/?uri=CELEX:32008R1005
Scraped Date: 2026-07-03T12:17:49.587236

OFFICIAL JOURNAL OF THE EUROPEAN UNION
COUNCIL REGULATION (EC) No 1005/2008
establishing a Community system to prevent, deter and eliminate illegal, unreported and unregulated (IUU) fishing

1. LEGAL BASIS & SCOPE OF CATCH CERTIFICATION:
To protect marine ecosystems and prevent unfairly harvested fish from destabilizing European maritime markets, Article 12 mandates that the importation of fishery products into the European Community shall only be permitted when accompanied by a validated Catch Certificate.

2. THIRD COUNTRY FLAG STATE RESPONSIBILITIES:
The Catch Certificate must be validated by the designated competent flag state authority of the fishing vessel (in India, the Marine Products Export Development Authority - MPEDA). The competent authority certifies that the catches concerned have been made in accordance with applicable international conservation and management laws.

3. MANDATORY DATA FIELDS IN CATCH CERTIFICATE (ANNEX II):
- Vessel name, registration number, home port, and call sign.
- Catch dates, estimated live weight by species, and FAO fishing area.
- Verification of landing port and transhipment declarations.
- Processing plant health stamp and export container sealing numbers.

4. INDIRECT IMPORTATION & PROCESSING IN THIRD COUNTRIES:
Where fishery products are processed in a third country other than the flag state prior to EU entry, Article 14 requires a statement endorsed by the processing plant's competent authority documenting exact input-output conversion ratios and raw material traceability.","Cross-Cutting & Institutional Governance","Facility Audit & Hygiene Standards","Cross-Cutting & Institutional Governance × Facility Audit & Hygiene Standards","European Commission DG SANTE / EUR-Lex","EU DG SANTE / European Commission","No","None"
"A-EU-003","whole_document","A-EU-003","A","institutional-voids","catch-legality-aquaculture","A,A,A,A,A,A",209,"Title: Regulation (EC) No 853/2004 - Specific Hygiene Rules for Food of Animal Origin (Marine Products Processing)
URL: https://eur-lex.europa.eu/legal-content/EN/TXT/?uri=CELEX:32004R0853
Scraped Date: 2026-07-03T12:17:50.063181

OFFICIAL JOURNAL OF THE EUROPEAN UNION
REGULATION (EC) No 853/2004 OF THE EUROPEAN PARLIAMENT AND OF THE COUNCIL
laying down specific hygiene rules for food of animal origin

1. OBJECTIVE & HACCP COMPLIANCE LINKAGE:
Supplementing Regulation (EC) No 852/2004 on general hygiene of foodstuffs, Regulation 853/2004 establishes specialized, enforceable sanitary standards for food business operators handling fish and fishery products destined for the European market.

2. SECTION VIII HYGIENE REQUIREMENTS FOR FISHERY PRODUCTS:
- Vessel Infrastructure: Factory vessels and freezer vessels must maintain dedicated freezing equipment capable of rapidly lowering core temperatures to -18 degrees Celsius or colder.
- Landing Ports & Auction Halls: Must maintain enclosed temperature-controlled receiving zones separate from fuel depot contamination.
- Processing Plants & Freezer Establishments: Filleting, peeling, and heading operations must proceed swiftly under chilled conditions (+4 degrees Celsius).

3. PARASITE & HISTAMINE CONTROLS:
Operators processing marine species prone to histamine formation (Scombridae, Clupeidae) must implement systematic batch sampling verifying histamine levels remain below statutory limits (100 mg/kg average). Raw fish intended for undercooked consumption must undergo mandatory freezing treatments (-20 degrees Celsius for 24 hours) to destroy viable zoonotic parasites.","Cross-Cutting & Institutional Governance","Facility Audit & Hygiene Standards","Cross-Cutting & Institutional Governance × Facility Audit & Hygiene Standards","European Commission DG SANTE / EUR-Lex","EU DG SANTE / European Commission","No","None"
"A-EU-004","whole_document","A-EU-004","A","institutional-voids","not-applicable","A,A,A,A,A,A",207,"Title: Commission Implementing Regulation (EU) 2021/405 - Third Country Lists for Public Health Compliance
URL: https://eur-lex.europa.eu/legal-content/EN/TXT/?uri=CELEX:32021R0405
Scraped Date: 2026-07-03T12:17:50.545296

OFFICIAL JOURNAL OF THE EUROPEAN UNION
COMMISSION IMPLEMENTING REGULATION (EU) 2021/405
laying down the lists of third countries or regions thereof authorised for the entry into the Union of certain animals and goods intended for human consumption in accordance with Regulation (EU) 2017/625

1. STATUTORY PREREQUISITE FOR THIRD COUNTRY IMPORTS:
Under Article 126 of Regulation (EU) 2017/625, food of animal origin—including aquaculture crustaceans, finfish, and bivalve molluscs—can only enter the EU if harvested and processed in a third country officially listed in Annex IX of Regulation 2021/405.

2. AUTHORIZATION OF INDIA & RESIDUE MONITORING COMPLIANCE:
India is formally approved under Annex IX for the export of fishery products and farmed shrimp, strictly conditional upon annual submission and European Commission approval of India's National Residue Monitoring Plan (NRMP) administered by MPEDA and EIC under Directive 96/23/EC.

3. SANCTIONS FOR ANTIBIOTIC DETECTIONS:
If Commission audit surveillance or Rapid Alert System detections reveal systemic failure in a third country's pre-harvest antibiotic monitoring (such as recurrent Nitrofuran or Chloramphenicol detections in aquaculture shrimp), the Commission is empowered to suspend third-country listing or impose 100% pre-shipment detention and chemical testing under Article 128.","Cross-Cutting & Institutional Governance","Facility Audit & Hygiene Standards","Cross-Cutting & Institutional Governance × Facility Audit & Hygiene Standards","European Commission DG SANTE / EUR-Lex","EU DG SANTE / European Commission","No","None"
"A-EU-005","whole_document","A-EU-005","A","institutional-voids","not-applicable","A,A,A,A,A,A",275,"Title: European Commission Rapid Alert System for Food and Feed (RASFF) Standard Operating Procedures
URL: https://food.ec.europa.eu/safety/rasff_en
Scraped Date: 2026-07-03T12:17:51.388943

EUROPEAN COMMISSION - DIRECTORATE-GENERAL FOR HEALTH AND FOOD SAFETY (DG SANTE)
RAPID ALERT SYSTEM FOR FOOD AND FEED (RASFF) - STANDARD OPERATING PROCEDURES FOR THIRD COUNTRY NOTIFICATIONS

1. STATUTORY BASIS OF RASFF:
Established under Article 50 of Regulation (EC) No 178/2002 (General Food Law), the Rapid Alert System for Food and Feed (RASFF) provides an instantaneous digital notification network enabling EU Member States, the European Commission, and EFSA to exchange critical food safety alerts regarding non-compliant or hazardous food consignments detected at EU borders or retail markets.

2. NOTIFICATION CLASSIFICATIONS:
- Border Rejection Notifications: Transmitted when a consignment of third-country food (e.g., Indian spices or marine products) is tested at a Border Control Post (BCP) and denied entry due to exceeding Maximum Residue Limits (MRLs), microbial contamination (Salmonella), or unauthorized food additives.
- Alert Notifications: Initiated when hazardous food presents a serious consumer risk and is already circulating on retail shelves within an EU Member State, requiring mandatory product recalls.

3. TRANSMISSION TO INDIAN COMPETENT AUTHORITIES:
Upon validation of a Border Rejection Notification concerning an Indian shipment, DG SANTE transmits an official alert dossier through the RASFF window directly to India's National Contact Points (EIC, Spices Board, MPEDA, and FSSAI).

4. MANDATORY INVESTigation & Corrective Action Plan (CAP):
Within 30 calendar days of receiving a RASFF border rejection alert, the exporting Indian authority must conduct a root-cause trace-back audit at the processing plant, suspend the exporter's health certificate privileges if warranted, and submit a documented Corrective Action Plan (CAP) to DG SANTE to prevent repeat interceptions.","Cross-Cutting & Institutional Governance","Facility Audit & Hygiene Standards","Cross-Cutting & Institutional Governance × Facility Audit & Hygiene Standards","European Commission DG SANTE / EUR-Lex","EU DG SANTE / European Commission","No","None"
"A-EU-006","whole_document","A-EU-006","A","institutional-voids","not-applicable","A,A,A,A,A,A",179,"Title: Regulation (EU) 2017/625 (Official Controls Regulation - OCR)
URL: https://eur-lex.europa.eu/legal-content/EN/TXT/?uri=CELEX:32017R0625
Scraped Date: 2026-07-03T16:01:25.073747

OFFICIAL JOURNAL OF THE EUROPEAN UNION
REGULATION (EU) 2017/625 OF THE EUROPEAN PARLIAMENT AND OF THE COUNCIL (Official Controls Regulation)

1. STATUTORY SCOPE & BORDER CONTROL POST (BCP) INSPECTIONS:
Regulation (EU) 2017/625 forms the overarching legal framework governing official border controls on all third-country agri-food imports entering the European Union. Every consignment of Indian spices and marine aquaculture shrimp must pass through designated Border Control Posts (BCPs) where competent member state authorities perform mandatory documentary, identity, and physical laboratory inspections.

2. TRACES ELECTRONIC CERTIFICATION MANDATE:
Under Article 56, clearance requires prior notification via a Common Health Entry Document (CHED) lodged in the European Commission's TRACES digital platform. Consignments lacking cryptographically validated EIC health certificates or Spices Board analytical reports face automatic rejection.

3. EMERGENCY MEASURES & COST RECOVERY:
Where physical checks detect chemical contaminants or microbiological pathogens exceeding EU standards, Article 66 empowers member states to order cargo destruction or return at the exporter's expense, alongside intensified sampling rates for subsequent consignments under Article 65.","Cross-Cutting & Institutional Governance","Facility Audit & Hygiene Standards","Cross-Cutting & Institutional Governance × Facility Audit & Hygiene Standards","European Commission DG SANTE / EUR-Lex","EU DG SANTE / European Commission","No","None"
"A-EU-007","whole_document","A-EU-007","A","institutional-voids","residue-and-mrl","A,A,A,A,A,A",183,"Title: Regulation (EC) No 396/2005 - Maximum Residue Levels (MRLs) for Pesticides in Plant and Animal Products
URL: https://eur-lex.europa.eu/legal-content/EN/TXT/?uri=CELEX:32005R0396
Scraped Date: 2026-07-03T16:01:25.528288

OFFICIAL JOURNAL OF THE EUROPEAN UNION
REGULATION (EC) No 396/2005 OF THE EUROPEAN PARLIAMENT AND OF THE COUNCIL
on maximum residue levels of pesticides in or on food and feed of plant and animal origin

1. STRICT HARMONIZED MRL LIMITS FOR SPICES:
Regulation (EC) 396/2005 sets binding Maximum Residue Levels (MRLs) across all EU member states. For agricultural exports such as Indian chilli, cumin, cardamom, and turmeric, Annex II and Annex III prescribe exact chemical tolerances expressed in mg/kg (ppm).

2. DEFAULT ZERO TOLERANCE (ARTICLE 18):
Where an active substance is not explicitly listed or approved in the EU (such as Ethylene Oxide ETO, chlorpyrifos, tricyclazole, or carbendazim), Article 18(1)(b) imposes a strict default limit of of detection (LOD) set at 0.01 mg/kg.

3. PRE-SHIPMENT SCREENING REQUIREMENT:
To avoid border rejections and RASFF alerts, Spices Board and EIC NABL-accredited laboratories must screen export batches against Annex II limits using advanced Gas Chromatography-Tandem Mass Spectrometry (GC-MS/MS) and Liquid Chromatography-Tandem Mass Spectrometry (LC-MS/MS).","Cross-Cutting & Institutional Governance","Laboratory Testing & Residue Assays","Cross-Cutting & Institutional Governance × Laboratory Testing & Residue Assays","European Commission DG SANTE / EUR-Lex","EU DG SANTE / European Commission","No","None"
"A-EU-008","whole_document","A-EU-008","A","institutional-voids","residue-and-mrl","A,A,A,A,A,A",184,"Title: Commission Decision 2011/163/EU - Approval of Third Country National Residue Monitoring Plans (NRMP)
URL: https://eur-lex.europa.eu/legal-content/EN/TXT/?uri=CELEX:32011D0163
Scraped Date: 2026-07-03T16:01:26.039789

OFFICIAL JOURNAL OF THE EUROPEAN UNION
COMMISSION DECISION 2011/163/EU
on the approval of plans submitted by third countries in accordance with Article 29 of Council Directive 96/23/EC

1. MANDATORY COUNTRY LISTING CONDITION:
Under EU food law, no third country may export products of animal origin—specifically including marine aquaculture shrimp, fish, honey, and dairy—into the EU unless the European Commission approves its annual National Residue Monitoring Plan (NRMP) and lists the country in the Annex to Decision 2011/163/EU.

2. STATUTORY SUBMISSION BY MPEDA & EIC:
India maintains its listed status for aquaculture marine products through annual dossiers submitted by the Export Inspection Council (EIC) and MPEDA. The dossier must demonstrate comprehensive surveillance across hatcheries, feed mills, and processing plants for prohibited substances including chloramphenicol, nitrofurans, tetracyclines, and malachite green.

3. DELISTING & TRADE SUSPENSION:
Failure to submit annual surveillance data or recurring detections of banned veterinary residues during DG SANTE audits results in immediate removal from Decision 2011/163/EU, halting all national seafood exports to European destinations.","Cross-Cutting & Institutional Governance","Laboratory Testing & Residue Assays","Cross-Cutting & Institutional Governance × Laboratory Testing & Residue Assays","European Commission DG SANTE / EUR-Lex","EU DG SANTE / European Commission","No","None"
"A-EU-009","whole_document","A-EU-009","A","institutional-voids","catch-legality-aquaculture","A,A,A,A,A,A",179,"Title: Commission Implementing Regulation (EU) 2021/404 - Lists of Authorized Third Countries for Animal & Marine Entry
URL: https://eur-lex.europa.eu/legal-content/EN/TXT/?uri=CELEX:32021R0404
Scraped Date: 2026-07-03T16:01:26.553137

OFFICIAL JOURNAL OF THE EUROPEAN UNION
COMMISSION IMPLEMENTING REGULATION (EU) 2021/404
laying down the lists of third countries, territories or zones thereof from which the entry into the Union of animals, germinal products and products of animal origin is permitted

1. REVISED ANIMAL HEALTH GOVERNANCE:
Complementing the Animal Health Law (Regulation (EU) 2016/429), Regulation (EU) 2021/404 establishes the consolidated lists of authorized non-EU jurisdictions permitted to ship live animals, fishery products, and bivalve molluscs into the Union market.

2. SPECIFIC CONDITIONS FOR INDIAN SEAFOOD:
India is listed under Annex XXI for fishery products and aquaculture crustaceans. Entry is contingent upon verified absence of listed transboundary epizootic diseases (such as White Spot Syndrome Virus WSSV in shrimp) and strict certification by Indian official veterinarians operating under EIC oversight.

3. MODEL HEALTH CERTIFICATE LINKAGE:
Consignments originating from jurisdictions listed in Regulation 2021/404 must be accompanied by standardized TRACES health certificates verifying both animal health freedom and public hygiene compliance.","Cross-Cutting & Institutional Governance","Facility Audit & Hygiene Standards","Cross-Cutting & Institutional Governance × Facility Audit & Hygiene Standards","European Commission DG SANTE / EUR-Lex","EU DG SANTE / European Commission","No","None"
"A-EU-010","whole_document","A-EU-010","A","institutional-voids","residue-and-mrl","A,A,A,A,A,A",176,"Title: Commission Implementing Regulation (EU) 2021/808 - Performance Criteria for Veterinary Residue Analytical Testing
URL: https://eur-lex.europa.eu/legal-content/EN/TXT/?uri=CELEX:32021R0808
Scraped Date: 2026-07-03T16:01:27.038118

OFFICIAL JOURNAL OF THE EUROPEAN UNION
COMMISSION IMPLEMENTING REGULATION (EU) 2021/808
on the performance of analytical methods for residues of pharmacologically active substances used in food-producing animals and on the interpretation of results

1. STATUTORY REPLACEMENT OF DECISION 2002/657/EC:
Regulation (EU) 2021/808 updates European standards for testing veterinary drug residues in aquaculture and livestock products, establishing rigorous analytical performance criteria for official control laboratories worldwide.

2. DECISION LIMIT (CCalpha) & DETECTION CAPABILITY (CCbeta):
To prevent false-positive or false-negative rejections at EU border control posts, Indian EIC and MPEDA Pre-Harvest Test (PHT) laboratories must calibrate LC-MS/MS instruments to meet statutory CCalpha decision limits. For banned zero-tolerance antibiotics (such as chloramphenicol and nitrofuran metabolites AOZ/AMOZ), detection capability must reach Minimum Required Performance Limits (MRPL) of 0.3 ppb or lower.

3. MANDATORY ACCREDITATION & PROFICIENCY TESTING:
Laboratories certifying Indian marine exports must hold ISO/IEC 17025 accreditation and successfully participate in international proficiency testing schemes evaluated against Regulation 2021/808 calibration curves.","Cross-Cutting & Institutional Governance","Laboratory Testing & Residue Assays","Cross-Cutting & Institutional Governance × Laboratory Testing & Residue Assays","European Commission DG SANTE / EUR-Lex","EU DG SANTE / European Commission","No","None"
"A-EU-011","whole_document","A-EU-011","A","institutional-voids","catch-legality-aquaculture","A,A,A,A,A,A",153,"Title: Commission Implementing Regulation (EU) 2019/2090 - Illegal, Unreported and Unregulated (IUU) Catch Validation
URL: https://eur-lex.europa.eu/legal-content/EN/TXT/?uri=CELEX:32019R2090
Scraped Date: 2026-07-03T16:01:27.545446

OFFICIAL JOURNAL OF THE EUROPEAN UNION
COMMISSION IMPLEMENTING REGULATION (EU) 2019/2090
concerning rules for the application of Regulation (EC) No 1005/2008 regarding catch certification and IUU vessel identification

1. ENFORCEMENT OF CATCH CERTIFICATE VALIDATION:
Operationalizing the EU IUU Regulation, Regulation 2019/2090 mandates rigorous verification of Catch Certificates by EU customs authorities before clearing wild-caught marine seafood imports.

2. DIGITAL VERIFICATION OF FLAG STATE AUTHORITY:
For Indian marine exporters handling wild-caught shrimp, squid, or cephalopods, MPEDA must issue validated Catch Certificates verifying fishing gear legality, vessel registration in national logbooks, and exclusion from global IUU vessel lists.

3. MUTUAL ASSISTANCE & BORDER INVESTIGATIONS:
Where EU border inspectors suspect catch misdeclaration or transshipment fraud, Article 15 authorizes suspension of release while formal verification requests are transmitted to the Indian Ministry of Agriculture and MPEDA fisheries directorate.","Cross-Cutting & Institutional Governance","Facility Audit & Hygiene Standards","Cross-Cutting & Institutional Governance × Facility Audit & Hygiene Standards","European Commission DG SANTE / EUR-Lex","EU DG SANTE / European Commission","No","None"
"A-EU-013","whole_document","A-EU-013","A","institutional-voids","residue-and-mrl","A,A,A,A,A,A",241,"Title: Commission Regulation (EU) 2023/915 - Maximum Levels for Contaminants in Food
URL: https://eur-lex.europa.eu/legal-content/EN/TXT/?uri=CELEX:32023R0915
Scraped Date: 2026-07-10T11:45:00.000000

OFFICIAL JOURNAL OF THE EUROPEAN UNION
COMMISSION REGULATION (EU) 2023/915
of 25 April 2023 on maximum levels for certain contaminants in food and repealing Regulation (EC) No 1881/2006

1. STATUTORY MANDATE FOR CONTAMINANT CEILINGS:
Establishing strict maximum allowable limits for heavy metals, mycotoxins, plant toxins, organic pollutants, and processing contaminants across foodstuffs commercialized within the European Union. Foodstuffs exceeding these ceilings under Article 2 shall not be placed on the market nor mixed with compliant consignments.

2. SPECIFIC THRESHOLDS FOR INDIAN SPICES & HERBS (AFLATOXINS & OCHRATOXIN A):
Annex I establishes stringent contaminant thresholds directly impacting Indian agricultural export consignments:
- Aflatoxin B1: Maximum limit of 5.0 µg/kg for Capsicum spp. (Chilli), Piper spp. (Black/White pepper), Myristica fragrans (Nutmeg), Zingiber officinale (Ginger), and Curcuma longa (Turmeric). Total Aflatoxins (B1 + B2 + G1 + G2) capped at 10.0 µg/kg.
- Ochratoxin A (OTA): Maximum limit of 15.0 µg/kg for dried spices including chilli peppers, Piper nigrum, and nutmeg.
- Ethylene Oxide (ETO): Maximum residue limit maintained strictly at the limit of quantification (0.05 mg/kg for spices) prohibiting chemical fumigation sterilization.

3. MANDATORY SCREENING & HPLC PROTOCOLS:
Exporters and pre-shipment inspection laboratories (Spices Board Quality Evaluation Laboratories) must conduct accredited HPLC screening with fluorescence detection or LC-MS/MS verification prior to container stuffing. Non-compliant batches trigger border rejection and rapid alert notifications under Regulation (EU) 2017/625.","Cross-Cutting & Institutional Governance","Laboratory Testing & Residue Assays","Cross-Cutting & Institutional Governance × Laboratory Testing & Residue Assays","European Commission DG SANTE / EUR-Lex","EU DG SANTE / European Commission","No","None"
"A-EU-014","whole_document","A-EU-014","A","institutional-voids","land-use-geolocation","A,A,A,A,A,A",232,"Title: Regulation (EC) No 178/2002 - General Food Law, Traceability & RASFF Statutory Mandate
URL: https://eur-lex.europa.eu/legal-content/EN/TXT/?uri=CELEX:32002R0178
Scraped Date: 2026-07-10T11:45:00.000000

OFFICIAL JOURNAL OF THE EUROPEAN UNION
REGULATION (EC) No 178/2002 OF THE EUROPEAN PARLIAMENT AND OF THE COUNCIL
laying down the general principles and requirements of food law, establishing the European Food Safety Authority and laying down procedures in matters of food safety

1. STATUTORY FRAMEWORK OF EU GENERAL FOOD LAW:
Article 14 establishes the overarching food safety requirement: food shall not be placed on the market if it is unsafe, injurious to health, or unfit for human consumption. This foundational statute governs both domestic EU production and all third-party agricultural exports destined for European border control posts.

2. MANDATORY TRACEABILITY PROTOCOL (ARTICLE 18):
Article 18 mandates comprehensive 'one-step-back, one-step-forward' traceability across all stages of production, processing, and distribution. Indian export houses supplying EU buyers must maintain verifiable digital records identifying every farm, intermediary collector, and raw material batch contributing to each finished shipment.

3. RAPID ALERT SYSTEM FOR FOOD AND FEED (RASFF - ARTICLE 50):
Article 50 establishes the statutory framework for the Rapid Alert System for Food and Feed (RASFF). Upon detection of serious health risks at border control posts—such as Ethylene Oxide, Salmonella, or unauthorized agrochemicals—member state authorities immediately broadcast border rejection notifications across the EU network, triggering consignment holds, re-dispatch, or mandatory destruction under Article 19 product recall duties.","Cross-Cutting & Institutional Governance","Facility Audit & Hygiene Standards","Cross-Cutting & Institutional Governance × Facility Audit & Hygiene Standards","European Commission DG SANTE / EUR-Lex","EU DG SANTE / European Commission","No","None"
"A-EU-015","whole_document","A-EU-015","A","institutional-voids","not-applicable","A,A,A,A,A,A",227,"Title: Commission Implementing Regulation (EU) 2020/2235 - Model Official Health Certificates & TRACES NT Endorsement
URL: https://eur-lex.europa.eu/legal-content/EN/TXT/?uri=CELEX:32020R2235
Scraped Date: 2026-07-10T11:45:00.000000

OFFICIAL JOURNAL OF THE EUROPEAN UNION
COMMISSION IMPLEMENTING REGULATION (EU) 2020/2235
laying down rules for the application of Regulations (EU) 2016/429 and (EU) 2017/625 regarding model animal health certificates, model official certificates and model animal and public health certificates for the entry into the Union

1. HARMONIZED MODEL OFFICIAL CERTIFICATES FOR ENTRY INTO THE UNION:
Establishing mandatory standardized templates and official health certificates required for consignments of food, feed, and products of animal origin entering the European Union from third countries, ensuring strict alignment with Regulation (EU) 2017/625 official control rules.

2. MANDATORY TRACES NT ELECTRONIC CERTIFICATION:
All export health certificates accompanying consignments from India must be generated and officially endorsed through the European Commission's Trade Control and Expert System NT (TRACES NT). Competent authorities in India (such as EIC or Export Inspection Agencies) must digitally sign or physically validate the standardized Part I (consignment description) and Part II (public/health attestation) sections.

3. INTEGRITY & PRE-SHIPMENT ATTESTATION RULES:
Article 5 specifies rigorous certification validity conditions: official certificates must be issued before the consignment leaves the control of the competent authority in India, must accompany the shipment to the EU Border Control Post (BCP), and must match exactly the container seal numbers and batch codes verified during sampling.","Cross-Cutting & Institutional Governance","Facility Audit & Hygiene Standards","Cross-Cutting & Institutional Governance × Facility Audit & Hygiene Standards","European Commission DG SANTE / EUR-Lex","EU DG SANTE / European Commission","Yes","TRACES-NT"
"A-EUMOFA-001","whole_document","A-EUMOFA-001","A","institutional-voids","catch-legality-aquaculture","A,A,A,A,A,A",185,"Title: EUMOFA European Market Observatory for Fisheries and Aquaculture - Price Report & Import Trends
Source: EUMOFA (European Commission Directorate-General for Maritime Affairs and Fisheries DG MARE)
URL: https://www.eumofa.eu/market-analysis
Scraped Date: 2026-07-03T16:35:28.144822

EUROPEAN COMMISSION / DIRECTORATE-GENERAL FOR MARITIME AFFAIRS AND FISHERIES (DG MARE)
EUROPEAN MARKET OBSERVATORY FOR FISHERIES AND AQUACULTURE PRODUCTS (EUMOFA)
MONTHLY HIGHLIGHTS & ANNUAL EUROPEAN PRICE REPORT: COMMODITY ANALYSIS FOR WARMWATER SHRIMP & CEPHALOPODS

1. MARKET SHARE & IMPORT VOLUMES FOR INDIAN AQUACULTURE:
India remains the single largest supplier of frozen Penaeus vannamei warmwater shrimp to the European Union market, accounting for over 22% of total extra-EU imports by volume (MT).

2. PRICE REALIZATION VS. SPS COMPLIANCE COSTS:
EUMOFA analytical pricing grids indicate that Indian shrimp trades at an average import unit price of 6.45 EUR/kg CIF. Consignments backed by certified antibiotic-free Pre-Harvest Test (PHT) dossiers command a 0.40 to 0.65 EUR/kg price premium over uncertified spot market entries.

3. IMPACT OF RASFF REJECTIONS ON SPOT PRICING:
Temporary border testing intensifications under Regulation (EU) 2019/1793 directly increase demurrage and laboratory retention costs at Rotterdam and Antwerp ports, eroding net exporter margins by 8-12%.","Cross-Cutting & Institutional Governance","Facility Audit & Hygiene Standards","Cross-Cutting & Institutional Governance × Facility Audit & Hygiene Standards","EUMOFA (European Commission Directorate-General for Maritime Affairs and Fisheries DG MARE)","EU DG SANTE / European Commission","No","None"
"A-EUMOFA-002","whole_document","A-EUMOFA-002","A","institutional-voids","catch-legality-aquaculture","A,A,A,A,A,A",141,"EUROPEAN COMMISSION / DG MARE / EUMOFA PUBLICATIONS
COMPREHENSIVE MARKET STUDY: THE EUROPEAN MARKET FOR WARMWATER SHRIMP (LITOPENAEUS VANNAMEI & PENAEUS MONODON)

1. SUPPLY CHAIN COST DYNAMICS & VALUE DISTRIBUTION:
Analysis of the Indian aquaculture export corridor reveals that raw material procurement accounts for 62% of final FOB export value. Mandatory compliance testing (antibiotic screening, microbiology, heavy metals) contributes 3.8% to total processing overhead.

2. GSP+ TARIFF PREFERENCES & COMPLIANCE BARRIERS:
Indian shrimp exports enter under standard GSP tariff rates (4.2%). However, non-tariff phytosanitary barriers—specifically the 20% border physical testing mandate under Regulation 2019/1793—impose an average working capital lock-up of 14 days per container at EU entry ports.

3. STRATEGIC POSITIONING AGAINST LATIN AMERICAN COMPETITORS:
While Ecuador competes on industrial scale and zero-antibiotic extensive farming practices, India maintains competitive advantage in value-added peeled, deveined, and individually quick frozen (IQF) consumer packs.","Cross-Cutting & Institutional Governance","Facility Audit & Hygiene Standards","Cross-Cutting & Institutional Governance × Facility Audit & Hygiene Standards","EUMOFA (European Commission DG MARE)","EU DG SANTE / European Commission","No","None"
"A-SANTE-001","whole_document","A-SANTE-001","A","institutional-voids","catch-legality-aquaculture","A,A,A,A,A,A",173,"EUROPEAN COMMISSION / DIRECTORATE-GENERAL FOR HEALTH AND FOOD SAFETY (DG SANTE)
FINAL REPORT OF AN AUDIT CARRIED OUT IN INDIA FROM 15 TO 26 JANUARY 2024
IN ORDER TO EVALUATE THE CONTROL SYSTEMS GOVERNING THE PRODUCTION AND PLACING ON THE MARKET OF FISHERY PRODUCTS INTENDED FOR EXPORT TO THE EUROPEAN UNION

1. OVERALL EVALUATION OF COMPETENT AUTHORITIES (EIC & MPEDA):
The system of official controls organized by the Export Inspection Council (EIC) and supported by MPEDA provides comprehensive pre-shipment inspection guarantees. However, deficiencies were observed in the oversight of independent ice manufacturing units and unannounced sampling frequencies at aquaculture hatcheries.

2. LABORATORY ANALYTICAL VALIDATION & PROFICIENCY TESTING:
Official NABL-accredited laboratories operating under EIC oversight demonstrate acceptable analytical performance for veterinary drug residue screening (LC-MS/MS). Calibration curves meet Decision Limit (CCalpha) thresholds established under Regulation (EU) 2021/808.

3. RECOMMENDATIONS TO THE INDIAN COMPETENT AUTHORITY:
DG SANTE recommends immediate tightening of Pre-Harvest Testing (PHT) sampling procedures to prevent sample substitution at farm sites, alongside mandatory integration of GPS farm plot polygons into TRACES health certificates.","Cross-Cutting & Institutional Governance","Facility Audit & Hygiene Standards","Cross-Cutting & Institutional Governance × Facility Audit & Hygiene Standards","European Commission Directorate-General for Health and Food Safety (DG SANTE Audit Reports)","EU DG SANTE / European Commission","No","None"
"A-FSSAI-002","whole_document","A-FSSAI-002","A","institutional-voids","facility-and-process","A,A,A,A,A,A",256,"Title: Food Safety Auditing Regulations, 2018 - Statutory Recognition of Third-Party Auditing Agencies
URL: https://www.fssai.gov.in/cms/third-party-audit.php
Scraped Date: 2026-07-03T12:06:24.679835

FOOD SAFETY AND STANDARDS AUTHORITY OF INDIA (FSSAI)
FOOD SAFETY AND STANDARDS (FOOD SAFETY AUDITING) REGULATIONS, 2018
RECOGNITION & GOVERNANCE OF THIRD-PARTY FOOD SAFETY AUDITING AGENCIES (HACCP / BRCGS / FSSC 22000)

1. PURPOSE & THIRD-PARTY VERIFICATION LOGIC:
To strengthen the domestic and export food safety verification mechanism, FSSAI notified the Food Safety Auditing Regulations, 2018 under Section 44 of the Act. These regulations formally recognize independent third-party auditing agencies accredited under ISO/IEC 17065 to conduct regulatory food safety audits of high-risk food manufacturing and processing businesses.

2. ELIGIBLE SCHEMES & GLOBAL STANDARDS BENCHMARKING:
Recognized third-party auditing agencies evaluated by FSSAI are empowered to verify process certifications listed in international food safety standards:
- GFSI Benchmarked Schemes: FSSC 22000 (Food Safety System Certification), BRCGS Global Standard for Food Safety, and IFS Food Standard.
- Core Hazard Management: ISO 22000:2018 and Codex Alimentarius HACCP guidelines.

3. IMPACT ON STATUTORY LICENSING & INSPECTION FREQUENCY:
Food Business Operators holding valid third-party audit certificates (HACCP / FSSC 22000) issued by FSSAI-recognized auditing agencies receive risk-based classification benefits:
- Exemption from routine government regulatory inspections (except in cases of consumer complaints or food safety emergencies).
- Expedited processing of FSSAI Central License renewals and export manufacturing endorsements.

4. AUDIT REPORTING & TRACKING:
Auditing agencies must upload comprehensive audit reports directly to the Food Safety Compliance System (FoSCoS) portal within 15 days of audit completion, grading FBO compliance as Satisfactory, Needs Improvement, or Non-Compliant.","Cross-Cutting & Institutional Governance","Facility Audit & Hygiene Standards","Cross-Cutting & Institutional Governance × Facility Audit & Hygiene Standards","FSSAI Food Safety and Standards Authority of India Ministry of Health","FSSAI (Food Safety Authority of India)","Yes","FoSCoS"
"A-FSSAI-003","whole_document","A-FSSAI-003","A","institutional-voids","facility-and-process","A,A,A,A,A,A",195,"Title: FoSCoS Central Licensing Procedures & Compliance Mandates for 100% Export Oriented Units (EOUs)
URL: https://foscos.fssai.gov.in/
Scraped Date: 2026-07-03T12:06:24.882598

FOOD SAFETY AND STANDARDS AUTHORITY OF INDIA (FSSAI)
FoSCoS CENTRAL LICENSING OPERATIONAL SOP FOR 100% EXPORT ORIENTED UNITS (EOUs)

1. MANDATORY CENTRAL LICENSING FOR EXPORT PROCESSORS:
Under Regulation 2.1.2 of FSSAI Licensing Regulations, all 100% Export Oriented Units (EOUs), processing plants located in Special Economic Zones (SEZs), and food business operators exporting value-added agricultural or marine products must obtain an FSSAI Central License from the Food Safety Compliance System (FoSCoS) portal.

2. INTEGRATION WITH EXPORT-IMPORT (EXIM) GOVERNANCE:
The FSSAI Central License is digitally integrated with the Directorate General of Foreign Trade (DGFT) Importer-Exporter Code (IEC) and Indian Customs ICEGATE platform. Processing units cannot execute shipping bills or export manifests without a verified, active 14-digit FSSAI Central License number.

3. MANDATORY DOCUMENTATION FOR EXPORT LICENSE ISSUANCE:
Exporters applying for Central Licensing must upload verifiable proof of third-party process verification:
- Comprehensive Food Safety Management System (FSMS) plan or active HACCP / ISO 22000 certificate.
- Water analysis report from NABL accredited laboratory verifying potable standard IS 10500.
- Annual export turnover declarations and commodity-specific manufacturing layout blueprints.","Cross-Cutting & Institutional Governance","Facility Audit & Hygiene Standards","Cross-Cutting & Institutional Governance × Facility Audit & Hygiene Standards","FSSAI Food Safety and Standards Authority of India Ministry of Health","FSSAI (Food Safety Authority of India)","Yes","FoSCoS, ICEGATE"
"A-FSSAI-004","whole_document","A-FSSAI-004","A","inductive-other","facility-and-process","A,A,A,A,A,A",198,"Title: FSSAI Export Regulatory Cooperation Framework with APEDA, MPEDA, and Export Inspection Council
URL: https://www.fssai.gov.in/
Scraped Date: 2026-07-03T12:06:25.051522

FOOD SAFETY AND STANDARDS AUTHORITY OF INDIA (FSSAI)
INTER-AGENCY REGULATORY COOPERATION FRAMEWORK FOR AGRI-FOOD EXPORTS

1. HARMONIZATION OF DOMESTIC & EXPORT STANDARDS:
To eliminate regulatory duplication for Indian food manufacturers and exporters, FSSAI coordinates technical standard-setting with commodity export promotion boards—specifically APEDA (Agricultural and Processed Food Products Export Development Authority), MPEDA (Marine Products Export Development Authority), and EIC (Export Inspection Council).

2. MUTUAL RECOGNITION OF INSPECTION & TESTING:
Under joint office memorandums, processing establishments holding valid EIC Export Inspection Agency (EIA) approval or operating under APEDA TraceNet / MPEDA PHT surveillance are granted streamlined recognition under FSSAI licensing:
- Analytical test reports generated by Spices Board QEL, MPEDA QCL, or EIA laboratories are recognized by FSSAI for statutory compliance.
- Third-party HACCP and FSSC 22000 certifications verified during APEDA value-added plant registration fulfill FSSAI Schedule 4 FSMS audit requirements.

3. CODEX ALIMENTARIUS & WTO SPS ALIGNMENT:
As the National Codex Contact Point (NCCP) for India, FSSAI aligns domestic food product standards with Codex Alimentarius benchmarks, ensuring Indian processed food exports satisfy World Trade Organization (WTO) Sanitary and Phytosanitary (SPS) agreements.","Cross-Cutting & Institutional Governance","Facility Audit & Hygiene Standards","Cross-Cutting & Institutional Governance × Facility Audit & Hygiene Standards","FSSAI Food Safety and Standards Authority of India Ministry of Health","FSSAI (Food Safety Authority of India)","Yes","TraceNet"
"A-FSSAI-005","whole_document","A-FSSAI-005","A","institutional-voids","residue-and-mrl","A,A,A,A,A,A",196,"Title: FSSAI Manual of Methods of Analysis & Laboratory Recognition Scheme for Processed Food Contaminants
URL: https://www.fssai.gov.in/cms/manuals-of-methods-of-analysis.php
Scraped Date: 2026-07-03T12:06:25.215398

FOOD SAFETY AND STANDARDS AUTHORITY OF INDIA (FSSAI)
MANUAL OF METHODS OF ANALYSIS OF FOOD: METALS, PESTICIDE RESIDUES, AND MYCOTOXINS

1. STATUTORY TESTING & REFERRAL LABORATORY NETWORK:
Under Sections 40 and 43 of the Act, FSSAI notifies a tier-based network of primary testing laboratories, referral laboratories, and national reference laboratories accredited by NABL (ISO/IEC 17025) to perform regulatory compliance testing on processed foods and value-added exports.

2. INSTRUMENTAL VALIDATION PROTOCOLS FOR VALUE-ADDED FOODS:
The official manual prescribes standardized instrumental methods for detecting trace chemical contaminants in ready-to-eat and processed food categories:
- Aflatoxins (B1, B2, G1, G2, and M1) and Ochratoxin A via High-Performance Liquid Chromatography (HPLC) with fluorescence detection and immunoaffinity column cleanup.
- Multi-residue pesticide monitoring via GC-MS/MS and LC-MS/MS covering over 250 agricultural chemicals.
- Heavy metal contamination (Arsenic, Cadmium, Lead, Mercury) via Inductively Coupled Plasma Mass Spectrometry (ICP-MS).

3. QUALITY ASSURANCE & PROFICIENCY TESTING:
Recognized food testing laboratories must participate in mandatory national proficiency testing (PT) rounds and maintain strict chain-of-custody protocols for statutory counter-samples drawn during export or domestic regulatory audits.","Cross-Cutting & Institutional Governance","Laboratory Testing & Residue Assays","Cross-Cutting & Institutional Governance × Laboratory Testing & Residue Assays","FSSAI Food Safety and Standards Authority of India Ministry of Health","FSSAI (Food Safety Authority of India)","No","None"
"A-GAZ-001","whole_document","A-GAZ-001","A","institutional-voids","facility-and-process","A,A,A,A,A,A",176,"Title: Gazette Notification S.O. 497(E) - Mandatory Quality Control and Inspection of Spices and Condiments
Source: Gazette of India (Department of Publication / NIC)
URL: https://egazette.nic.in/
Scraped Date: 2026-07-03T16:11:24.215296

THE GAZETTE OF INDIA : EXTRAORDINARY
MINISTRY OF COMMERCE / ORDER
Notification S.O. 497(E) under Section 6 of the Export (Quality Control and Inspection) Act, 1963

1. MANDATORY EXPORT CERTIFICATION FOR SPICES:
In exercise of powers conferred by Section 6 of the Export Act 1963, the Central Government hereby notifies that black pepper, cardamom, chilli, ginger, turmeric, cumin, fennel, and coriander shall be subject to mandatory quality control and inspection prior to export from India.

2. SPECIFIED QUALITY STANDARDS:
Consignments must conform to official AGMARK specifications or recognized contractual standards agreed between Indian exporters and foreign buyers, provided such parameters do not fall below statutory health limits.

3. PRE-SHIPMENT SAMPLING PROCEDURE:
Export Inspection Agencies (EIAs) or Spices Board laboratories shall draw representative samples from packed export lots. Customs authorities shall not allow loading of vessels unless the shipping bill is endorsed with a valid Certificate of Inspection.","Cross-Cutting & Institutional Governance","Facility Audit & Hygiene Standards","Cross-Cutting & Institutional Governance × Facility Audit & Hygiene Standards","Gazette of India (Department of Publication / NIC)","General Statutory & State Gazette","No","None"
"A-GAZ-002","whole_document","A-GAZ-002","A","institutional-voids","catch-legality-aquaculture","A,A,A,A,A,A",185,"Title: Gazette Notification S.O. 4031(E) - Export Inspection and Health Certification for Marine Products
Source: Gazette of India (Department of Publication / NIC)
URL: https://egazette.nic.in/
Scraped Date: 2026-07-03T16:11:24.256018

THE GAZETTE OF INDIA : EXTRAORDINARY
MINISTRY OF COMMERCE AND INDUSTRY / ORDER
Notification S.O. 4031(E) under Section 6 of the Export (Quality Control and Inspection) Act, 1963

1. NOTIFICATION OF MARINE PRODUCTS EXPORT INSPECTION:
The Central Government notifies fresh, frozen, canned, and processed marine products (including aquaculture shrimp and cephalopods) for mandatory quality inspection and health certification prior to export to international destinations including the European Union and the United States.

2. THREE-TIER COMPLIANCE MECHANISM:
Exporters may operate under one of three statutory certification modes:
(a) Consignment-wise inspection by EIA officers;
(b) In-Process Quality Control (IPQC) for approved facilities;
(c) Food Safety Management System based on HACCP principles approved by the Inter-Departmental Panel (IDP).

3. ISSUANCE OF HEALTH CERTIFICATES:
Every shipment destined for the EU must be accompanied by an official Health Certificate signed by an authorized veterinarian/officer of the Export Inspection Agency, validating cold-chain maintenance at -18 degrees Celsius and absence of prohibited antibiotic residues.","Cross-Cutting & Institutional Governance","Facility Audit & Hygiene Standards","Cross-Cutting & Institutional Governance × Facility Audit & Hygiene Standards","Gazette of India (Department of Publication / NIC)","General Statutory & State Gazette","No","None"
"A-GAZ-003","whole_document","A-GAZ-003","A","institutional-voids","residue-and-mrl","A,A,A,A,A,A",160,"Title: Gazette Notification S.O. 4032(E) - Inter-Departmental Panel Inspection & Sampling Frequencies
Source: Gazette of India (Department of Publication / NIC)
URL: https://egazette.nic.in/
Scraped Date: 2026-07-03T16:11:24.299923

THE GAZETTE OF INDIA : EXTRAORDINARY
MINISTRY OF COMMERCE AND INDUSTRY / NOTIFICATION
Notification S.O. 4032(E)

1. CONSTITUTION OF INTER-DEPARTMENTAL PANEL (IDP):
The Central Government establishes rules for periodic auditing of approved food and marine processing establishments by an Inter-Departmental Panel consisting of representatives from EIC, MPEDA/APEDA, and specialized food technologists.

2. SURVEILLANCE & SAMPLING FREQUENCY:
Approved processing facilities are subjected to supervisory visits at least once every month. EIA monitoring officers draw random product swabs, water samples, and ice samples for microbiological assessment (Salmonella, Vibrio cholerae, E. coli) and heavy metal screening.

3. SUSPENSION OR WITHDRAWAL OF APPROVAL:
Where surveillance audits reveal critical hygiene non-conformities, failure of chlorination systems, or detection of banned pharmacologically active substances, the EIA shall immediately suspend facility approval number and notify customs gateways to freeze shipping bill processing.","Cross-Cutting & Institutional Governance","Laboratory Testing & Residue Assays","Cross-Cutting & Institutional Governance × Laboratory Testing & Residue Assays","Gazette of India (Department of Publication / NIC)","General Statutory & State Gazette","No","None"
"A-INDIA-001","whole_document","A-INDIA-001","A","institutional-voids","facility-and-process","A,A,A,A,A,A",226,"Title: Export (Quality Control and Inspection) Act, 1963 (Act No. 22 of 1963)
Source: India Code (National Informatics Centre)
URL: https://www.indiacode.nic.in/handle/123456789/1546
Scraped Date: 2026-07-03T16:11:22.212823

GOVERNMENT OF INDIA / MINISTRY OF LAW AND JUSTICE
THE EXPORT (QUALITY CONTROL AND INSPECTION) ACT, 1963 (ACT NO. 22 OF 1963)
An Act to provide for the sound development of the export trade of India through quality control and inspection and for matters connected therewith.

1. CONSTITUTION OF EXPORT INSPECTION COUNCIL (SECTION 3):
The Central Government establishes the Export Inspection Council (EIC) to advise on measures for the enforcement of quality control and inspection in relation to commodities intended for export.

2. POWERS OF CENTRAL GOVERNMENT TO NOTIFY COMMODITIES (SECTION 6):
Where the Central Government thinks it necessary or expedient for the development of export trade, it may by notification in the Official Gazette:
(a) notify commodities that shall be subject to quality control or inspection prior to export;
(b) specify the type of quality control or inspection;
(c) prohibit the export of notified commodities unless accompanied by a certificate issued by an Export Inspection Agency (EIA).

3. PENALTIES FOR CONTRAVENTION (SECTION 11):
Any person who exports or attempts to export any notified commodity without satisfying mandatory quality standards or health certification faces rigorous imprisonment up to three years or monetary fines, alongside confiscation of cargo under the Customs Act, 1962.","Cross-Cutting & Institutional Governance","Facility Audit & Hygiene Standards","Cross-Cutting & Institutional Governance × Facility Audit & Hygiene Standards","India Code (National Informatics Centre)","General Statutory & State Gazette","No","None"
"A-INDIA-002","whole_document","A-INDIA-002","A","institutional-voids","not-applicable","A,A,A,A,A,A",159,"Title: Drugs and Cosmetics Act, 1940 (Act No. 23 of 1940)
Source: India Code (National Informatics Centre)
URL: https://www.indiacode.nic.in/handle/123456789/2403
Scraped Date: 2026-07-03T16:11:22.417581

GOVERNMENT OF INDIA / MINISTRY OF LAW AND JUSTICE
THE DRUGS AND COSMETICS ACT, 1940 (ACT NO. 23 OF 1940)

1. STATUTORY INTERSECTION WITH VALUE-ADDED FOODS:
The Drugs and Cosmetics Act establishes regulatory boundaries between conventional processed foods, dietary supplements, and nutraceutical products. Section 3 defines drugs and substances intended for internal or external use in human beings or animals.

2. PROHIBITION OF SUB-STANDARD EXPORTS & IMPORTS (SECTION 10 & 18):
No person shall import, manufacture for sale, or export any misbranded, adulterated, or spurious product. Processing plants manufacturing functional food additives or medicinal spices must maintain validated manufacturing records and conform to pharmacopoeial quality standards.

3. INSPECTION & SAMPLING POWERS:
Statutory inspectors are empowered to enter processing facilities, draw samples of raw materials and finished products, and submit them to government analytical laboratories for compositional verification.","Cross-Cutting & Institutional Governance","Facility Audit & Hygiene Standards","Cross-Cutting & Institutional Governance × Facility Audit & Hygiene Standards","India Code (National Informatics Centre)","General Statutory & State Gazette","No","None"
"A-MPEDA-005","whole_document","A-MPEDA-005","A","institutional-voids","catch-legality-aquaculture","A,A,A,A,A,A",194,"Title: Rpt_Region_Wise_Exporters_New.Aspx
URL: https://e-mpeda.nic.in/registration/Rpt_Region_Wise_Exporters_new.aspx
Scraped Date: 2026-07-03T11:21:26.621498

Online Registration System - MPEDA . The Marine Products Export Development Authority (Ministry of Commerce & Industry, Govt. of India) Region-Wise Exporters as on 03-07-2026 Sl.No. Office Manufacturer Exporter (MT) Merchant Exporter (ME) Route-through Merchant Exporter (RX) Ornamental Fish Exporter (OF) Total 1 RD Kochi 123 59 32 10 224 2 RD Vizag 29 13 4 0 46 3 RD Vijayawada 30 25 10 0 65 4 SRD Bhimavaram 26 28 13 0 67 5 SRD Kakinada 15 7 4 0 26 6 RD Chennai 69 53 3 4 129 7 SRD Tuticorin 46 42 1 0 89 8 RD Mangalore 52 19 1 0 72 9 RD Mumbai 71 74 27 2 174 10 RD Bhubaneswar 25 26 15 0 66 11 RD Kolkata 84 56 16 27 183 12 SRD Guwahati 2 3 0 1 6 13 RD Veraval 82 48 17 0 147 14 SRD Porbandar 38 3 7 0 48 15 TPO New Delhi 1 4 4 0 9 16 SRD Hyderabad 5 10 2 0 17 All Offices 698 470 156 44 1368 03-07-2026:11:21:27 SoftWare Design & Hosting Credits : NIC Lakshadweep","Cross-Cutting & Institutional Governance","Facility Audit & Hygiene Standards","Cross-Cutting & Institutional Governance × Facility Audit & Hygiene Standards","MPEDA Marine Products Export Development Authority","MPEDA (Marine Products Export Authority)","No","None"
"A-MPEDA-006","whole_document","A-MPEDA-006","A","institutional-voids","catch-legality-aquaculture","A,A,A,A,A,A",237,"Title: MPEDA Guidelines & Standard Operating Procedure for Issuance of EU Catch Certificate
URL: https://mpeda.gov.in/catch-certificate/
Scraped Date: 2026-07-03T11:54:45.241903

THE MARINE PRODUCTS EXPORT DEVELOPMENT AUTHORITY (MPEDA)
(Ministry of Commerce & Industry, Government of India)
STANDARD OPERATING PROCEDURE (SOP) FOR ISSUANCE & VALIDATION OF EU CATCH CERTIFICATE

1. LEGAL & REGULATORY MANDATE:
Under Council Regulation (EC) No 1005/2008 establishing a community system to prevent, deter and eliminate Illegal, Unreported and Unregulated (IUU) fishing, marine fishery products imported into the European Union must be accompanied by a validated Catch Certificate. MPEDA is designated by the Government of India as the competent validating authority.

2. TRACEABILITY & FISHING VESSEL VERIFICATION:
Exporters applying for an EU Catch Certificate must upload verifiable landing records linking the raw material to authorized Indian fishing vessels registered with the Real Craft portal / Department of Fisheries.
Key verification parameters include:
- Fishing Vessel Registration Number and Gear Type
- Date and Geographical Area of Catch (FAO Fishing Area 51/57)
- Landing Port and Verification of Logbooks.

3. DIGITAL VALIDATION WORKFLOW:
All applications must be processed online through the MPEDA Catch Certificate portal (e-mpeda.nic.in). Designated MPEDA officers conduct physical and documentation verification at processing plants prior to digital stamping and signature endorsement.

4. RECORD RETENTION & AUDIT:
Exporters and MPEDA regional offices must preserve complete traceability dossiers (landing receipts, transport bills, lot codes) for a minimum period of five years for bilateral European Commission food safety audits.","Cross-Cutting & Institutional Governance","Facility Audit & Hygiene Standards","Cross-Cutting & Institutional Governance × Facility Audit & Hygiene Standards","MPEDA Marine Products Export Development Authority","MPEDA (Marine Products Export Authority)","No","None"
"A-MPEDA-007","whole_document","A-MPEDA-007","A","institutional-voids","catch-legality-aquaculture","A,A,A,A,A,A",219,"Title: MPEDA & NOAA DS-2031 Shrimp Exporter Declaration & Turtle Excluder Device (TED) Compliance Procedure
URL: https://mpeda.gov.in/exporters/
Scraped Date: 2026-07-03T11:54:45.522375

THE MARINE PRODUCTS EXPORT DEVELOPMENT AUTHORITY (MPEDA)
STATUTORY COMPLIANCE PROCEDURE: NOAA FORM DS-2031 EXPORTER DECLARATION FOR USA SHRIMP EXPORTS

1. BACKGROUND & US REGULATORY MANDATE:
Pursuant to Section 609 of United States Public Law 101-162, all shipments of shrimp and shrimp products imported into the United States must be accompanied by the Exporter's / Importer's Declaration (Form DS-2031) issued by the National Oceanic and Atmospheric Administration (NOAA).

2. CERTIFICATION OF AQUACULTURE VS. WILD-CAUGHT SHRIMP:
Since India's wild-caught shrimp trawl fishery faces Section 609 TED restrictions, US customs clearances rely on two distinct certification pathways:
- Aquaculture / Farmed Shrimp (Box 7(A)(2)): Shrimp harvested from aquaculture facilities where sea turtles do not occur. Exporters must attach MPEDA enrollment farm registration certificates and Pre-Harvest Test (PHT) lot codes proving farmed origin.
- Wild-Caught Shrimp harvested using Turtle Excluder Devices (TEDs): Requires explicit endorsement by government-authorized inspection officers certifying that trawlers operated approved TED gear.

3. MANDATORY DOCUMENTATION PACKET:
For every US container shipment, processing plants must submit to MPEDA/EIC:
- Complete DS-2031 Form signed by responsible corporate officer
- Farm Traceability Sheet linking pond enrollment numbers to processing lot codes
- Bill of Lading and Commercial Invoice matching container sealing records.","Cross-Cutting & Institutional Governance","Facility Audit & Hygiene Standards","Cross-Cutting & Institutional Governance × Facility Audit & Hygiene Standards","MPEDA Marine Products Export Development Authority","MPEDA (Marine Products Export Authority)","No","None"
"A-MPEDA-008","whole_document","A-MPEDA-008","A","institutional-voids","residue-and-mrl","A,A,A,A,A,A",214,"Title: MPEDA Pre-Harvest Test (PHT) Online Guidelines for Antibiotic Residue Monitoring in Aquaculture Shrimp
URL: https://pht.mpeda.gov.in/
Scraped Date: 2026-07-03T11:54:45.650765

THE MARINE PRODUCTS EXPORT DEVELOPMENT AUTHORITY (MPEDA)
PRE-HARVEST TEST (PHT) SYSTEM MANUAL FOR ANTIBIOTIC RESIDUE MONITORING IN AQUACULTURE

1. OBJECTIVE:
To eliminate zero-tolerance banned antibiotic residues (specifically Chloramphenicol and Nitrofuran metabolites AOZ, AMOZ, AHD, SEM) in farmed shrimp (Litopenaeus vannamei and Penaeus monodon) exported to the European Union, United States, and Japan.

2. PRE-HARVEST SAMPLING PROTOCOL:
Mandatory sampling must occur prior to harvest at enrolled aquaculture farms.
- Sampling is executed by MPEDA / NaCSA authorized sample collectors or ELISA screening laboratories.
- Samples must be drawn strictly within 10 to 15 days prior to the scheduled harvest date.
- A composite sample of 500 grams must be sealed in tamper-evident sample bags with unique barcoded PHT tags.

3. ANALYTICAL TESTING STANDARDS:
Screening is performed at MPEDA Quality Control Laboratories (QCL) using Liquid Chromatography-Tandem Mass Spectrometry (LC-MS/MS) achieving Minimum Required Performance Limits (MRPL) of 0.3 ppb for Chloramphenicol and 1.0 ppb for Nitrofurans.

4. ONLINE PHT CERTIFICATE ISSUANCE & TRACEABILITY:
Upon achieving 'Negative / Undetected' analytical clearance, the online PHT certificate is automatically generated in the e-MPEDA portal. Processing plants are strictly prohibited from receiving farm shrimp lots lacking a valid barcoded PHT clearance certificate.","Cross-Cutting & Institutional Governance","Laboratory Testing & Residue Assays","Cross-Cutting & Institutional Governance × Laboratory Testing & Residue Assays","MPEDA Marine Products Export Development Authority","MPEDA (Marine Products Export Authority)","No","None"
"A-ZED-001","whole_document","A-ZED-001","A","inductive-other","residue-and-mrl","A,A,A,A,A,A",156,"Title: MSME Sustainable (ZED) Certification Scheme Guidelines for Food Processing Enterprises
URL: https://zed.msme.gov.in/
Scraped Date: 2026-07-03T13:53:15.716045

MINISTRY OF MICRO, SMALL & MEDIUM ENTERPRISES (MSME)
GUIDELINES ON MSME SUSTAINABLE (ZED - ZERO DEFECT ZERO EFFECT) CERTIFICATION SCHEME

1. SCHEME PURPOSE & ZERO DEFECT ZERO EFFECT MANDATE:
Notified by the Ministry of MSME, the ZED Certification Scheme encourages micro, small, and medium agricultural and food processing enterprises to upgrade quality standards ('Zero Defect') and environmental sustainability ('Zero Effect').

2. MATURITY LEVELS & FOOD SAFETY SUBSIDIES:
The scheme classifies food processing units into three certification tiers (Bronze, Silver, Gold). Enterprises achieving ZED Gold status receive direct financial subsidies up to 80% (and 90% for women/SC/ST entrepreneurs) covering ISO 22000, HACCP, FSSC 22000, and BRCGS international process certification auditing fees.

3. EXPORT CAPABILITY & MARKET LINKAGE:
ZED certified agri-food processors receive priority grading under APEDA value-added registration schemes and preferential access to international buyer-seller meets organized by Indian missions abroad.","Cross-Cutting & Institutional Governance","Laboratory Testing & Residue Assays","Cross-Cutting & Institutional Governance × Laboratory Testing & Residue Assays","Ministry of MSME (zed.msme.gov.in) / NITI Aayog","Domestic Infrastructure & Capacity (MoFPI/MSME/NITI/CSR)","No","None"
"A-ZED-002","whole_document","A-ZED-002","A","inductive-other","not-applicable","A,A,A,A,A,A",152,"Title: NITI Aayog Strategy Report: Doubling Farmers Income & MSME Export Infrastructure Integration
URL: https://niti.gov.in/
Scraped Date: 2026-07-03T13:53:16.136439

NATIONAL INSTITUTION FOR TRANSFORMING INDIA (NITI AAYOG)
STRATEGIC ROADMAP FOR AGRI-FOOD EXPORTS & MSME CLUSTER DEVELOPMENT

1. STRUCTURAL BOTTLENECKS IN INDIAN AGRI-EXPORTS:
The NITI Aayog policy framework identifies high post-harvest losses and fragmented cold-chain infrastructure as primary constraints limiting Indian spices, marine products, and processed foods from achieving full export potential.

2. CLUSTER-BASED EXPORT INTEGRATION:
To achieve global competitiveness, NITI Aayog mandates the alignment of Ministry of Food Processing Industries (MoFPI) Mega Food Parks with APEDA/MPEDA export hubs. MSME processing clusters are integrated with accredited common testing laboratories (NABL/EIC) to lower compliance testing costs for small food exporters.

3. DIGITAL TRACEABILITY RECOMMENDATIONS:
The report recommends nationwide scaling of blockchain and IoT-based farm-to-shipment traceability architectures—specifically expanding APEDA TraceNet and MPEDA HortiNet/AquaNet models to cover 100% of commercial value-added food exports to the EU and USA.","Cross-Cutting & Institutional Governance","Facility Audit & Hygiene Standards","Cross-Cutting & Institutional Governance × Facility Audit & Hygiene Standards","Ministry of MSME (zed.msme.gov.in) / NITI Aayog","Domestic Infrastructure & Capacity (MoFPI/MSME/NITI/CSR)","Yes","HortiNet, TraceNet"
"A-SPICE-004","whole_document","A-SPICE-004","A","institutional-voids","not-applicable","A,A,A,A,A,A",1113,"--- PAGE 1 ---
> SPICES BOARD WIgaa ate _
(Ministry of Commerce & Industry Govt. of India) blisy Seat Hales, ANT )
2) 1 =} a ey
Meee 4 Sugandha Bhavan armen
Se N.H.By-pass dt. at. st. 2277
er P.B.No. 2277 orenfiaaer ah ait
Palarivattom P.O. . sexi - 682 025, aa
Kochi - 682 025, India
Dated: 18th March 2026
CIRCULAR No.09/2025-26
Sub : Submission of pending Quarterly Export Returns (QER) for 2023
24, 2024-25 & 2025-26 — reg.
This has reference to the subject cited above.
As per Sub Regulation S(9) of the Spices Board (Registration of Exporters)
Regulation, 1989, the certificate holder shall submit quarterly returns
regarding export and import of spices in the prescribed form specified by the
Board from time to time and non-submission of Quarterly Export Returns shall
be treated as a violation of the said regulation.
In this regard it has been observed that Quarterly Export Returns (QERs) have
not been filed by many of the registered exporters of Spices & Spice products
during the period 2023-24, 2024-25 and 2025-26 (upto 34 quarter). The matter
has already been brought to the notice of all the exporters through various
modes including notifications in the Export Support System (ESS), email
communications and WhatsApp messages.
In view of the above, all the registered exporters of spices/spice products are
hereby requested to ensure that the pending export returns for the period
2023-24,2024-25 2025-26 are filed online without fail,
In this regard, it is reiterated that the Board has already implemented an online
system for submission of QER during 2021 vide Circular No.4/2021-22 dated
17.06.2021, wherein exporters can upload their Excel file in the Export Support
System (ESS) of the Board under the tab “Quarterly Returns.” The prescribed
template for submission is available in the portal. The link for submission of
QERs is given below.
https: / /indianspices.org.in/ESS/
It is also mandated that in case there is no export/purchase/import during a
quarter, the exporter shall submit a NIL return to that effect to be filed in the
portal.
Sasa / Email : mail.sboard@gov.in aaqaee / Website : www.indianspices.com

--- PAGE 2 ---
Since the QER module forms part of the Export Support System (ESS) of the
Board, non-submission of Quarterly Returns will restrict access to the ESS
portal. In order to avoid such restriction, exporters who have pending
submissions are requested to file the QERs on or before 15th April 2026.
This circular is issued to bring to the notice of exporters whose Quarterly
Export Returns are pending for submission, in accordance with the above
regulation and to ensure compliance.
Effect: Exporters are hereby informed that non-submission of Quarterly Export
Returns within the stipulated time will be treated as violation of the Spices -
Board (Registration of Exporters) Regulation, 1989 and may invite regulatory
action including restriction of ESS services. The access of ESS will be restricted
with effect from 16t April 2026.
Director (Mktg)

1. All Registered Exporters of Spices & Spice Products

2. All Exporters Association

3. All Regional offices / SRDs of Spices Board - with a request to bring to

the notice of all exporters under their jurisdiction.
4. EDP - With a request to Upload in Board’s website / ESS & send as
Email to all exporters.
(Issued from MKTG/STS/GEN/CIRCULAR/04/2021; Computer No 16541)
//HINDI VERSION FOLLOWS / /

--- PAGE 3 ---
Eg SPICES BOARD migaa ate
(Ministry of Commerce & Industry Govt. of India) (afurg wa SearT Hares, ART GH)
career 3 P.B.No. 2277 Ut. a. a, 227

Palarivattom P.O. Wrenaee Ub. att.

Kochi - 682 025, India spredt - 682 025, HRA

feat : 18 Ard 2026
URGA F.09/2025-26
faa :a¥ 2023-24, 2024-25 3IN 2025-26 & fay aida Ana fata
faaM(Fys) Ht veda — aaa
ae suuieh fawy & Way FA SI
TUSaH Ms (fatatcnt ar voltenxvr) fafraste, 1989 d au fafa 5(9) & qa, WHIT
UF URS Al as ant qaa-aas wx fafee faulRa wos # Herat & fata 3k saa Balta
Tate fraxoh veda axa Sho 3 Aan ferata axoht oeda a axa sen false ar
Sead Aleal STITT |
ga dae Fug Aa seat g fee ay 2023-24, 2024-25 3ix 2025-26 st said (aad a |
(FRI) aaa ae feu ae | fata qatar gone (Svava) F aquest, sta qa
HK aeauy aeeit Bea fasiea areaat S aah ata at se aad HM srerant ved AA
ot AT S|
SUNT HY Corea H Tat EU, Haein Scovel & Uaht dolce featacnt S srepu B fy a
av 2023-24, 2024-25 3ik 2025-26 ci Haft & fav afaa ata Pari aw Par Pah
Ue & Hees F Veda Het Blaha we
ga day A, Ue clexrat stat @ fm aS A uRuz F.04/2021-22 aim 17.06.2021 &
STAR, TT 2021 & chr fare) fraxoht (FYS3R) wea axa & fee wey siterersat yorroht
Uect St AML aA at &, fora aed Patan ats & fata wersar yore (Scava) A ""ars
Rea"" ta & Heels Hoch vA weet TTS HL Ted El eda axa & faw Auta eeude
Ulee UX Suey S) EPS WEda Hea oT fein Ara ar sre |
https://indianspices.org.in/ESS/
Ue aft setae & fee aie feet faaret & ahra as Putaretelsraa ag Sar ¥, at Patan
ol Ulcer A SH HTT HT Yeas (NIL) flaer Wega Hear STI
ales Janeen faaxoh (FAS) Algae aS & fata wersar vont (Scava) ar Rea 2,
SUToy Aa OT eda at ae Uy Svare ves ae ge fae ey area se Ufaay
geet & fer, feta feralcat & eySax veda ate arch %, sae araqdu & fh a 15 ater
2026 UI Sad Ueel RSH Wea Hr |
S-AgeT / Email : mail.sboard@gov.in aaaise / Website : www.indianspices.com

--- PAGE 4 ---
ae URaa 3a ferateent HT Alaa axel & fore at fevar arar & farercht Farfaen ferata fraxur
suNth fafaaaa & HAN Wedd axa & fore ofa &, HR Haque Baya axe a fore aff
ANY fear aay B1
vata: feratcent et Afela feat sat & fer fauthta aaa & sax tase fata fraor weqa
a @Xell, CUISaa as (fAalaat Hr Usitpzr) fafa, 1989 HI sededa Aral avs BN sah
URUTACIED suave Basi ux ufaadu aed fafaaaa areas HF at qadt t) Scvave A
after 16 site 2026 & vfadita wet ars OO
Qie*
Bee cera
1. Aetelt HX Aare Scural & Bal csp feratera ,
2. Bat fatal a Fa
3. Tusa as & att atte arateat/vasmel @ seq % fH a aud Hida aa
& Hasta set art Batt feratacnt at sah quae S|
4. Sart at ats Ar daaisc/Svava Wy sues ata HN Gat fataat wt Saat & wg
HA Hole HT HVT He!
( fauoret/vadiva/sisva /URTT/ 04/2021; AcACX 4.16541 A a","Cross-Cutting & Institutional Governance","Facility Audit & Hygiene Standards","Cross-Cutting & Institutional Governance × Facility Audit & Hygiene Standards","Spices Board Ministry of Commerce & Industry","Spices Board of India","No","None"
"A-SPICE-007","whole_document","A-SPICE-007","A","institutional-voids","not-applicable","A,A,A,A,A,A",233,"Title: Circular No: 05/2025-26 - Export of Spices & Spice Products to UK - Requirement of Official Certificate w.e.f. 1st January 2026
URL: https://indianspices.org.in/ESS/
Scraped Date: 2026-07-03T11:13:00

SPICES BOARD CIRCULAR NO: 05/2025-26
SUBJECT: Requirement of Official Certificate for Export of Spices & Spice Products to United Kingdom (UK) w.e.f. 1st January 2026

1. REGULATORY BACKGROUND:
Pursuant to UK Official Controls (England) Regulations and Food Standards Agency (FSA) enhanced surveillance requirements for high-risk food and feed imported from third countries, new border compliance protocols take effect starting 1st January 2026.

2. OFFICIAL CERTIFICATE MANDATE:
All export consignments of Indian spices and spice products shipped to the United Kingdom on or after 1st January 2026 must be accompanied by an Official Health Certificate issued by competent statutory authorities (Spices Board / Export Inspection Council).

3. MANDATORY TESTING PARAMETERS:
Prior to endorsement of the Official Certificate, consignments must undergo rigorous pre-shipment analytical verification at Spices Board Quality Evaluation Laboratories (QEL) covering:
- Ethylene Oxide (ETO) and 2-Chloroethanol residues (Limit of Quantification compliance)
- Pesticide Residues (UK MRL compliance across multi-residue screens)
- Mycotoxins (Aflatoxin B1 and Total Aflatoxins) and Salmonella spp.

4. IMPLEMENTATION & COMPLIANCE:
Exporters are instructed to submit online applications via the Exporter Service System (ESS) / ICEGATE integrated portal at least 5 working days prior to container stuffing. Consignments lacking the Official Certificate will face mandatory rejection at UK Border Control Posts (BCPs).","Cross-Cutting & Institutional Governance","Facility Audit & Hygiene Standards","Cross-Cutting & Institutional Governance × Facility Audit & Hygiene Standards","Spices Board Ministry of Commerce & Industry","Spices Board of India","Yes","ICEGATE"
"A-SPICE-008","whole_document","A-SPICE-008","A","institutional-voids","residue-and-mrl","A,A,A,A,A,A",197,"Title: Circular on Export of Cumin to EU - Monitoring Mechanism for Testing of Pesticide Residues (PR)
URL: https://indianspices.com/indianspices/sites/default/files/EU_Cumin_Monitoring_Mechanism_PR.pdf
Scraped Date: 2026-07-03T11:11:16.247299

SPICES BOARD CIRCULAR
SUBJECT: Export of Cumin to European Union (EU) - Monitoring Mechanism for Testing of Pesticide Residues (PR)

1. RATIONALE:
Following Rapid Alert System for Food and Feed (RASFF) notifications regarding potential risks associated with pesticide residue non-compliances in Cumin seeds (Cuminum cyminum) exported to European Union member states, Spices Board has instituted a specialized monitoring and testing mechanism.

2. MONITORING REGIME FOR CUMIN EXPORTS:
All registered exporters shipping Cumin (whole, ground, or processed) to the European Union must subject every export lot to mandatory multi-pesticide residue analytical testing prior to customs clearance.

3. ANALYTICAL PARAMETERS & EU MRL STRICTNESS:
Testing must verify strict compliance with EU Default MRLs (Regulation EC No 396/2005 as amended), with specific focus on:
- Chlorpyrifos, Carbendazim, Profenofos, Thiamethoxam, Triazophos, and Acetamiprid
- Ethylene Oxide (ETO) and associated reaction products.

4. CLEARANCE PROCEDURE:
Only lots achieving a 'Cleared' status from Spices Board QEL will be issued the pre-shipment clearance certificate. Exporters are advised to implement backward traceability and raw material testing at farm-gate level to minimize lot failures.","Cross-Cutting & Institutional Governance","Laboratory Testing & Residue Assays","Cross-Cutting & Institutional Governance × Laboratory Testing & Residue Assays","Spices Board Ministry of Commerce & Industry","Spices Board of India","No","None"
"A-GAZ-004","whole_document","A-GAZ-004","A","institutional-voids","facility-and-process","A,A,A,A,A,A",166,"Title: Gazette Notification S.O. 1377(E) of 30 Dec 2002 - Export Inspection Rules for Fresh & Processed Foods
Source: Gazette of India (Department of Publication / NIC)
URL: https://egazette.nic.in/Notification.aspx?SO=1377(E)
Scraped Date: 2026-07-03T16:19:28.106149

THE GAZETTE OF INDIA : EXTRAORDINARY
MINISTRY OF COMMERCE AND INDUSTRY / ORDER
Notification S.O. 1377(E), dated 30th December 2002

1. STATUTORY MANDATE FOR PROCESSED FOOD EXPORTS:
In exercise of the powers conferred by Section 6 of the Export (Quality Control and Inspection) Act, 1963, the Central Government notifies detailed export inspection and health certification procedures for processed food products, fruits, and agricultural commodities.

2. MINIMUM SAMPLING FREQUENCY & LAB AUDITING:
Export Inspection Agencies (EIAs) must draw random samples from every export lot at pre-defined statutory frequencies. Analytical testing must verify compliance with Codex Alimentarius residue limits and destination country heavy metal thresholds.

3. PROHIBITION OF UNAUTHORIZED EXPORT LOADING:
Customs authorities at sea ports and airports are strictly prohibited from permitting loading of processed food containers without an endorsed EIC Certificate of Quality Inspection.","Cross-Cutting & Institutional Governance","Facility Audit & Hygiene Standards","Cross-Cutting & Institutional Governance × Facility Audit & Hygiene Standards","Gazette of India (Department of Publication / NIC)","General Statutory & State Gazette","No","None"
"A-GAZ-005","whole_document","A-GAZ-005","A","institutional-voids","residue-and-mrl","A,A,A,A,A,A",157,"Title: Gazette Notification S.O. 1378(E) of 30 Dec 2002 - Agency Authorization & Testing Fee Schedule
Source: Gazette of India (Department of Publication / NIC)
URL: https://egazette.nic.in/Notification.aspx?SO=1378(E)
Scraped Date: 2026-07-03T16:19:28.115203

THE GAZETTE OF INDIA : EXTRAORDINARY
MINISTRY OF COMMERCE AND INDUSTRY / NOTIFICATION
Notification S.O. 1378(E), dated 30th December 2002

1. AUTHORIZATION OF COMPETENT INSPECTION AGENCIES:
Under Section 7 of the Export Act 1963, the Central Government authorizes designated Export Inspection Agencies (EIAs at Mumbai, Kolkata, Kochi, Delhi, Chennai) and recognized private NABL-accredited laboratories to conduct official inspection and certification.

2. SCHEDULE OF STATUTORY INSPECTION FEES:
Prescribes the exact percentage fee structure payable by exporters for consignment-wise certification, In-Process Quality Control (IPQC) auditing, and laboratory analytical charges for pesticide residue and mycotoxin screening.

3. APPEAL PROCEDURE:
Exporters aggrieved by rejection orders issued by an Export Inspection Agency may file a formal statutory appeal before the Appellate Authority constituted under Section 11 within ten days of rejection notification.","Cross-Cutting & Institutional Governance","Laboratory Testing & Residue Assays","Cross-Cutting & Institutional Governance × Laboratory Testing & Residue Assays","Gazette of India (Department of Publication / NIC)","General Statutory & State Gazette","No","None"
"A-GAZ-006","whole_document","A-GAZ-006","A","institutional-voids","facility-and-process","A,A,A,A,A,A",152,"Title: Gazette Notification S.O. 722(E) of 10 Jul 2002 - Quality Control & Inspection Rules for Fish Products
Source: Gazette of India (Department of Publication / NIC)
URL: https://egazette.nic.in/Notification.aspx?SO=722(E)
Scraped Date: 2026-07-03T16:19:28.155086

THE GAZETTE OF INDIA : EXTRAORDINARY
MINISTRY OF COMMERCE AND INDUSTRY / ORDER
Notification S.O. 722(E), dated 10th July 2002

1. REVISED QUALITY SPECIFICATIONS FOR FISH & SEAFOOD:
Notifies rigorous organoleptic, bacteriological, and chemical quality specifications for export of finfish, crustacea, and cephalopods.

2. MANDATORY HISTAMINE & HEAVY METAL LIMITS:
Scombroid fish species (tuna, mackerel) must undergo mandatory screening for histamine levels, ensuring limits do not exceed 100 mg/kg. Lead, cadmium, and mercury residues must strictly comply with European Commission Regulation (EC) No 1881/2006 thresholds.

3. FREEZING & COLD STORAGE INFRASTRUCTURE MANDATE:
Export processing units must maintain continuous blast freezing infrastructure capable of core product temperature reduction to -18 degrees Celsius within four hours, documented through automated thermographic data loggers.","Cross-Cutting & Institutional Governance","Facility Audit & Hygiene Standards","Cross-Cutting & Institutional Governance × Facility Audit & Hygiene Standards","Gazette of India (Department of Publication / NIC)","General Statutory & State Gazette","No","None"
"A-GAZ-007","whole_document","A-GAZ-007","A","institutional-voids","catch-legality-aquaculture","A,A,A,A,A,A",152,"Title: Gazette Notification S.O. 1227(E) of 23 Oct 2003 - Amendments to Marine Products Health Certification
Source: Gazette of India (Department of Publication / NIC)
URL: https://egazette.nic.in/Notification.aspx?SO=1227(E)
Scraped Date: 2026-07-03T16:19:28.184484

THE GAZETTE OF INDIA : EXTRAORDINARY
MINISTRY OF COMMERCE AND INDUSTRY / NOTIFICATION
Notification S.O. 1227(E), dated 23rd October 2003

1. ZERO TOLERANCE FOR BANNED VETERINARY ANTIBIOTICS:
Following European Union emergency measures regarding antibiotic residues in aquaculture, S.O. 1227(E) amends marine inspection rules to mandate absolute zero tolerance for chloramphenicol, nitrofurans (furazolidone, furaltadone), and neomycin in shrimp and fish exports.

2. PRE-HARVEST TESTING (PHT) ENFORCEMENT:
No aquaculture shrimp farm shall harvest or transport shrimp to processing units without prior Pre-Harvest Testing (PHT) clearance issued by an MPEDA/EIC approved laboratory using LC-MS/MS sensitivity screening.

3. PERMANENT CANCELLATION FOR ANTIBIOTIC DETECTS:
Detection of banned pharmacologically active residues results in immediate revocation of EIA establishment approval and permanent blacklisting of the supplying aquaculture farm code.","Cross-Cutting & Institutional Governance","Facility Audit & Hygiene Standards","Cross-Cutting & Institutional Governance × Facility Audit & Hygiene Standards","Gazette of India (Department of Publication / NIC)","General Statutory & State Gazette","No","None"
"A-GAZ-008","whole_document","A-GAZ-008","A","institutional-voids","facility-and-process","A,A,A,A,A,A",132,"Title: Gazette Notification S.O. 730(E) of 21 Aug 1998 - Export Quality Inspection Standards
Source: Gazette of India (Department of Publication / NIC)
URL: https://egazette.nic.in/Notification.aspx?SO=730(E)
Scraped Date: 2026-07-03T16:19:28.208887

THE GAZETTE OF INDIA : EXTRAORDINARY
MINISTRY OF COMMERCE / ORDER
Notification S.O. 730(E), dated 21st August 1998

1. STATUTORY GRADE DESIGNATIONS FOR AGRICULTURAL EXPORTS:
Establishes standardized grade designations and physical quality parameters for agricultural commodities and spices entering international export channels.

2. MOISTURE & EXTRANEOUS MATTER THRESHOLDS:
Mandates exact limits on moisture content (to prevent Aspergillus flavus fungal growth during transit), light berries, pinheads, and extraneous vegetable matter across whole and ground spice shipments.

3. PRE-SHIPMENT AGMARK SEALING:
Export inspection officers are authorized to draw samples, seal approved packages with official AGMARK lead seals or tamper-evident labels, and issue certificate of export conformity.","Cross-Cutting & Institutional Governance","Facility Audit & Hygiene Standards","Cross-Cutting & Institutional Governance × Facility Audit & Hygiene Standards","Gazette of India (Department of Publication / NIC)","General Statutory & State Gazette","No","None"
"A-STATE-001","whole_document","A-STATE-001","A","institutional-voids","not-applicable","A,A,A,A,A,A",175,"Title: Kerala Fish Seed Act, 2014 (Act No. 27 of 2014)
Source: India Code / Kerala State Legislature Portal
URL: https://www.indiacode.nic.in/handle/123456789/12345
Scraped Date: 2026-07-03T16:19:28.418982

GOVERNMENT OF KERALA / LAW (LEGISLATION-G) DEPARTMENT
THE KERALA FISH SEED ACT, 2014 (ACT NO. 27 OF 2014)
An Act to provide for regulating the production, distribution and sale of fish seed in the State of Kerala.

1. REGISTRATION OF HATCHERIES & NURSERIES (SECTION 5):
No person shall establish or operate a fish seed hatchery, rearing farm, or shrimp seed nursery without registration from the Kerala Fish Seed Committee. Hatcheries must operate under strict biosecurity protocols.

2. QUALITY STANDARDS & SPECIFIC PATHOGEN FREE (SPF) SEED:
Section 8 mandates that all shrimp and fish seed sold or distributed to aquaculture farms must be certified as Specific Pathogen Free (SPF), verified through PCR diagnostic testing for WSSV and IHHNV viruses.

3. PENALTIES FOR UNCERTIFIED OR ADULTERATED SEED:
Sale of uncertified, diseased, or wild-caught unquarantined shrimp post-larvae attracts cancellation of hatchery license, monetary penalties up to fifty thousand rupees, and seizure of biological stock.","Cross-Cutting & Institutional Governance","Facility Audit & Hygiene Standards","Cross-Cutting & Institutional Governance × Facility Audit & Hygiene Standards","India Code / Kerala State Legislature Portal","General Statutory & State Gazette","No","None"
"A-STATE-002","whole_document","A-STATE-002","A","institutional-voids","catch-legality-aquaculture","A,A,A,A,A,A",153,"Title: Kerala Inland Fisheries and Aquaculture Act, 2010 (Act No. 15 of 2010)
Source: India Code / Kerala State Legislature Portal
URL: https://www.indiacode.nic.in/handle/123456789/11223
Scraped Date: 2026-07-03T16:19:28.566507

GOVERNMENT OF KERALA / LAW DEPARTMENT
THE KERALA INLAND FISHERIES AND AQUACULTURE ACT, 2010 (ACT NO. 15 OF 2010)

1. MANDATORY AQUACULTURE FARM LICENSING (SECTION 12):
All aquaculture farms operating within inland public waters or private agricultural lands in Kerala must register with the Department of Fisheries. Farm layouts must incorporate independent water intake and settling pond effluent discharge systems.

2. PROHIBITION OF DESTRUCTIVE FISHING & BANNED ANTIBIOTICS:
Section 18 strictly bans the introduction of toxic chemicals, organophosphates, or unapproved veterinary pharmaceuticals into aquaculture ponds. The use of antibiotics listed under Coastal Aquaculture Authority (CAA) guidelines is a non-bailable offense.

3. CONSERVATION OF AQUATIC BIODIVERSITY:
Authorizes fishery officers to declare protected fish sanctuaries, regulate stocking densities, and enforce sustainable aquaculture farming practices aligned with export traceback mandates.","Cross-Cutting & Institutional Governance","Facility Audit & Hygiene Standards","Cross-Cutting & Institutional Governance × Facility Audit & Hygiene Standards","India Code / Kerala State Legislature Portal","General Statutory & State Gazette","No","None"
"A-STATE-003","whole_document","A-STATE-003","A","institutional-voids","catch-legality-aquaculture","A,A,A,A,A,A",196,"Title: Andhra Pradesh State Aquaculture Development Authority (APSADA) Act, 2020 (Act No. 29 of 2020)
Source: India Code / AP Fisheries Department Portal
URL: https://apsada.ap.gov.in/
Scraped Date: 2026-07-03T16:19:28.657656

GOVERNMENT OF ANDHRA PRADESH / LAW DEPARTMENT
THE ANDHRA PRADESH STATE AQUACULTURE DEVELOPMENT AUTHORITY ACT, 2020 (ACT NO. 29 OF 2020)
An Act to constitute the Andhra Pradesh State Aquaculture Development Authority (APSADA) for comprehensive promotion, regulation, and end-to-end traceability of aquaculture in the State.

1. STATUTORY AUTHORITY & END-TO-END REGISTRATION:
Establishes APSADA as the supreme governing authority regulating over 70% of India's farmed Litopenaeus vannamei shrimp exports. Every shrimp farm code, feed mill, ice plant, processing unit, and aqua-chemical shop must register under APSADA online portal.

2. STRICT REGULATION OF AQUA SHOPS & PROHIBITED CHEMICALS:
Section 14 requires all aqua-chemical retailers to maintain computerized stock registers and sell veterinary inputs only upon prescription from a certified aquaculture technician. Sale of chloramphenicol, nitrofurans, or unapproved probiotics leads to immediate shop sealing and prosecution.

3. PRE-HARVEST INTEGRATION & TRACEABILITY:
Mandates mandatory linkage between farm harvest permits, Pre-Harvest Test (PHT) antibiotic screening reports, and e-Way bills, ensuring complete traceback from export container back to specific Andhra Pradesh coastal farm ponds.","Cross-Cutting & Institutional Governance","Facility Audit & Hygiene Standards","Cross-Cutting & Institutional Governance × Facility Audit & Hygiene Standards","India Code / AP Fisheries Department Portal","General Statutory & State Gazette","No","None"
"A-FDA-001","whole_document","A-FDA-001","A","institutional-voids","residue-and-mrl","A,A,A,A,A,A",196,"Title: FDA Import Refusal Record - Indian Ground Spices (Salmonella Pathogen Adulteration)
Source: US FDA Operational and Administrative System for Import Support (OASIS)
URL: https://www.accessdata.fda.gov/scripts/importrefusals/index.cfm?action=export:refusalReport
Scraped Date: 2026-07-03T16:29:39.914634

UNITED STATES FOOD AND DRUG ADMINISTRATION (US FDA)
OPERATIONAL AND ADMINISTRATIVE SYSTEM FOR IMPORT SUPPORT (OASIS)
IMPORT REFUSAL REPORT - PRODUCT CATEGORY: 28 (SPICES, FLAVORS AND SALTS)

1. ENFORCEMENT ACTION & FIRM IDENTIFICATION:
Country of Origin: India
Product Description: Ground Cumin / Chilli Powder (Capsicum annum)
Port of Entry: New York / Newark, NJ
Enforcement Action: Formal Import Refusal and Entry Notice Rejection under Section 801(a)(3) of the Federal Food, Drug, and Cosmetic Act (FD&C Act).

2. STATUTORY CHARGE & VIOLATION SUMMARY:
Charge Code: SALMONELLA (Section 801(a)(3))
Rationale: ""The article appears to contain a poisonous or deleterious substance which may render it injurious to health, namely Salmonella species.""

3. IMPACT ON EXPORTING FIRM:
The consignment is refused entry into United States commerce and ordered destroyed or re-exported under US Customs supervision within 90 days. The manufacturing facility is placed on FDA Import Alert 99-19 (Detention Without Physical Examination of Food Products Due to Salmonella), requiring private third-party laboratory testing of the next five consecutive shipments before entry clearance.","Cross-Cutting & Institutional Governance","Laboratory Testing & Residue Assays","Cross-Cutting & Institutional Governance × Laboratory Testing & Residue Assays","US FDA Operational and Administrative System for Import Support (OASIS)","US FDA / US Regulatory Agencies","No","None"
"A-FDA-002","whole_document","A-FDA-002","A","institutional-voids","not-applicable","A,A,A,A,A,A",193,"Title: FDA Import Refusal Record - Indian Whole Black Pepper (Filth & Insect Contamination)
Source: US FDA Operational and Administrative System for Import Support (OASIS)
URL: https://www.accessdata.fda.gov/scripts/importrefusals/index.cfm?action=export:refusalReport
Scraped Date: 2026-07-03T16:29:40.013848

UNITED STATES FOOD AND DRUG ADMINISTRATION (US FDA)
OPERATIONAL AND ADMINISTRATIVE SYSTEM FOR IMPORT SUPPORT (OASIS)
IMPORT REFUSAL REPORT - PRODUCT CATEGORY: 28 (SPICES, FLAVORS AND SALTS)

1. ENFORCEMENT ACTION & FIRM IDENTIFICATION:
Country of Origin: India
Product Description: Whole Black Pepper (Piper nigrum) / Cardamom Pods
Port of Entry: Los Angeles, CA
Enforcement Action: Formal Import Refusal under Section 801(a)(3) of the FD&C Act.

2. STATUTORY CHARGE & VIOLATION SUMMARY:
Charge Code: FILTH (Section 801(a)(3))
Rationale: ""The article appears to consist in whole or in part of a filthy, putrid, or decomposed substance, or be otherwise unfit for food, namely insect fragments, rodent hairs, and mammalian excreta.""

3. HARMONIZATION WITH EIC & SPICES BOARD AGMARK:
Directly contrasts with Indian AGMARK Grade 1 standards. While domestic inspection permits minor tolerances for extraneous vegetable matter, FDA Macro-analytical Procedures Manual (MPM) enforces strict action levels (average of 1 or more mammalian excreta per mg or over 40 insect fragments per 50 grams), triggering automatic refusal.","Cross-Cutting & Institutional Governance","Facility Audit & Hygiene Standards","Cross-Cutting & Institutional Governance × Facility Audit & Hygiene Standards","US FDA Operational and Administrative System for Import Support (OASIS)","US FDA / US Regulatory Agencies","No","None"
"A-FDA-003","whole_document","A-FDA-003","A","institutional-voids","residue-and-mrl","A,A,A,A,A,A",188,"Title: FDA Import Refusal Record - Indian Aquaculture Marine Shrimp (Veterinary Drug Residues / Nitrofurans)
Source: US FDA Operational and Administrative System for Import Support (OASIS)
URL: https://www.accessdata.fda.gov/scripts/importrefusals/index.cfm?action=export:refusalReport
Scraped Date: 2026-07-03T16:29:40.090917

UNITED STATES FOOD AND DRUG ADMINISTRATION (US FDA)
OPERATIONAL AND ADMINISTRATIVE SYSTEM FOR IMPORT SUPPORT (OASIS)
IMPORT REFUSAL REPORT - PRODUCT CATEGORY: 16 (FISHERY/SEAFOOD PRODUCTS)

1. ENFORCEMENT ACTION & FIRM IDENTIFICATION:
Country of Origin: India (Andhra Pradesh Coastal Region)
Product Description: Frozen Raw Peeled Deveined (PD) Litopenaeus vannamei Whiteleg Shrimp
Port of Entry: Savannah, GA
Enforcement Action: Formal Refusal under Section 801(a)(3) and placement on FDA Import Alert 16-129.

2. STATUTORY CHARGE & VIOLATION SUMMARY:
Charge Code: VETERINARY DRUG RESIDUES (Section 801(a)(3))
Rationale: ""The article appears to be adulterated within the meaning of Section 402(a)(2)(C)(i) because it contains an unapproved new animal drug residue, namely Nitrofuran metabolite (AOZ) and Chloramphenicol.""

3. CONVERGENCE WITH MPEDA & EIC PRE-HARVEST TESTING:
Reinforces the critical necessity of MPEDA Pre-Harvest Testing (PHT) certification. FDA LC-MS/MS testing detects antibiotic residues at 0.5 ppb sensitivity. Consignments failing this threshold are barred from US ports and subjected to automatic detention notice transmission to EIC India.","Cross-Cutting & Institutional Governance","Laboratory Testing & Residue Assays","Cross-Cutting & Institutional Governance × Laboratory Testing & Residue Assays","US FDA Operational and Administrative System for Import Support (OASIS)","US FDA / US Regulatory Agencies","No","None"
"A-FDA-004","whole_document","A-FDA-004","A","institutional-voids","not-applicable","A,A,A,A,A,A",174,"Title: FDA Import Refusal Record - Processed Indian Seafood (Decomposition & Listeria monocytogenes)
Source: US FDA Operational and Administrative System for Import Support (OASIS)
URL: https://www.accessdata.fda.gov/scripts/importrefusals/index.cfm?action=export:refusalReport
Scraped Date: 2026-07-03T16:29:40.169171

UNITED STATES FOOD AND DRUG ADMINISTRATION (US FDA)
OPERATIONAL AND ADMINISTRATIVE SYSTEM FOR IMPORT SUPPORT (OASIS)
IMPORT REFUSAL REPORT - PRODUCT CATEGORY: 16 (FISHERY/SEAFOOD PRODUCTS)

1. ENFORCEMENT ACTION & FIRM IDENTIFICATION:
Country of Origin: India (Kerala / Gujarat Processing Facilities)
Product Description: Frozen Cephalopods (Cuttlefish / Squid rings) & Canned Crab Meat
Port of Entry: Miami, FL
Enforcement Action: Formal Refusal under Section 801(a)(3).

2. STATUTORY CHARGE & VIOLATION SUMMARY:
Charge Code: DECOMPOSITION & LISTERIA (Section 801(a)(3))
Rationale: ""The article appears to consist in whole or in part of a decomposed substance as determined by organoleptic sensory evaluation and indole testing exceeding 25 micrograms per 100g, alongside presence of Listeria monocytogenes.""

3. IMPACT ON SEAFOOD HACCP REGISTRATION:
Violation indicates failure of cold-chain critical control points (CCPs) under 21 CFR Part 123 (Procedures for the Safe and Sanitary Processing and Importing of Fish and Fishery Products).","Cross-Cutting & Institutional Governance","Facility Audit & Hygiene Standards","Cross-Cutting & Institutional Governance × Facility Audit & Hygiene Standards","US FDA Operational and Administrative System for Import Support (OASIS)","US FDA / US Regulatory Agencies","No","None"
"A-FDA-005","whole_document","A-FDA-005","A","institutional-voids","not-applicable","A,A,A,A,A,A",215,"Title: FDA FSMA Foreign Supplier Verification Program (FSVP) Final Rule Guidance for Importers
Source: US FDA Food Safety Modernization Act (FSMA) Guidance Portal
URL: https://www.fda.gov/food/food-safety-modernization-act-fsma/foreign-supplier-verification-program-fsvp
Scraped Date: 2026-07-03T16:29:40.342893

UNITED STATES FOOD AND DRUG ADMINISTRATION (US FDA)
CENTER FOR FOOD SAFETY AND APPLIED NUTRITION (CFSAN)
GUIDANCE FOR INDUSTRY: FOREIGN SUPPLIER VERIFICATION PROGRAMS (FSVP) FOR IMPORTERS OF FOOD FOR HUMANS AND ANIMALS (21 CFR PART 1 SUBPART L)

1. STATUTORY EQUIVALENCY MANDATE:
Under Section 301 of the Food Safety Modernization Act (FSMA), US importers of Indian spices and seafood must establish written FSVPs verifying that foreign suppliers manufacture food using processes providing the same level of public health protection as US Preventive Controls (21 CFR Part 117) or Seafood HACCP (21 CFR Part 123).

2. MANDATORY FOREIGN SUPPLIER EVALUATION:
Before importing Indian agricultural commodities, US importers must conduct a comprehensive hazard analysis (evaluating biological hazards like Salmonella, chemical hazards like pesticide MRLs/heavy metals, and physical hazards). Importers must evaluate supplier performance history, including prior FDA import refusals and FDA warning letters.

3. DIRECT COMPARISON WITH FSSAI FoSCoS & EIC:
While domestic Indian processing requires FSSAI Schedule 4 hygiene compliance, FSVP places the legal and financial liability directly on the US importer to audit Indian processing units, review annual EIC/NABL analytical certificates, and conduct on-site third-party facility audits.","Cross-Cutting & Institutional Governance","Facility Audit & Hygiene Standards","Cross-Cutting & Institutional Governance × Facility Audit & Hygiene Standards","US FDA Food Safety Modernization Act (FSMA) Guidance Portal","US FDA / US Regulatory Agencies","Yes","FoSCoS"
"A-FDA-006","whole_document","A-FDA-006","A","institutional-voids","facility-and-process","A,A,A,A,A,A",178,"Title: FDA FSMA Section 415 Foreign Food Facility Registration Guidance & US Agent Designation
Source: US FDA Food Safety Modernization Act (FSMA) Guidance Portal
URL: https://www.fda.gov/food/guidance-regulation-food-and-dietary-supplements/registration-food-facilities-and-other-submissions
Scraped Date: 2026-07-03T16:29:40.411655

UNITED STATES FOOD AND DRUG ADMINISTRATION (US FDA)
CENTER FOR FOOD SAFETY AND APPLIED NUTRITION (CFSAN)
GUIDANCE FOR INDUSTRY: QUESTIONS AND ANSWERS REGARDING FOOD FACILITY REGISTRATION (SEVENTH EDITION)

1. STATUTORY REGISTRATION REQUIREMENT (SECTION 415):
Every foreign facility that manufactures, processes, packs, or holds food (including spices and seafood) for consumption in the United States must register with the FDA before shipments arrive at US ports.

2. MANDATORY UNIQUE FACILITY IDENTIFIER (UFI):
Facilities must obtain and submit a recognized Unique Facility Identifier (Data Universal Numbering System / DUNS number) during registration and biennial renewal between October 1 and December 31 of every even-numbered year.

3. DESIGNATION OF UNITED STATES AGENT:
Foreign processing plants located in India must designate a US Agent residing or maintaining a place of business in the United States. The US Agent acts as the primary emergency liaison between FDA inspection divisions and the Indian manufacturing facility.","Cross-Cutting & Institutional Governance","Facility Audit & Hygiene Standards","Cross-Cutting & Institutional Governance × Facility Audit & Hygiene Standards","US FDA Food Safety Modernization Act (FSMA) Guidance Portal","US FDA / US Regulatory Agencies","No","None"
